<?xml version="1.0" encoding="UTF-8"?>
<informacion_nutricional>
    <plato>
        <nombre>Gofres Belgas</nombre>
        <precio>5.95</precio>
        <descripcion>Dos de nuestros famosos gofres belgas con abundante sirope</descripcion>
        <calorias>650</calorias>
    </plato>
    <plato>
        <nombre>Gofres Belgas con Fresas</nombre>
        <precio>7.95</precio>
        <descripcion>Ligeros gofres belgas cubiertos de fresas y nata montada</descripcion>
        <calorias>900</calorias>
    </plato>
    <plato>
        <nombre>Gofres Belgas con Fresas</nombre>
        <precio>8.95</precio>
        <descripcion>Ligeros gofres belgas cubiertos de frutas del bosque y nata montada</descripcion>
        <calorias>900</calorias>
    </plato>
    <plato>
        <nombre>Tostada Francesa</nombre>
        <precio>4.50</precio>
        <descripcion> Dos gruesas rebanadas de nuestro pan francés casero</descripcion>
        <calorias>600</calorias>
    </plato>
    <plato>
        <nombre>Desayuno de la casa</nombre>
        <precio>6.95</precio>
        <descripcion> Dos huevos, bacon o salchicha, tostada y patatas fritas </descripcion>
        <calorias>950</calorias>
    </plato>
</informacion_nutricional>   