<?xml version="1.0" encoding="UTF-8"?>
<CDs_en_oferta>
    <cd>
        <titulo>Still got the blues</titulo>
        <artista>Gary Team</artista>
        <pais>UK</pais>
        <discografica>virgin records</discografica>
        <precio>10.20</precio>
        <año_publicacion>1990</año_publicacion>
    </cd>

    <cd>
        <titulo>One night only</titulo>
        <artista>Bee Gees</artista>
        <pais>UK</pais>
        <discografica>Polydor</discografica>
        <precio>10.90</precio>
        <año_publicacion>1998</año_publicacion>
    </cd>

    <cd>
        <titulo>When a man loves a woman</titulo>
        <artista>Percy Sledge</artista>
        <pais>USA</pais>
        <discografica>Atlantic</discografica>
        <precio>8.70</precio>
        <año_publicacion>1987</año_publicacion>
    </cd>

    <cd>
        <titulo>Big Willie Style</titulo>
        <artista>Will Smith</artista>
        <pais>USA</pais>
        <discografica>Columbia</discografica>
        <precio>9.90</precio>
        <año_publicacion>1987</año_publicacion>
    </cd>

    <cd>
        <titulo>La cancion de Juan Perro</titulo>
        <artista>Radio Futura</artista>
        <pais>España</pais>
        <discografica>Sony Music-Ariola</discografica>
        <precio>9.90</precio>
        <año_publicacion>1987</año_publicacion>
    </cd>

    <cd>
        <titulo>The dock of the bay </titulo>
        <artista>Otis Redding</artista>
        <pais>USA</pais>
        <discografica>Atlantic</discografica>
        <precio>7.90</precio>
        <año_publicacion>1987</año_publicacion>
    </cd>
    
</CDs_en_oferta>