horas_estudio_semana,videos_vistos,tests_realizados,dias_conectado_mes,interacciones_foro
10.743416466788712,44,36,7,4
8.227006400425829,61,20,15,5
6.044415641670827,82,24,5,6
9.57124335191815,28,5,6,9
8.983874664161617,59,28,13,3
2.2933415787625675,22,7,13,4
6.100827629977313,41,38,21,8
3.3484060114379637,28,16,19,3
4.624137860533074,9,7,28,4
6.774064643248757,18,20,12,7
1.8940308495116955,58,2,10,4
8.501525851440823,105,23,26,11
2.9925566847986698,59,37,29,5
1.792932153883779,7,34,22,6
4.321861361275705,80,5,15,6
1.0,51,11,26,4
3.9001567799763306,22,11,17,5
5.2857284552521495,25,19,7,7
9.2995422876628,85,26,16,11
10.497573255389618,108,17,12,12
7.319676616173572,105,34,24,6
11.137475896378259,86,34,5,4
8.314323414092936,46,34,23,9
1.0642891888573667,86,18,12,6
9.008969115687924,21,34,11,5
8.879685129319846,70,39,16,8
4.264962213000403,110,38,16,6
12.510170809022144,112,20,27,6
7.861352289232294,72,29,22,4
1.0,102,12,25,6
2.6650590103045877,88,25,26,4
9.33722206799039,29,26,23,6
10.559471021222132,53,6,29,13
4.762416443165394,110,26,29,5
8.710732917109368,81,9,13,6
8.422488109151494,110,10,9,3
7.390570641581234,96,6,12,8
7.613436309148945,32,20,15,10
5.996295949453558,25,8,18,13
7.626342329216155,87,34,24,7
11.83855044484621,100,31,10,8
6.646634498699854,93,37,12,6
5.120947966416288,42,38,26,16
10.793832354271462,75,33,5,10
5.235111604283705,91,16,13,4
1.9806328622150948,8,2,12,3
8.963852113889367,12,12,15,6
4.280240268732337,73,26,6,9
3.6238605936821515,52,34,24,5
7.026721267366859,117,1,28,5
6.759277964823625,35,13,25,6
6.545093993068693,36,8,13,4
11.016384743965363,56,34,17,1
3.080799901873601,34,6,22,5
2.5940635464912245,30,24,12,7
1.6411540824966453,72,33,24,3
1.2462942663199534,58,23,14,8
9.330892771327534,28,21,9,5
4.590764401020601,39,28,17,7
10.123884329757038,44,13,8,7
7.749037183346391,51,29,21,10
2.0135573620562237,93,33,19,6
4.94185680566308,78,15,23,6
7.707706595321826,70,3,5,8
4.425800719994816,57,21,5,4
3.85416071049211,55,7,7,4
4.007752852917257,111,14,24,10
11.204799824492566,58,26,13,5
7.261384810635752,13,23,8,9
6.230057937439537,105,6,29,1
9.459371709059997,62,23,26,12
3.2588358225414136,82,36,15,8
4.156772793123507,48,6,9,6
12.134892856709943,5,36,24,3
5.8024394029675905,25,2,13,2
1.0,81,34,29,4
5.148309910496685,82,8,21,5
10.977598993626255,89,27,19,6
1.0,26,29,6,8
9.441671417802318,67,31,12,9
7.783309110708817,57,1,29,3
6.708646271512838,75,32,22,4
4.848449008441231,110,37,20,7
6.459145707075148,99,33,27,6
4.173454667466329,7,38,19,7
5.222761448900094,45,27,17,4
11.391834883753152,17,37,6,4
5.9137718329870586,85,18,11,4
1.0,107,29,7,8
4.856004926750158,113,31,9,2
6.434034639609111,94,8,12,8
10.676964186816969,117,28,11,1
9.602441223020378,88,3,7,11
3.7437083338275343,119,28,10,3
9.884775132071137,43,29,12,8
5.564273778927173,63,35,12,4
6.802905917587949,24,22,25,13
6.706878589811172,34,37,7,5
3.960582392902274,37,34,13,8
8.11108493491762,8,28,23,8
6.185191639454137,90,6,15,4
9.513144498327353,114,19,18,4
3.237757775173251,63,20,22,3
13.512510502401938,105,7,9,4
3.209252694961659,80,25,16,9
2.5773500805961547,77,39,15,8
6.387399421700324,41,18,13,4
7.687680458777301,18,12,24,5
7.2539076486044545,106,1,18,5
3.5478716065645717,34,22,16,4
6.37876169375762,18,21,29,10
1.0,59,3,12,7
6.171990550479457,93,37,17,4
1.0,72,17,12,9
10.64621886463964,53,3,29,6
5.37319419588602,28,31,23,2
4.316810892550201,65,28,28,6
8.57898865302241,50,26,19,8
8.650265210391847,19,4,24,9
6.51010915648151,39,38,14,7
7.562770826890393,62,4,26,8
6.970429971378609,94,11,21,3
8.210342114649364,80,23,23,6
1.2348217259225525,119,34,27,6
3.2073719967006773,41,29,18,6
7.166238761993179,52,19,21,4
6.132634882897828,100,20,11,5
10.745860893731326,29,24,9,5
6.575414556310927,16,4,19,5
6.322414486349964,58,5,18,7
7.471148332757975,96,5,14,3
10.58036701515725,83,36,8,7
10.514085226347678,5,2,22,5
5.066617398432099,80,22,23,11
5.521361727466051,116,16,21,6
7.986668480360812,15,26,15,7
5.877685295869454,101,18,17,4
5.990192231614571,117,36,8,8
6.144310999445581,62,19,22,7
1.0,111,21,8,7
2.3993662399866227,114,23,26,4
2.644433717885711,59,21,13,4
4.736870673116574,91,26,29,5
4.574079238455322,11,31,9,8
10.726433574395973,51,17,20,4
4.5491816604246225,67,20,10,10
5.240058347464826,74,27,22,7
6.244601942711337,47,4,15,7
6.033073414214357,9,7,12,10
2.707030054477427,9,13,23,6
1.8642293544228155,91,3,28,3
7.097050414425735,87,21,6,5
9.508050751493428,86,2,9,9
10.29253435304932,110,16,9,5
3.204913547147653,31,32,12,7
6.4158534448741715,35,22,9,9
4.197860218444753,25,4,15,3
4.088190359563953,56,9,14,9
11.759910071507083,39,15,26,4
7.6050367455054,95,38,9,6
1.0,15,9,6,8
4.633307066104697,52,33,16,5
5.499443607056205,7,17,23,6
1.0,23,38,28,3
3.500813923394341,11,18,9,9
1.0,26,7,11,9
6.529852316900379,49,36,24,6
1.2063558946957977,83,28,13,6
9.473871383901717,85,15,16,2
11.363117465951143,35,31,13,3
4.391191564734848,55,14,9,5
9.062595285813703,103,22,16,2
6.358254770535821,101,14,29,9
5.964257722715331,56,18,9,6
4.82882486256049,60,38,27,12
4.622280867595386,115,12,27,6
9.489867837786349,28,38,15,4
4.8677601908557575,37,9,14,7
10.889943460923504,105,3,10,14
4.507305035600884,54,8,17,7
6.4187105342169986,30,11,20,5
9.74742407061419,90,3,14,2
6.243584717559191,88,24,25,4
5.220358987529835,30,11,17,9
7.065853768151531,118,5,12,5
9.928758461434722,114,38,24,2
9.854676079814872,38,23,5,5
2.117322167151089,56,24,8,6
2.7730441975101012,52,11,22,7
2.695676016645879,91,30,27,9
3.459080198604495,5,16,9,7
8.10930510612408,51,6,8,8
9.019208568583345,43,1,10,6
9.312967251939664,94,25,6,5
6.302450505330563,36,4,17,10
4.303440758125414,48,15,27,8
9.472474910300257,27,34,27,7
10.998978232022289,49,32,8,8
1.9711778435184302,8,12,6,3
6.215564092605509,39,7,25,5
8.127087127850332,119,26,21,3
3.025261578967673,93,12,27,4
8.903942989102614,20,16,24,8
6.829069714458149,26,36,12,6
8.230927782222054,15,4,7,2
5.14015743028004,103,34,27,8
1.0,31,2,20,8
8.451252785981046,119,38,18,12
4.053496849667309,114,36,27,5
6.981084247604001,83,16,28,7
8.121605000738784,92,17,23,7
9.07590580463052,77,4,23,5
6.14701336540423,90,13,23,11
4.535243426711539,50,15,14,4
7.155597869732302,105,10,16,6
1.0,29,29,7,6
10.516392375140214,5,32,27,5
9.49074690659388,71,31,10,7
5.071993233160624,84,5,7,6
6.630215301826052,19,36,20,9
1.0,102,27,10,8
3.310970345528111,23,35,17,6
5.379080882826074,114,5,18,7
7.062389755486224,102,32,29,5
9.168475701104262,43,12,24,6
9.491160390892151,70,32,15,2
5.623870821416808,94,22,28,6
5.9364923769322875,80,14,27,11
6.044349137444737,70,21,22,5
9.975812224704256,67,31,5,8
5.7004874577840745,72,9,21,5
4.168730241489511,41,12,29,4
5.6509353930807205,97,3,5,3
1.654149317037822,56,22,14,8
6.98825859677301,88,10,17,11
9.549614200545726,63,32,12,6
3.2170588239775286,71,7,25,7
5.945021121176929,58,24,12,6
6.468846872719729,78,39,29,4
7.735386906604262,37,37,11,4
7.392343070726522,14,6,12,4
4.59603995918398,12,14,23,9
1.0,37,31,6,4
1.0202885199983678,24,21,15,7
10.606327643380112,45,36,14,7
6.663725207250963,53,16,20,6
2.639210213341233,70,2,29,3
3.2197331021092657,54,5,22,0
4.823472841213363,78,17,20,6
8.044326893646753,56,6,12,6
8.897464588885946,83,23,22,3
9.314625876991386,17,6,26,5
8.560007688453657,37,18,7,6
6.635460138951967,97,23,10,5
4.356319334149855,34,29,16,8
5.257328378862296,99,39,25,9
2.717073121916477,95,37,10,8
6.642113563670467,21,4,12,2
7.4505892470309325,117,12,24,4
10.088818276575287,17,35,18,9
3.1104396888647,102,11,18,1
7.107734828120802,111,10,9,8
11.865000870470164,64,25,11,6
11.383400948727946,51,32,12,6
5.734718631485629,74,7,12,6
6.937946591019618,96,38,25,5
2.395268458232761,111,32,9,8
7.4910971357155605,34,34,13,1
6.720907017800446,112,1,22,5
3.8552194139995377,9,9,9,4
3.2670334752815697,40,14,20,6
1.5940552324513906,114,37,14,4
5.1386849021817085,75,5,28,12
5.725713668072713,6,7,14,5
7.829193450361987,65,27,11,9
6.324996478420961,10,9,22,4
8.630020869945625,84,22,18,5
3.20267694961625,87,20,28,5
5.776093156346773,82,34,21,6
1.0,61,2,26,11
6.488524314276929,57,29,9,5
6.73308129773439,71,4,5,9
8.460691553136025,35,3,6,9
4.346418584137146,96,24,23,9
3.8029932741848835,48,37,14,5
6.11109789318766,72,31,7,5
4.573731938160984,65,15,11,8
9.119637315255488,73,34,7,2
5.4095757894609875,91,19,5,8
8.221006616103837,65,35,25,6
10.47755733650457,17,37,20,3
7.648057207183526,56,6,8,7
8.662399918990733,23,36,7,5
10.352322290828468,114,18,7,5
5.889689107804341,74,13,16,7
7.754308995535325,26,22,6,6
11.388497478656983,45,38,15,7
5.232950143054124,15,36,21,4
4.8527216262867645,47,25,29,2
9.187526023660077,110,35,9,6
10.390288636357976,18,19,5,4
2.4647936274343554,100,16,22,3
6.940828916355314,44,38,7,5
5.632893076884928,91,18,19,6
6.517812960238248,58,36,17,3
4.343210298328877,75,14,8,3
7.829202573226005,99,27,8,4
11.28325619718857,28,10,21,5
8.331407846176665,62,8,15,2
5.05180768615197,70,5,25,4
5.806304347612201,92,31,16,5
1.0,58,8,18,11
7.165933765940946,89,6,16,8
5.141151530261078,32,29,29,5
5.587613671030466,98,28,18,4
7.226822823012791,92,6,10,4
5.1245479145244595,75,6,10,5
4.196621614787079,106,31,9,5
9.567227334361728,74,7,6,11
8.306561889901804,30,35,21,13
1.1426127326959952,52,10,24,3
4.033818620840357,78,9,16,7
10.861449610322323,31,22,8,5
8.29520859126844,46,22,7,8
5.361172508304389,19,14,16,4
7.435573752663032,44,13,27,5
4.605986725169656,63,29,13,5
6.866466327739545,68,28,19,7
6.609685621606314,25,31,16,3
4.2499676456877005,68,10,29,12
2.5736767198448547,18,2,18,3
6.980975828143342,71,16,23,4
3.656168107762266,5,3,21,5
10.2248282268284,31,29,10,4
6.813750971474726,29,5,22,5
3.928840709088527,91,38,21,8
7.6861840560883525,42,12,11,6
6.049809740003357,9,14,5,9
9.520314890831319,40,34,11,6
4.243653624520109,80,16,21,4
6.037384801072982,47,11,11,5
5.628733248077342,74,1,22,1
6.649364661051564,30,19,13,10
4.368254648246438,82,38,19,11
8.46872719891929,85,27,25,6
8.508597384650015,76,29,25,4
7.474597252045486,82,35,29,8
7.985599969890263,87,35,18,8
4.757458342263792,17,30,5,4
5.538542625133351,36,4,23,3
4.348469934882241,48,19,11,7
3.1574932033722223,68,36,27,7
6.592604786946792,72,28,26,5
2.1944615390919218,26,14,10,5
9.066662222717925,88,34,26,3
5.216995409277151,47,21,16,1
5.304734686199268,32,17,7,7
4.647070635376796,37,15,18,6
1.7270892352654181,36,3,20,4
5.51381111931297,95,8,15,3
2.1252788258009283,59,19,19,2
9.113572117501944,117,24,12,4
3.926853698345599,59,15,24,6
7.164621213364388,14,16,21,1
6.412842484608165,66,3,28,5
3.7234271241039005,89,8,24,6
5.823622603899738,7,15,22,5
4.084872390431146,51,4,16,5
13.161240649356793,97,26,11,4
11.744048892449253,88,27,29,6
5.081448867680986,89,2,7,2
5.926402104779068,8,22,16,4
9.955288128960031,108,32,21,5
9.623000915713911,58,39,17,13
7.74639395938427,72,32,24,7
3.8376135629935266,100,1,9,7
4.716100474291457,116,4,28,3
7.350618198832092,13,18,16,7
4.6427888025506086,43,31,6,9
6.480345039146507,90,28,24,8
5.857796435129158,106,17,28,7
2.8253754599728436,89,25,23,5
7.389496915158409,102,27,25,7
2.104386118411968,112,28,5,9
6.580036259728574,42,5,13,2
12.751449696426382,14,5,15,6
9.165669722451232,102,5,12,4
7.249950054153677,46,35,7,4
5.688910204792593,56,14,20,9
7.100696882672128,9,38,7,10
5.170145169982641,116,21,13,6
9.04301540919197,27,4,22,10
4.040273583823241,53,36,23,7
3.124630379289251,63,11,6,5
6.578293434746428,36,9,21,3
1.0,105,7,19,6
6.236643242197733,46,17,28,2
2.331210038226981,5,29,11,8
4.369868743189315,78,18,12,6
7.32603007083455,78,3,20,3
8.930160095669065,12,23,17,10
7.971214392258668,26,21,28,4
3.617765195487293,100,16,6,6
7.09807324788129,67,19,6,6
7.4043002370787345,92,31,9,9
4.7077192352349035,114,25,7,4
7.429351842137912,86,7,13,4
6.557126339459565,103,39,9,5
9.392489908344224,45,13,5,5
1.0,35,33,10,4
7.465127564245973,101,26,5,9
7.352060738625491,101,27,28,6
9.974200412561379,93,12,9,7
6.839543051096776,38,16,22,6
5.313745141869026,90,20,8,5
7.2559594092983115,14,18,9,6
7.407980312635935,103,11,6,6
5.8134518080266835,78,6,13,7
9.587475245846266,33,37,16,7
7.957163476241305,86,21,20,4
9.916213355097263,103,1,26,5
5.459672297587807,91,28,23,7
5.575975414935532,79,35,7,4
3.6595558728848125,53,25,10,7
3.5868538857551506,5,30,21,2
9.888661154764279,30,10,24,5
7.046723301563295,85,33,5,10
4.419064198434623,105,22,21,4
3.737856918139042,8,15,24,6
4.530896058207795,49,1,18,10
4.435962394626211,38,4,19,4
2.445986764268505,71,31,23,8
5.5548598528604725,79,22,7,6
3.7309498508487406,21,7,11,6
11.746884826287754,18,11,18,7
7.93592070388193,117,12,17,9
3.4575071998377123,9,32,26,8
3.0329027875539634,61,29,8,4
5.759842797109519,69,37,12,5
6.065838834268166,115,24,28,5
10.256119297972015,105,10,6,3
8.538169581379794,107,1,18,4
8.952526853785235,107,21,23,3
2.977079557551576,113,23,8,5
4.541579078107059,54,24,22,6
7.865894756920202,82,38,26,6
2.4097484060422953,9,9,28,4
5.536716826750341,6,17,7,14
7.250939956824262,96,30,18,7
7.3005566588564905,15,20,25,9
5.782611078495848,26,20,27,1
5.225526767416812,21,28,22,5
6.652027447229753,50,23,6,6
1.0,75,1,25,4
7.465298602763555,24,10,5,9
3.8384502882934934,40,32,18,6
2.835757305540128,60,15,12,6
1.1569039651901019,75,31,26,5
3.1478720456798954,80,5,17,6
1.5459775124300048,24,1,13,6
8.650731645489998,110,18,27,9
3.0864811698634083,80,35,25,7
5.904821114796871,63,3,27,3
6.3957781817090495,86,26,14,5
7.782598111103574,119,1,27,4
5.887184268391034,35,8,13,4
10.239817819717299,81,3,14,6
7.209653628883578,76,24,9,2
3.4898299608710928,74,28,23,2
6.086319589332081,65,10,11,2
1.1408274075267837,110,7,29,6
1.6040362009440807,110,8,28,6
3.2621327334826575,12,25,15,4
9.691233992177857,20,1,26,10
8.07394303871519,57,30,20,6
5.423113152923996,105,3,16,6
5.960645676765138,36,3,9,5
8.981326551404244,96,39,19,5
7.655031119758784,119,10,20,7
1.0,17,23,10,8
7.949650938305803,72,14,19,8
2.856661777632856,116,22,26,5
6.748411511790648,48,1,15,4
3.117620117525296,50,34,11,4
6.229751516137766,53,37,23,8
6.747315681977861,83,39,12,5
6.533361504072835,78,30,9,11
9.97874709134346,66,20,15,6
10.026259633283825,34,5,12,3
6.739774460368955,90,34,6,10
8.33460869540182,83,25,8,13
8.469993655365561,6,1,6,6
9.507953474252062,77,26,28,7
8.446394635295931,18,19,20,7
9.078843259272348,82,17,29,6
4.208041899761078,108,28,6,6
2.9950106746477854,87,7,21,5
1.0,53,35,15,5
1.720937030645894,33,27,8,4
9.19649891829126,54,35,28,4
11.254249246389985,66,26,12,6
4.273283038309263,115,28,18,8
7.112936949740004,16,13,13,5
5.1014399773774715,35,1,16,7
10.44317840972639,106,4,20,8
8.97071406565828,32,12,17,7
5.666254682757068,95,6,26,5
11.321650618094477,23,25,5,4
6.012094670194105,6,39,13,6
4.65701478529576,42,21,29,7
1.0,60,36,12,13
5.269208798267875,18,28,8,8
6.93067861924525,26,2,11,4
3.981181529202373,41,15,10,4
4.918474178105445,69,26,17,3
4.626053459844613,58,11,12,3
7.101553558054134,107,28,25,10
2.650211478705771,8,32,17,6
9.13386772424864,99,21,8,5
11.440633744434706,19,1,24,8
3.277450096575785,77,37,19,5
3.850318182356048,67,24,28,4
3.5077630370117143,20,18,18,7
7.538879733100269,31,36,25,4
5.389882291407257,115,4,7,5
12.012202899709182,92,35,17,6
4.8174196139671235,61,12,14,5
3.5569009588125535,103,27,8,6
11.514044631055317,41,4,19,6
5.0193525932344505,75,5,5,11
8.163192609632723,118,21,9,2
6.400086073442599,61,14,28,5
8.541393605779334,76,18,22,3
9.01188795141767,88,9,14,7
5.113230395645316,66,11,11,7
5.564932231840266,10,22,22,3
8.845301254869526,21,35,15,6
3.7197479529740924,65,27,5,3
4.003112071879736,113,32,21,7
7.563049628636062,15,15,8,3
4.934381423907655,11,17,18,3
13.294313345181749,107,22,16,5
1.0,12,5,12,4
5.444824451202378,13,17,27,5
1.2120738806701779,119,13,27,5
6.480519862317726,96,12,26,9
6.36271387325937,31,24,26,3
7.778466642692406,68,32,8,6
5.303280165477911,18,35,27,6
5.998352710299391,71,35,10,2
8.133844040525734,35,24,26,5
5.470462290132681,6,22,24,6
7.299012647526942,99,38,19,3
6.877065516005384,70,22,13,6
8.180468597608158,70,24,6,5
4.21803024166257,73,2,15,0
5.124179867102894,102,9,20,6
3.2499699679018197,83,16,5,10
7.077686679716679,8,38,28,5
7.701865193578074,5,27,19,9
6.985687757539887,106,13,13,6
6.0805987588934105,93,36,6,9
6.079754420731078,15,5,20,4
4.590767438817038,89,9,12,4
1.8000314613897652,85,16,22,2
5.511371384516756,110,25,21,2
5.283882280367488,13,14,17,5
4.473357876601887,104,38,20,6
1.123965872073339,56,28,6,3
9.430486608883951,93,22,14,6
8.80108133835447,119,19,22,7
4.574452843745471,58,6,18,4
7.774552119929927,34,12,18,5
5.692563031784664,11,19,20,4
5.9590952145863465,18,9,6,5
5.307057428296163,36,20,9,9
12.14448321610665,59,6,19,5
5.387999962881453,96,19,26,3
3.4697070307781663,11,6,14,5
6.610197015095096,34,14,19,4
5.6610840157664795,12,35,12,7
4.099582989783178,21,24,25,5
4.5435103804607975,111,17,5,11
9.50301727726234,67,35,5,8
4.6174139964805265,64,16,19,4
5.629229041169189,10,26,16,5
3.691177719891021,97,8,26,1
7.36456271696875,14,10,28,10
1.0,115,18,29,3
10.174169317423008,56,25,5,8
13.781702341369293,119,31,16,5
9.036343376750072,15,31,27,7
6.359396930787257,28,4,29,1
8.274312393774728,51,35,7,7
2.0203444292005637,81,23,20,3
5.454791071276334,81,37,18,12
6.729541229119993,16,32,18,2
3.548606840434,68,10,20,1
5.650466494625992,11,31,14,7
7.49330501418606,50,22,21,8
2.4020330256010864,117,28,8,2
4.832001749468379,85,10,29,9
10.5016599931906,98,27,11,7
4.13782237608166,114,33,29,3
1.6178367924979762,7,19,11,11
8.260597075087539,68,8,15,8
2.904438386787226,92,10,18,7
2.5969903771968528,43,2,16,11
4.178246908196131,102,33,19,7
7.677129994192022,96,16,28,4
5.932983344960072,53,21,16,4
6.2492555512265895,36,11,9,12
12.262307571093675,95,14,9,4
8.292306328802901,26,26,25,11
7.6657556296445755,15,26,20,5
1.0400561615296606,48,16,18,3
8.996177190606982,82,27,21,5
4.791591438392048,93,4,13,1
9.272909904468511,19,22,14,9
1.3251461777129219,52,9,13,9
9.435829966935394,5,30,17,6
6.800281295206448,85,20,26,3
9.806846471010788,58,23,6,6
5.738867607827801,73,9,24,4
4.564789972766923,9,39,21,5
3.992456810530161,111,27,17,4
9.298049792077318,35,37,19,5
11.76879588100807,68,3,15,9
2.0177574813718553,41,1,8,3
6.398978952145608,83,8,24,7
7.689107468570911,97,3,18,3
7.749081498070481,85,33,27,9
9.713664974319121,67,7,20,3
13.778170194971018,48,36,21,10
2.134487189482723,17,37,8,4
6.514099789882241,111,13,28,2
4.526772344691116,112,35,26,5
5.961965099657188,86,14,27,7
6.999740306201037,94,6,27,9
7.121112984986091,93,8,9,8
4.196242408424584,73,19,20,5
2.5605475261110824,118,35,28,4
10.311478959691906,28,30,24,5
7.854742455947999,68,20,13,4
4.394328964785782,38,13,12,3
5.759663204692357,93,11,22,7
2.5864690450523304,27,20,28,4
7.186154443793544,90,36,22,9
5.79813195858187,19,4,16,7
7.228316269737524,71,7,15,7
10.782777896761177,14,9,18,6
4.9256745670307405,100,30,24,10
5.44347925614411,103,23,17,9
3.998960001606653,33,17,21,5
6.928641825250338,106,13,21,4
4.212251952211814,42,25,6,4
1.0,96,11,23,6
6.971052712200876,96,2,8,7
1.0751485576791788,77,37,23,11
7.726506447960055,106,10,23,8
2.7539956810721886,33,11,6,7
1.0,81,33,23,7
8.72310864347168,59,31,10,2
2.6449990073071126,35,35,21,6
6.797554287045016,16,31,20,5
7.5595483907906065,41,18,25,6
2.7697545663365375,91,26,6,2
5.4763717901176445,76,20,12,5
6.616060749130605,9,15,19,8
10.430252892344122,12,10,7,5
5.266100681901694,83,1,5,8
11.745757964114983,15,20,14,2
6.738794565039433,14,23,15,10
8.852068303961795,90,37,20,3
2.709397569534997,38,32,20,10
6.031942620787509,27,12,20,7
5.065233632690842,56,14,27,2
4.15207485096898,93,25,28,6
7.456970093049717,6,2,10,5
9.778342982562993,118,6,26,6
1.2200269383944864,62,17,24,4
1.2657189404879627,57,4,8,4
6.9807711271498425,53,15,26,6
7.257767862477822,34,37,12,5
9.988553602442314,93,32,11,5
9.449737704504491,52,15,9,7
5.215960403760647,48,30,21,4
1.4398736056940962,108,19,28,3
9.734615944739721,92,14,9,5
7.590885750024254,82,34,19,6
10.238516253562983,19,17,6,6
7.459894667880892,29,29,21,11
10.090989599981043,73,38,18,10
5.981752432273732,99,3,5,7
9.062984496240505,71,38,25,9
8.1008138776247,23,33,16,5
2.4809708783867386,92,28,20,6
7.981641342032474,118,31,9,6
2.325846751600929,91,22,22,6
6.281264387799042,39,5,22,8
11.469332059010583,45,4,14,3
10.284206374076202,14,8,21,6
9.137497597860733,95,11,19,6
5.8219583813397495,41,9,24,7
6.529098960650805,99,18,13,4
1.885854585270896,86,39,27,7
4.973809647227998,70,21,19,6
3.6426926061240508,12,30,8,8
1.0,11,28,5,8
10.257099099878205,7,14,19,9
3.5054116658490786,98,32,25,5
9.520070558198928,38,14,26,7
1.812497134282327,22,16,9,6
1.0,89,2,12,4
7.4775389492067275,114,21,17,6
9.475510656074418,16,38,17,4
5.160022912617484,68,25,26,6
2.1671233274861796,51,15,16,13
2.4534934788817324,86,10,14,5
6.7313284468495285,32,22,13,10
5.462055620359238,6,25,14,3
4.466800508878714,8,2,21,5
4.57945190224657,110,33,15,5
11.197516971936665,15,6,26,4
6.018430221595383,114,26,17,9
4.7248772620580235,39,37,26,4
1.6276316921027867,6,25,29,9
2.4318808112585097,73,18,25,6
4.546528811033461,62,33,21,1
3.960331474802696,35,23,22,6
5.178988639495148,57,37,15,5
2.780878647144707,40,39,21,4
8.060522037765423,48,34,25,6
9.460362360336394,92,28,29,3
7.563737822795373,50,15,28,6
8.30892713263237,22,36,28,5
5.700031986769667,86,8,6,8
7.7339465411478345,37,38,28,6
2.981568090868457,47,19,19,6
1.0,65,35,13,2
11.22491163215687,64,19,25,4
3.0482416334924105,106,18,19,1
7.776131477513658,98,10,23,7
3.4871713515983647,103,12,9,9
1.5429487077647481,15,10,29,5
3.256248246763265,19,5,16,6
10.96163849070335,60,32,19,6
1.5870158023397334,30,16,7,9
8.85046530386815,12,18,15,3
12.761877763367844,62,23,8,5
5.056798571196083,41,28,8,4
7.971211467846521,47,9,11,7
9.24646370949859,66,22,26,11
1.0,103,10,17,6
3.472147171443222,97,23,28,3
4.39742322918922,93,6,24,3
1.9915326268276798,116,18,29,8
5.470213397882258,66,19,6,4
3.851981885584884,53,19,28,9
5.174119060711102,90,6,16,10
6.475191672227727,23,33,11,11
12.203682882495224,95,15,29,5
9.794180445107934,117,10,13,10
2.695560543080908,118,23,24,2
8.314497372202208,15,9,19,8
2.9202920532234877,9,9,19,6
7.498887309860858,104,15,8,7
8.459634926334807,33,7,8,3
6.532198054791644,66,17,17,6
2.4249358039978484,88,22,20,3
3.4331024535774852,15,2,26,9
8.706525983844198,22,5,24,9
3.019099414796069,91,24,13,4
3.2074038015707145,5,33,20,2
5.795151187363139,34,18,10,6
5.742869283346684,93,15,10,3
1.0,78,28,18,5
7.181321999972907,11,37,18,5
4.625149725537105,83,15,21,15
8.398880120633265,96,12,13,2
4.054470040840975,31,28,20,4
6.019840765061071,48,6,6,6
3.263367139155462,41,12,18,7
10.551714354046098,9,38,23,7
8.915617796585106,99,2,5,12
6.35368774056195,115,4,5,6
3.336002282969104,101,36,8,5
5.01742640100847,29,27,18,3
2.122493723506204,66,35,10,7
2.8928727287124323,116,29,9,4
5.435634171414293,62,1,28,6
8.2323968910909,116,31,10,7
4.5785787643363545,91,14,28,2
5.4538547220641105,82,6,14,9
3.8541752645784357,42,14,15,5
7.324682926709336,102,9,11,3
8.52576190557433,25,33,19,5
9.513647567969581,69,8,5,5
4.526441589330494,26,21,25,2
10.142225163011759,113,25,15,4
5.2999157510805075,80,15,25,6
3.964313113486744,12,23,11,3
6.227405631247389,71,29,16,5
1.890589638284954,40,18,21,5
8.038543636162823,110,2,22,10
3.520541068783544,80,32,15,1
5.944785365666988,44,9,23,4
2.25843958095708,83,27,26,9
7.277413822742796,119,31,10,11
5.3513125340631,13,37,5,5
3.8997422743248444,5,11,20,9
10.11699776886257,77,23,9,4
6.160051941357226,20,2,25,9
6.695894277903662,78,36,23,10
7.37781421607045,107,11,13,5
8.60330423926791,77,27,11,8
8.299717502347066,17,15,18,5
7.01774757429675,38,6,27,7
7.0977074359746695,104,37,5,6
7.0910801526435145,8,2,27,7
6.624317469000561,86,20,16,5
4.764902870544421,31,27,7,2
5.386310520001514,118,19,19,3
8.110946538627108,7,39,15,13
4.818193491885852,54,22,24,6
8.076539089155093,98,19,16,11
8.508197371509308,62,36,20,7
6.066791438467132,96,17,7,5
7.096230200205566,103,3,9,6
1.8513098667078722,112,9,17,6
12.278605034072509,109,3,6,8
9.325707822721496,5,4,7,12
1.3843897913954724,17,31,12,5
6.059786943915884,50,7,27,11
4.165691208844697,86,33,14,2
5.931248848227031,42,35,11,4
6.643148372658787,19,34,6,8
6.554261223107341,11,22,21,9
6.170772906731333,13,10,18,7
5.285449690056984,11,9,7,7
8.875061314854456,82,31,16,8
3.016353867800588,57,2,12,4
6.303877873996142,83,25,23,10
9.009951614484777,46,17,14,3
8.561796232796134,85,22,10,2
1.5345881500791592,48,6,17,11
4.220377129441136,65,17,28,7
5.063298863078732,111,18,7,4
9.072669430536639,21,38,17,5
6.403341568806776,44,1,26,12
4.227364689048905,75,19,6,13
7.363600189866467,43,30,16,12
1.8870094840474083,96,8,7,7
3.3683852779536823,69,33,18,8
7.172300016509397,77,18,13,7
4.80422108170022,30,31,11,7
6.101821342006782,38,20,27,6
10.119943032242546,44,38,28,8
7.697557042223676,104,26,16,7
6.5180835859456066,45,3,8,3
1.7480203910138643,73,25,27,10
6.364045378577043,73,5,8,6
6.4012333975170295,97,6,8,9
1.6537884285433186,11,30,18,4
8.906089538566434,73,29,8,10
9.320173893750946,57,5,21,4
6.724361292161854,42,33,14,8
1.746389803792348,63,16,26,6
5.497303222458719,47,2,17,12
8.818872704612495,115,13,24,4
8.71350539368244,53,28,11,4
3.709311507285417,42,36,10,4
2.1509100366442118,71,15,25,12
10.776596731486823,44,23,10,3
6.961479462946194,11,4,28,6
2.6050451326284945,113,19,27,7
7.745308522211102,85,6,22,7
9.821427389144459,44,36,18,3
4.79538879706651,94,16,5,6
6.049314786086261,112,11,28,3
8.37846528188585,100,20,8,7
5.299356981175735,90,32,6,10
4.6420278504197965,36,19,27,8
8.969010402465786,16,29,9,5
3.9286873300823686,13,33,28,5
5.567383021966159,74,4,7,8
12.799246346997375,75,25,21,4
6.210869726254814,37,17,26,9
4.828245274699266,23,14,20,2
5.3026102479511765,57,21,20,7
8.925884111241466,111,5,20,2
5.765169408873251,66,28,9,6
1.4488388854611332,20,28,16,6
4.33083637821697,101,34,17,5
3.661959967259584,83,18,22,3
11.20414221528754,37,12,19,10
8.377676333295861,5,10,10,2
3.3981586480017754,69,10,25,7
6.857016511924258,117,36,10,4
3.397167564213791,96,2,20,6
9.790940918586902,27,33,15,4
9.471972113101607,88,37,10,8
1.3733494393767565,34,27,24,8
7.288342729270006,95,31,28,5
2.8076340585805335,108,28,26,4
9.342838788573047,81,26,19,9
7.865191162048576,103,25,15,7
3.5475300772315372,9,19,17,8
7.67106117753156,31,28,8,6
6.643467234015574,73,31,21,5
5.548380964644425,72,9,21,9
1.1131917456335545,85,21,26,6
6.120242192896239,26,34,13,3
4.441997770252016,63,17,10,10
7.98371465780735,25,15,29,5
6.369673263708187,22,35,25,8
6.686402388245366,82,12,8,7
4.2264906491777205,74,18,17,11
3.9493496964866717,64,17,16,2
3.5021730758754206,67,18,28,5
8.412562678236045,31,4,19,6
9.91186617056996,52,6,13,11
4.4119159547415805,23,11,19,2
8.63904183995528,58,9,20,9
9.283126092766464,92,36,19,8
6.544887941981746,105,19,19,6
5.800499583720514,95,36,17,6
1.2298510782480747,74,13,29,4
6.400886737358366,73,35,22,3
8.837998570341123,59,7,26,3
8.73781285965189,114,11,15,8
2.9645036953432164,73,13,7,5
5.491229676482155,91,21,23,2
5.239832858380737,93,4,12,5
5.828985078202216,97,23,17,4
4.361058547121119,87,6,26,2
6.265043215304555,17,20,5,5
8.430870846781783,113,39,15,2
3.5767811225175983,82,39,8,6
10.7034806772158,9,26,29,6
7.0084387051283965,51,21,15,5
5.606481463020044,10,19,25,12
4.326874633535519,73,9,8,5
1.0,117,8,21,7
3.7863077544523547,61,26,21,3
3.64310197077811,111,33,9,3
6.431620165095109,81,35,27,7
4.011054365912127,89,27,19,10
1.0,115,5,20,2
1.0,109,31,29,3
7.95181306588432,100,37,21,6
9.227662562220434,69,25,25,2
2.599147101589327,25,7,22,5
6.764083152593445,100,6,12,5
7.552970434938822,77,13,18,8
2.7677767059270084,84,6,14,9
8.287618256091049,108,17,27,9
5.130184187652424,39,20,25,4
7.316458476964053,119,31,28,8
5.024609630100482,31,21,10,7
6.142689423152654,110,7,17,4
7.213936228485588,50,5,22,2
8.612544329788907,11,6,27,7
8.476342906393512,41,14,5,8
5.2554935621434735,110,20,22,9
8.89811776855815,15,19,7,6
10.424623807421174,111,28,22,6
3.456072607213962,80,30,8,6
4.643142342441199,67,26,18,4
4.473141986589678,81,22,17,7
1.3979664653190635,17,25,24,3
4.576200737448054,38,15,22,5
10.647675578650864,109,10,11,11
6.655556129193355,29,31,19,8
4.16120618170391,44,11,9,3
5.246147061763651,66,21,26,6
1.0,102,20,16,2
1.1446017244943674,38,9,6,4
6.522149856290853,111,14,10,8
12.354068574281904,62,25,23,10
13.570643390677992,53,36,23,8
3.0472127322341853,36,31,14,3
6.54512877234718,71,10,25,6
10.09653581001165,72,15,6,6
3.963945708946863,99,12,8,5
7.195950031775321,115,24,21,9
5.2126594150857555,96,36,16,5
5.819520819892245,40,33,29,5
2.2681279767689038,88,23,14,6
10.690661623246797,12,37,11,10
5.401801990376436,38,39,27,6
1.0,65,16,20,5
8.939381872684574,50,14,21,8
8.69497001353965,26,36,9,4
9.900404990872474,9,5,14,8
8.077244726172722,33,34,9,4
7.280791474751754,78,16,22,5
1.7891482006971895,21,16,26,4
7.515292727153758,7,30,8,8
6.502548473140218,27,31,10,3
7.743310894155214,58,28,21,10
5.213565049122571,65,36,20,2
2.756807605139433,38,22,18,4
4.9041263400085295,83,32,11,5
3.9532907996059348,43,23,6,4
7.8811817964624495,9,1,24,6
7.377255596707208,50,9,5,1
6.433526234676088,65,17,19,3
2.248648129619962,20,13,22,1
5.980689646861985,86,6,5,4
1.9586834487707199,118,28,25,11
4.353399921618545,86,22,7,7
3.896346858787427,81,34,24,7
7.685419251285977,71,15,20,7
3.6621568453281124,96,7,29,9
5.1223028597575615,78,8,22,9
3.1815329879494625,13,13,19,8
9.322463718470363,85,31,9,9
1.8609093196595747,31,31,17,8
4.392685159253858,49,31,18,10
10.681248811561879,48,9,27,5
10.221322630454312,73,14,16,11
12.066689597406926,77,37,12,11
3.3046087332975693,41,12,25,3
4.789813491647422,80,23,7,4
5.9216412107942,57,22,9,10
8.264835707041463,51,10,22,5
6.428257428204711,90,21,24,11
5.058151759675805,75,5,21,6
4.4736102000927165,113,33,29,6
7.109446274612555,66,21,27,6
10.591561165051573,75,29,5,5
4.224305442835954,112,35,24,1
4.8227165078044205,24,26,23,5
6.291254038040542,17,33,8,6
6.01549014570145,43,19,19,7
4.550250546326992,5,29,27,4
6.267242990405264,35,7,28,7
5.140772160865421,50,20,10,4
10.417482958114558,68,14,19,6
7.133338347245968,7,8,6,4
5.617613485023794,83,31,23,7
11.224129360810231,52,24,18,8
1.9224082387014327,20,17,26,7
3.6084922781691433,44,35,13,5
4.092966419965159,95,14,12,6
6.397461331559939,60,37,27,8
2.201193166811008,37,15,14,6
6.402717044587483,32,3,5,2
9.151029877197878,36,18,17,12
12.735043178872363,108,24,9,5
7.594899515959458,5,20,15,8
7.004367051030816,95,16,15,7
4.792261000704979,80,27,26,2
5.445419115311471,96,34,14,12
4.797107265910832,19,39,11,10
10.296561629010714,92,18,12,7
1.1499171668758805,21,6,21,4
9.10803619989655,30,7,20,6
8.979327218736861,45,11,29,8
8.710632731353108,110,28,20,5
5.414028633861721,25,35,7,5
10.166253546382157,70,3,8,7
6.340465997675896,116,18,28,7
9.199925130879373,6,34,11,7
1.0,78,28,12,4
7.701556147117654,98,26,20,6
8.83945777121938,119,25,23,6
6.706649506846595,18,1,16,7
13.18029962864399,103,6,15,9
8.416630464879418,106,31,25,6
2.991464992987315,40,28,27,7
4.326122859731655,106,10,14,10
7.0057704318140654,108,3,20,4
6.488320145787306,112,3,24,6
8.136106935673322,100,20,16,5
11.791358413877408,40,1,8,5
7.608337936101197,83,1,24,7
11.306544424899997,54,29,11,9
6.349515557166895,62,29,28,6
7.345988491394127,66,8,9,7
5.145873029321879,32,17,26,6
3.2125215463329724,103,19,23,4
4.43800856684773,95,24,8,3
8.711243766054698,111,15,12,7
6.9223841576849505,21,8,7,7
1.508454965448605,34,34,11,1
5.390773670935573,6,24,24,6
11.786236391216823,22,11,29,6
2.984766179473557,92,5,21,7
6.624393093946495,32,23,20,8
3.2733435911071167,115,1,16,8
5.1767919908250315,49,9,6,6
5.895596652448073,23,7,29,11
3.917820363348073,37,4,28,10
3.491744388761467,92,22,6,5
8.16461495081564,111,25,6,3
4.704988252154726,106,10,22,6
3.438919268821162,110,32,13,8
4.98651067009027,76,33,25,0
1.0,113,28,18,4
3.3965129120524367,50,28,22,6
8.542898854868044,21,5,15,4
3.7133699322013793,39,37,25,1
5.553524713055909,66,22,22,3
5.110131711037117,85,19,18,8
9.28064583792514,81,19,29,9
7.006528218606261,34,14,14,6
5.341189672809091,119,4,11,11
4.513699465887689,57,14,6,4
8.185267962017418,116,36,16,8
5.5126137822695815,100,14,9,8
4.849145902814584,26,12,29,9
5.884362923419519,20,10,8,8
8.069619814336392,80,25,13,7
3.465619905828158,98,35,11,5
4.066481241854919,29,33,8,5
7.376922027334643,81,24,26,5
2.433305299098923,61,8,10,6
4.296445574104312,48,30,7,4
6.503014960106899,18,1,19,2
7.536781535678246,14,1,19,10
2.91802333837437,21,6,11,7
3.4050847043801475,103,15,11,8
6.6093436417697475,82,6,14,7
12.319039051971838,77,7,28,5
7.818681652673302,63,28,8,7
9.533050778671743,116,17,5,12
4.444061027279295,37,23,27,4
8.084178554263111,61,20,12,8
4.920059945962754,55,35,27,8
6.246735649756705,34,10,7,7
3.2591102304490835,97,3,9,5
8.440332473979312,103,37,26,8
4.348072579158943,61,18,20,7
9.290749217858163,35,28,21,5
3.58198587253649,93,19,23,4
10.580671765117271,49,30,15,3
10.356625928299444,16,1,16,3
4.075323001538299,42,10,21,10
7.762887864908734,25,3,29,4
4.032744721829577,58,21,29,5
4.3724657699636005,82,39,20,4
7.980800011020294,75,37,17,9
5.182556871601996,33,38,10,6
4.262167080835491,79,33,18,6
3.1023256468839984,41,22,27,9
6.034970904869478,62,2,10,5
5.799741335061294,78,14,11,7
2.7717919835163674,52,6,29,6
11.691359109226832,76,18,7,11
12.219647638207057,83,4,16,5
3.717562517671138,56,28,22,3
5.419703208505577,79,33,15,7
7.450138932387842,27,14,17,7
8.221312816429176,56,16,27,8
6.722124022639261,11,20,21,3
3.223564089720192,57,32,29,4
3.4612136931269517,59,20,14,9
10.462157704803435,73,36,25,6
8.009027308860922,71,35,17,7
6.269072951833483,108,26,25,6
1.9896654638814883,16,10,9,5
9.39093988084295,88,23,11,6
5.557713353884064,68,27,27,5
7.694880610804709,46,37,15,7
12.814769033961682,116,13,20,4
5.949695366003118,46,9,16,8
7.577859197877242,44,35,6,6
9.447675929455368,42,38,10,10
7.579483790025611,46,11,25,7
8.078888637790321,20,28,28,6
7.251972875184941,118,10,15,5
7.984231599044538,72,5,26,8
10.571027217198896,88,14,26,7
3.2776079891140335,40,11,10,8
5.493888417627883,93,18,10,7
6.016685882005568,81,1,6,9
4.622843463474431,68,9,17,5
1.0,53,15,17,4
5.681267725926154,48,2,29,3
4.684914057340822,94,36,29,6
12.555445868192653,112,7,16,7
5.467949374007407,22,37,27,5
5.899499420476234,29,7,8,6
9.46263952453394,98,30,11,8
10.760877790390843,66,39,25,8
2.032037007045136,87,33,28,7
5.689764565176162,62,38,14,7
2.429186627294708,50,15,21,4
7.962392667775932,61,30,12,7
10.247352747275004,56,24,20,9
7.921338902165455,8,27,16,4
6.197262104582315,71,24,19,7
5.553195479503184,35,22,11,6
5.189962031661058,63,7,22,5
4.623929866663521,69,30,18,7
9.222666765973644,40,26,29,3
6.616498969025476,100,25,12,5
9.629314596173913,92,9,12,4
9.445369249488886,19,27,11,6
13.173233630912419,59,2,11,10
8.416289881114638,77,37,13,5
3.3583122871417874,63,3,23,5
10.102982276707095,44,33,17,6
6.504704793257188,79,32,27,4
4.22189205596914,92,36,22,4
7.224526495305643,45,15,11,4
3.258592953144545,29,29,29,3
4.631293121354393,61,20,11,8
1.0,83,15,21,10
4.197996316816696,14,22,28,7
11.020973207975393,78,7,14,10
10.103886911772024,61,27,5,8
5.715368361065912,5,37,5,1
5.062021929156985,25,33,17,11
7.473803068730714,102,4,25,4
8.162059546827722,102,30,15,4
3.818313066049675,99,16,28,5
6.8735407297518485,85,7,14,4
10.662190384192566,69,1,15,2
4.944872286935603,6,5,5,3
1.2357120238382127,43,19,19,1
6.085289358099158,81,12,11,5
4.947857885180682,51,17,6,6
5.829448326829118,17,3,29,7
1.0,9,34,18,5
1.0,43,28,18,7
6.111628948517919,58,36,11,6
3.192527908670267,110,7,9,6
3.412244667702056,14,23,13,5
6.126505067685438,102,31,28,1
2.5328485333962245,13,24,23,6
3.38323441493844,78,28,16,5
11.655879160741033,27,8,11,7
2.2055449917398846,52,16,15,3
9.891655514223777,90,5,14,6
5.740476386469554,58,34,24,5
4.959477101463944,80,3,10,7
5.260636938763265,111,35,19,6
6.957706072623647,58,31,21,4
4.238049792223314,27,25,21,8
3.917143044147494,36,34,16,7
3.445018794222751,111,7,10,3
5.294055683508899,34,31,19,6
7.485230547873066,66,32,16,5
7.158681050472829,27,39,23,5
1.0,113,21,29,3
4.631891419451581,37,32,17,7
5.7102559224093,38,34,14,5
1.3309120153987006,35,6,19,7
4.0438977427712395,45,5,26,10
3.633961705296856,106,27,28,3
8.032450727566617,17,30,8,8
10.550767647213867,33,3,13,4
9.839253923563506,78,39,18,11
3.8516034801027885,61,24,14,10
9.45417538857063,55,10,26,14
8.19834454757073,23,29,17,6
3.4142388301962043,26,3,13,9
8.918940426596608,64,24,22,3
6.881695211274803,20,36,26,12
9.606288743046193,19,2,25,5
9.431053103808106,55,16,21,6
2.635628577300477,109,6,27,10
2.952014718718493,90,24,16,6
7.0125244496252845,89,21,7,3
9.046181461664743,103,23,22,4
2.6231918200059208,74,8,27,10
10.624091635484884,111,11,20,2
4.7777578991555485,43,18,25,4
7.397796312327412,80,24,28,7
5.65489034110566,119,34,20,5
8.705459547233115,9,16,21,10
8.630958399081472,109,38,17,6
2.7985196632457425,69,2,15,5
6.326575519477418,100,24,27,10
5.182653294981433,43,4,12,10
8.770278439025319,33,21,28,7
8.56455632649782,68,33,12,8
1.5224594407527423,116,10,23,4
6.195253843427281,46,4,15,7
1.0193594014913616,9,6,7,5
9.392603531709529,98,32,21,6
4.63465397074321,7,24,14,5
13.310972817554628,50,17,25,7
9.156109409597075,14,23,17,5
10.808820889109118,53,30,21,5
8.986496195207017,83,22,24,4
2.085530738492434,116,2,11,3
5.592875074912147,94,10,6,9
5.47588429942793,96,35,8,11
4.980571975691697,71,32,27,7
7.883514756363678,82,15,18,9
6.61723910497493,86,26,10,5
1.2741752746540875,91,10,8,7
1.0,92,35,9,6
8.732704470251553,21,20,22,7
3.1707582219300354,103,14,20,5
7.390078587650928,67,25,15,4
10.534100935662856,59,38,20,4
2.4997000868837684,39,17,9,5
6.501967555665358,49,22,20,3
6.517791584483979,82,9,7,8
1.9024799594152721,14,24,12,8
5.722372174816664,104,26,17,9
4.247122029566824,9,21,13,8
2.7499915457311275,51,31,7,3
2.979654181439182,79,11,8,6
4.9748935371682315,13,33,20,6
5.443380616145008,79,26,24,4
5.257057621755864,27,35,9,3
5.834472708410982,81,10,12,10
3.327719559616641,50,21,9,4
1.0,58,6,18,2
6.3101884640023425,31,38,11,2
2.66020869246053,76,4,27,2
4.902555300033336,34,13,9,5
7.221789537565192,105,35,22,8
1.0,111,23,13,9
9.498872480294944,66,21,22,2
3.750078404016624,10,8,23,6
2.503658154868323,74,36,25,8
5.474674981763176,32,23,28,10
11.764189358086755,62,19,25,6
3.7107829081412143,6,15,8,11
7.556052771977692,29,31,16,10
6.097549800083619,13,12,27,8
8.36523962828281,118,21,11,9
3.682645092043921,51,12,18,4
7.580339890689172,43,1,26,4
12.980648191828134,112,3,14,8
9.597929843787426,108,19,8,7
3.8126417805198263,93,12,16,7
7.132903669711922,74,10,25,7
10.840934657293715,50,36,16,3
4.057511214194264,30,13,8,4
6.563169361212646,33,27,25,6
10.147047324402976,82,35,25,5
5.002922425837888,78,13,14,4
1.5350447366434379,84,34,18,7
5.069563416257064,89,11,22,9
7.630649523794701,110,15,10,4
6.295525013733038,70,39,14,6
1.3803848518276922,17,19,17,4
4.222205179741806,65,14,19,5
8.469155342246355,53,3,11,5
3.2319051606994313,70,33,19,8
4.19240625122217,116,30,6,7
5.8677071173478454,107,11,7,13
5.2794134040571805,11,1,24,5
4.685142423863663,55,38,7,5
3.801521965780503,72,21,19,9
1.0,42,10,22,10
8.204075270949152,44,38,22,9
4.251376872600258,11,4,25,3
1.965200016299713,65,7,7,3
6.016981661414864,45,21,26,10
4.034509022392409,29,29,10,6
3.4811991964805857,101,24,23,3
6.517703663522252,58,13,6,4
2.45412067890621,115,5,11,10
5.686582642151033,5,25,22,7
2.8808787813781955,54,35,29,5
7.469419466728626,107,13,6,3
13.291232937692566,11,38,18,8
8.465499062548414,76,17,26,4
9.162950787066698,112,37,25,12
2.272705522369136,6,26,10,7
5.626154034808914,51,17,19,3
1.0,110,15,17,10
4.146348800534222,72,23,23,6
3.969492955162178,53,19,10,6
7.616259332200371,29,11,16,10
7.929833642411253,10,30,7,4
7.402592534306956,9,21,12,7
6.221617338862459,74,7,17,2
4.645396360191365,74,12,10,9
1.0,115,26,29,5
5.385697348668161,50,16,10,2
4.955481760354077,83,5,18,6
5.148239865180706,23,29,24,3
8.814361630051623,15,35,5,3
4.250557465869319,27,11,9,11
1.0,90,3,23,6
8.609210738493378,31,8,15,8
5.593525960254991,76,8,17,3
9.978301911410789,36,8,5,5
4.6870565818691245,68,2,15,7
6.108014340271579,39,35,16,4
7.988486975429578,70,31,28,4
6.657335804272538,36,37,18,5
1.0,77,6,22,8
5.302033512322659,83,36,22,10
11.291556009122885,90,30,5,4
7.8716649656840225,5,26,28,6
7.4971747427345825,63,6,10,8
6.289569008060045,81,23,7,10
6.7958267147262195,52,10,14,7
8.088400624686798,74,37,16,8
3.7883936601722956,24,31,21,5
9.838454328669888,39,13,5,5
2.6782198016165237,54,7,5,7
8.098404068179445,50,32,19,6
3.491992363752759,22,16,12,7
9.919417307083908,84,28,13,7
6.396711468208573,20,38,21,8
11.351945797206012,40,27,18,11
6.577004396290121,85,12,5,6
3.110733578937742,85,11,26,5
2.7972232945492976,110,14,26,7
5.772162978145062,95,25,8,5
4.823820163688196,90,4,18,3
9.845997740913816,82,18,26,7
8.57598330934176,9,31,12,5
1.0,85,35,6,9
1.0,83,11,14,3
5.482299158970968,22,7,12,3
5.964523503301609,85,9,25,8
3.6983438003000066,116,20,26,7
12.01663432024599,94,24,19,4
9.657582232223287,96,26,23,7
4.699617787776157,48,32,23,7
6.6984135811182295,86,24,22,7
9.432496399723181,50,33,14,10
5.317394000287094,88,13,21,5
7.88110193474961,18,27,16,12
8.33280156628121,53,21,23,9
6.124796898393475,100,10,20,10
1.0,79,22,23,5
3.244500625688768,68,25,15,5
11.237685314072834,19,22,14,7
3.932317322514596,5,6,5,9
3.153231605178565,83,26,22,4
5.519195481464669,76,19,14,5
9.804596924150927,37,25,20,2
8.085630857246738,118,26,26,6
2.6904403670610657,68,11,7,7
2.0817518706958205,5,8,27,4
1.0,48,1,8,5
8.885910768743921,38,34,18,9
1.0,79,33,28,5
2.8555117247235122,53,31,14,8
9.8499544069036,105,6,21,3
10.969121001383936,31,16,27,1
2.870915751321747,50,9,9,5
10.174749008441717,80,35,17,5
7.830141778957393,78,30,25,4
3.135077277843598,46,23,7,9
6.035132315131523,102,28,10,6
3.5759439186758355,71,24,17,12
11.372136593672519,98,8,11,4
7.63127675862679,51,4,13,3
1.0,51,8,19,4
4.333348051935504,32,1,6,9
10.707917131101295,107,29,22,6
1.0,41,7,23,5
8.595079304626795,69,25,15,3
7.053508606416306,58,27,11,10
9.925219120961167,118,33,24,6
3.3598690918935152,51,23,16,6
5.104000595521636,44,32,5,6
3.8901764851770326,111,27,29,6
1.636188591905639,43,39,19,4
10.191908800746106,42,1,13,3
6.439374371501995,111,22,13,5
3.5005877937913006,18,23,13,10
6.5755258419742715,44,23,9,5
1.0,53,5,14,5
5.614782200197168,78,17,23,6
7.8074926783655245,44,24,7,10
8.342694723185502,89,10,27,5
1.0,56,17,11,8
11.802483737548275,51,37,22,7
7.602613124509656,48,29,23,5
3.8208584064249034,92,23,29,11
11.118867890305992,83,22,6,4
4.176812745844957,105,31,16,5
3.8930373611810833,111,25,15,8
2.6954309592628096,61,28,6,8
7.624376979812656,46,32,18,6
11.35560230174641,41,31,28,7
3.8095466991816203,56,35,16,8
2.4588666486590953,116,28,25,7
3.296910917968169,61,37,9,5
7.879267502896914,107,38,24,6
7.553579729253236,44,34,17,4
1.5669523863008799,97,37,23,8
12.409048455643422,115,4,25,5
2.776850478425912,71,37,16,9
2.6407686424377372,46,3,15,5
2.9111798039743144,85,18,10,3
5.650598803459148,96,18,6,9
3.345203564583642,81,20,8,11
5.317761337505228,111,22,11,5
5.767885365948174,22,38,25,3
4.1247932165190155,86,39,8,9
5.54447301539785,57,4,22,5
8.156527333821819,29,19,26,9
9.08155897558287,6,12,8,6
3.014723316015619,34,38,16,5
7.2188411659177705,81,9,24,2
4.33977501966119,66,39,14,7
6.4282950736817766,88,17,25,8
3.066010286952326,104,27,17,10
3.3441066333871383,6,19,6,5
7.166186882605702,11,23,27,11
4.030570317512402,81,30,9,7
10.592006990056328,64,12,24,10
4.734103487339036,80,7,27,8
8.541030526649292,57,30,22,12
13.59118360146738,70,8,8,6
5.325398075446675,67,37,20,4
3.953608685307559,51,30,19,9
5.287277892104775,52,32,9,8
9.564352398613984,85,15,16,8
6.578162338441372,10,35,25,4
4.003542837539401,119,1,24,7
6.63679695902702,96,15,16,7
7.365841797987889,61,34,10,6
6.433460855001135,87,26,7,3
13.066151289482104,5,1,13,3
7.900257172440256,115,10,21,3
8.020632032882483,75,31,21,6
3.114265083277834,61,39,12,12
9.60640097747478,25,21,20,5
12.681366565873466,65,14,18,7
3.7876600246145053,69,27,21,7
6.807951943141117,17,9,7,1
6.745989910046566,40,2,27,6
1.0,27,11,25,9
6.74194308389519,39,33,16,9
5.6018587703495335,9,32,11,8
6.041710517683127,110,5,5,4
7.544589655942129,18,25,16,7
3.9021996532555328,80,29,21,2
5.140450623048971,19,13,15,5
5.430479647050535,32,10,18,5
6.008316327472009,100,18,15,1
6.2592532118839905,104,14,25,8
8.765386002616474,77,10,28,4
4.301898860261247,84,23,29,7
11.0507497548973,20,38,18,6
11.460859414074893,82,14,27,7
5.481746988733844,79,11,12,7
8.747195088184544,96,9,15,7
2.7952459156007237,94,4,7,2
3.4977427537280845,81,4,29,3
4.425350136715353,95,32,11,10
1.391606014739864,113,33,15,5
8.667667295863712,15,37,25,5
9.230900663516849,24,32,12,11
5.959861236123691,95,8,12,10
8.671485290095019,73,13,5,5
9.542738458311423,75,35,6,10
1.7379341897986977,16,8,15,8
10.0274576047494,70,7,7,6
4.292354974393607,62,19,6,6
6.613956036395945,56,10,20,7
7.512925512974648,100,31,13,3
2.767939963748317,84,36,23,3
7.182261460499518,56,12,7,3
5.41678340752881,23,28,10,8
6.415454140184125,31,39,10,7
2.507718786588528,36,37,29,4
1.0,69,16,24,3
2.6036458381702943,40,14,23,8
9.284386448345124,32,9,26,4
7.705375934896209,92,14,12,5
3.763910227911293,93,10,28,5
5.133165316018793,70,29,14,9
1.5508595675159498,82,35,22,7
1.0,39,1,18,6
5.966288589422334,19,18,17,3
6.729515118423156,84,28,18,2
6.296338585468678,61,18,16,7
6.346523713644166,6,17,19,5
10.783833999792206,78,31,7,10
12.01876843681915,71,30,22,6
9.33591794903416,26,3,5,5
6.335600406440617,67,18,6,2
1.6434821964223065,42,37,12,4
6.003678995797909,48,16,7,6
2.2542270550293795,5,29,10,3
7.28169942518337,111,22,25,7
4.017566365209719,12,1,6,7
6.830918014467709,98,12,20,5
9.397272388034487,52,6,19,9
3.827006329875593,86,14,28,9
2.833468204426187,92,8,6,8
3.851475238765336,81,34,14,7
8.24357448583398,111,23,6,12
9.48894491134072,26,36,9,7
5.86613711019887,106,37,12,3
4.643602123577072,103,11,19,7
8.120246051203633,87,34,17,1
6.787752865959791,72,7,12,8
1.1906646106173628,35,24,5,4
5.072280123432817,110,14,16,7
8.571783761386154,107,28,20,16
8.584716171762349,78,17,27,6
1.0,34,21,10,6
3.932117542678772,115,19,20,6
16.557204173509433,51,28,18,3
2.4697558411096505,56,35,26,5
5.296373773704875,14,16,8,4
5.269388169467763,32,23,18,5
5.225923567189471,115,16,11,2
1.3608894742983404,35,9,7,6
9.221259751050606,19,21,17,7
7.716052578027918,91,16,28,8
1.6242859438204817,10,23,26,2
5.775424656343802,75,29,6,2
4.160223059539211,105,4,17,7
7.890417680424749,10,19,26,7
6.265037933722267,6,22,22,6
4.685935485387126,49,25,12,4
5.669289569581333,5,13,21,8
6.0295287739098065,37,30,17,4
1.0,54,34,28,4
2.129982660127253,101,14,21,3
2.7431978341920145,89,4,18,1
9.876872881474792,114,14,11,2
2.3145233695615106,70,35,11,6
4.544576900350057,41,33,21,5
7.765295691693964,25,28,6,0
3.8149299734588107,84,39,17,11
6.100572341615339,94,6,23,4
3.0577745682266935,44,36,21,4
5.155867237788673,111,8,17,8
8.643411571624952,18,8,13,5
3.7681426216035465,8,15,24,2
6.6231265132832835,9,9,19,7
4.160872965191672,82,10,21,5
6.253196062701063,100,2,28,14
9.327265438380863,16,17,8,3
6.982302335297159,48,8,22,3
7.951214356532944,84,27,29,9
1.8347179433881546,73,33,8,10
8.140557712183657,6,29,5,5
7.207335688307305,40,7,22,10
11.30015308786964,70,1,29,4
9.389286240284584,60,14,18,7
10.129848839031544,29,5,8,3
9.489725366754246,86,10,20,10
5.990336932010669,100,25,27,7
6.344732743070733,42,29,5,6
5.28800714677765,37,10,10,8
2.06552937924449,61,19,5,3
7.252152926699864,69,29,13,6
5.1231189667345856,77,33,21,7
2.0460834468467817,19,19,20,6
1.0,26,6,20,8
12.58286798617533,32,19,11,5
5.495331565450903,57,27,7,8
6.829142929438949,58,1,21,5
8.251936574536863,16,7,20,6
4.432433455842942,16,8,23,6
3.043832310773006,52,31,15,7
5.9325859391631806,55,27,25,9
1.3304362811717052,81,3,15,10
9.966214038395341,112,11,6,10
5.061586117930785,44,23,19,6
8.226110921775044,93,17,16,6
6.711669112082161,97,19,28,6
7.829886251732114,49,8,29,10
1.0,20,21,26,4
6.219699099820918,16,2,11,6
1.0,80,8,13,7
1.0,43,19,17,6
6.621364448418284,95,20,26,6
7.693316242518314,29,25,29,4
7.386175569107021,111,14,15,8
8.777378578124734,41,6,18,10
5.483546370938735,10,15,24,5
5.423905920383015,25,9,21,14
11.337010897679821,42,20,9,5
1.0,83,28,15,9
8.721438237548245,89,31,9,4
2.9901148723287667,83,17,21,1
5.097574913262305,36,12,6,7
3.3608408891432173,64,31,25,8
5.041914360899713,52,12,9,6
3.747830353254682,11,12,27,8
5.017403120604485,42,16,5,11
4.967795970759543,79,28,10,6
3.4202201306719493,37,10,7,6
3.771544884190924,117,19,11,4
4.228656627646476,7,18,22,10
5.959267752352816,106,8,22,5
10.371876519192154,31,25,13,6
2.41486431357343,40,22,17,5
4.461051932220546,71,38,27,6
7.686625221503739,33,21,14,4
3.5774545894065244,95,14,5,6
6.6687336097090935,24,16,19,5
4.779324781867684,105,25,24,9
4.132716308831643,103,35,7,2
5.60125482181706,58,23,28,10
9.091592659667715,29,24,26,5
10.664778194939919,34,18,6,1
5.251540181079285,101,36,9,4
5.632464164097276,114,9,21,6
8.457756974650545,20,23,19,6
8.53408966324283,44,37,23,6
5.078285914482076,101,28,6,10
8.840938836927553,115,13,26,4
2.0615308390475717,11,39,8,6
6.024570176161823,112,19,20,5
8.868453737762,52,4,8,4
3.6686871269630696,52,7,5,5
1.223257586605122,69,38,23,7
6.13097252736067,14,23,19,4
5.185718794028585,39,13,25,9
6.978337676474136,47,24,11,10
3.6657036204168767,60,31,22,5
5.48331754221468,31,1,6,4
3.9030127028416017,101,38,20,4
5.009459337057124,112,29,15,3
7.950846126574299,42,28,15,5
1.075768027934469,119,28,12,8
6.869600006035199,73,38,6,4
5.005735156947801,70,35,12,9
1.406625887044906,47,17,5,7
2.175577067664153,18,26,24,2
2.1238272535500977,11,24,12,5
7.391448364014238,9,8,16,3
4.500998722715401,28,9,11,6
6.1092481448285545,22,6,10,10
7.304939327451634,111,4,8,8
4.306993610930478,45,9,29,7
9.039972650362014,102,20,10,5
1.872814775060629,119,9,10,2
7.6977264719273855,82,37,20,8
1.0,22,3,15,4
7.173209861982967,78,22,14,5
5.409437519217113,39,7,18,6
1.2988143003096244,85,5,15,8
7.200904994995973,105,35,11,9
7.341785699520483,68,29,15,4
4.376629174783147,42,3,26,4
10.008546740319842,93,11,26,5
1.9978121837175582,90,34,21,3
6.883472997668586,79,35,11,2
1.2654308571207062,74,8,13,6
7.318067776720737,6,23,22,5
3.691486945427101,23,17,12,8
7.3931684684076195,57,14,12,5
4.446351214955204,19,33,18,3
8.141674812094973,31,32,14,7
1.0,77,14,12,1
4.992732381691901,32,31,5,8
5.315693915151405,105,31,27,7
4.287376981172551,70,2,22,4
7.730269430422169,5,4,18,2
8.897529352909933,71,5,12,8
10.108872948831852,98,28,17,10
1.0,115,26,29,7
2.725700687960357,39,7,7,9
1.0,74,17,25,4
5.514659483556593,68,31,13,5
6.19236021683193,72,9,24,8
6.639596817515911,103,34,11,10
4.925927892825568,14,24,29,7
5.616029605338601,51,15,26,4
1.0,71,38,10,6
7.233757304194757,65,37,17,4
3.065068701353472,70,17,7,6
7.442627259193668,40,26,5,8
9.291469033123132,48,16,15,9
11.424020600070902,103,18,7,4
5.068135869629034,79,5,9,7
8.777928249253538,65,38,16,4
6.397172919178871,66,7,17,10
5.236956426060184,62,24,10,7
1.0,81,32,8,4
3.1583459464649195,33,5,17,4
8.526299694735979,104,1,25,14
11.226935375036028,43,7,13,9
6.794175667336392,57,8,12,12
6.510155221452447,41,1,6,9
8.973399843297447,67,28,9,6
5.054913554167702,14,21,19,4
8.499721788444997,32,31,8,10
1.6279991113688626,7,16,6,5
9.560761038482873,113,4,28,1
2.0113822998427304,42,26,18,10
5.314835760143271,94,8,12,5
5.999018367562863,52,15,20,7
5.3179018856462115,74,10,8,6
7.2800503550951365,103,19,17,4
1.0,102,10,16,7
11.369964777834008,25,26,25,4
3.9079126736694474,60,36,16,7
1.0,19,24,10,9
4.013575039012408,35,7,24,9
9.921732817302335,40,21,6,9
5.187240035609365,65,29,14,7
11.374473239086468,69,3,25,8
5.6801128008612185,87,27,20,5
13.113748008240076,84,24,10,4
2.7482727191539,17,26,15,4
4.869895551214746,39,20,15,13
10.803517546633676,59,5,8,5
3.4852480148513663,25,27,18,7
1.0,71,7,25,10
5.663901704219447,19,33,29,6
7.524233333606606,51,13,25,4
2.5646852771814093,78,3,7,5
3.7761083786824914,13,15,22,8
3.4057678422450097,101,34,15,4
6.41494256346986,54,21,7,5
10.953638522475,74,32,5,6
10.126881770503328,100,23,14,6
6.726511574047549,14,15,10,6
6.66392260346783,37,26,21,8
2.7645689406274636,21,35,29,2
6.218805304956352,54,30,29,4
2.283301427922898,101,26,24,4
1.7086535635104632,58,12,5,8
7.839531772049677,21,33,18,6
6.400247885905758,81,8,28,7
2.345226599627116,74,27,17,10
4.4620827345960015,82,17,13,4
6.659660106636646,12,12,11,4
2.0416066618295443,94,21,15,7
3.59828078099717,75,37,22,2
6.632202494187466,24,25,7,8
9.482428932978,19,24,14,8
6.847052498324218,64,20,29,7
2.32511035748609,25,38,23,6
1.0,70,22,22,4
5.423034437270745,66,32,23,5
13.538859065269657,46,17,26,9
4.554920744140223,111,20,9,5
4.302672678103064,43,17,17,5
9.725589859496107,63,22,17,5
3.5018411457649803,53,17,10,9
5.521496569578544,90,26,6,4
9.239536182495995,69,14,11,6
7.401473006242268,63,14,19,8
7.908949318696166,119,13,6,7
3.400573911442838,18,19,14,5
3.974352072059126,118,23,23,5
8.262542346099504,89,10,8,2
5.635653838154112,13,25,27,3
6.901560157721254,72,32,17,5
5.926637019739539,104,5,10,5
3.833342065517611,70,10,11,13
10.36704079129051,19,34,11,8
7.721261007315157,22,34,12,4
1.0,89,23,18,9
7.837136301822696,28,15,16,9
4.4134918966259855,29,23,15,5
5.294887225340709,56,22,25,4
7.952171118947084,51,1,6,3
9.795457449935622,44,19,11,8
3.2820488026540575,39,2,18,5
4.2462949237960235,30,28,8,5
7.3056186598629145,85,18,27,13
7.762244553365594,41,34,24,9
11.23986169284373,118,10,25,12
4.136603480747329,37,19,20,5
8.26173919531821,78,1,16,8
7.176189949464193,113,29,9,5
3.4823259925863996,17,31,6,5
10.745247752180672,21,14,5,3
2.8783282432888733,96,38,23,2
8.05577725778449,79,5,27,3
11.79595050235012,68,37,23,8
8.345570527060222,9,28,25,6
3.2402478163486186,65,28,7,5
7.324596064402741,84,13,29,6
3.725429068773066,109,26,23,7
13.844125423960026,97,2,11,3
4.251577639595752,51,20,26,5
9.845573434883361,85,6,29,6
5.611965226810333,88,6,17,8
7.091888010506732,114,16,19,5
8.133831158766428,52,21,21,8
5.703901105031773,79,9,10,8
6.1985858591554255,90,5,20,5
5.70196543546188,64,7,8,11
1.5143064399240576,81,18,11,3
1.0,70,32,23,7
12.453291251145197,34,25,11,8
8.075015530777417,9,18,22,5
5.578853354916303,62,2,5,6
6.8515547235143694,30,22,8,10
6.1899535028144825,23,11,21,4
3.5087161031924237,113,15,22,6
6.497574387385882,89,30,5,7
9.984671888426515,71,28,25,5
7.984257964681401,52,11,6,9
10.512754905209388,31,2,25,6
5.23177378094944,30,30,18,4
3.963181370298219,115,31,15,5
8.285972975828907,15,33,28,6
5.450674861067625,70,39,12,5
5.070138203141323,47,10,23,5
4.312220800980804,17,6,14,4
7.965878254072584,10,19,25,4
9.092038587325291,28,14,18,6
4.520207879468199,80,16,20,6
4.219760592557757,43,30,23,4
10.575753817236738,96,19,11,3
3.5554320028768798,58,36,10,10
7.680063984400164,65,33,10,3
7.294115531666138,9,37,6,5
8.83494085237347,53,33,29,7
7.090566717641343,5,31,28,6
3.1158248554073364,69,24,12,6
3.601322949812346,76,19,15,10
7.008804773731674,13,32,9,7
1.160248975187228,40,17,26,7
4.905301734871981,14,3,19,5
4.939842286665934,70,18,25,5
5.603746131785744,22,18,12,8
6.838550343305029,31,20,10,3
4.609786155247477,98,20,7,2
5.978994718317257,5,3,10,5
4.534108160731074,64,35,21,6
8.151138401190629,87,37,21,9
2.601221615317945,59,26,29,6
8.00809062195026,80,12,26,5
2.2571551963104115,17,17,7,8
2.8493722441559655,33,2,11,6
1.0537800135919397,98,25,8,7
5.4320109181695155,57,39,5,7
7.982188177943103,51,10,20,4
10.28605093169745,29,12,19,5
7.479844030453924,48,1,11,8
7.715918162717772,92,29,13,10
1.0,118,6,10,7
4.374886961411433,110,24,23,4
2.754133233021212,107,19,27,6
5.183577045955587,53,8,16,7
10.493359463225957,82,28,28,8
3.276116983074641,20,10,25,9
3.5466021383148334,81,19,20,2
4.93204101479299,50,17,17,9
8.356214282041657,49,10,22,8
8.976013325736933,88,28,8,6
8.545068581105303,94,9,7,4
1.0,35,26,24,7
7.261427217090662,68,4,12,7
5.854390955232207,94,20,10,9
7.748318374025873,16,6,5,12
2.201038215370817,90,17,22,4
9.664532159572621,96,34,20,4
14.97662335124588,42,29,18,7
8.062442756608164,28,27,23,5
6.418957488492308,8,4,24,5
5.127692238077408,15,37,16,8
4.575705887310868,8,32,20,9
8.357327829751647,65,8,24,6
4.64454654080337,54,8,17,2
1.0,32,36,18,4
4.575257052240818,39,23,28,7
7.559231131805223,90,16,9,5
9.61995579917853,111,32,17,9
1.2420708511027367,40,9,22,11
2.8026840753972744,101,23,21,3
8.237879515568132,97,30,12,3
6.027466106266456,14,27,22,4
1.0,51,33,9,7
4.6499050599472564,61,20,15,4
1.0,111,37,24,4
3.9465022915274015,44,2,15,6
5.1025811205829665,75,38,27,8
2.533910806895127,52,39,25,3
8.855645073205492,78,27,12,3
2.5352076083157113,87,39,24,9
6.662213368530357,61,26,29,9
6.8006715323635465,105,19,5,4
11.671105053703286,73,35,16,7
5.698291173289318,118,30,16,3
6.302075416563729,20,3,17,7
6.445093309506584,76,34,13,10
2.94870639885417,20,38,17,4
6.157462116670461,107,18,19,4
5.513111141992713,104,5,22,5
5.467721845683607,116,28,23,4
1.0519383611194968,101,16,23,7
3.8452961946454933,102,28,7,6
4.815138142338993,16,36,19,11
2.6565594818348863,73,17,23,9
4.28649367362976,119,29,10,4
6.710296199644938,86,2,16,7
3.3624592420109205,13,8,26,11
10.691922814742746,7,11,5,8
4.458510810046011,51,16,15,7
7.088666493843151,36,9,22,8
3.4005823283608123,49,7,23,8
1.0,90,33,7,2
9.136709523429172,77,24,19,5
11.521592343429033,32,14,28,6
5.173283255803456,77,3,9,4
5.142064608969197,57,26,29,5
7.15555544511799,30,23,8,6
5.7342342397600925,88,30,20,5
6.619001848516062,98,38,20,1
8.043961648648462,81,16,20,4
2.1428932270769234,52,12,27,4
1.598842805579892,36,22,18,1
7.89538245353245,5,9,14,3
8.278692227071545,10,31,21,5
9.146112053854564,35,32,5,2
11.710091319695143,109,19,15,5
5.927520168360787,47,19,13,7
2.5458849181617653,19,32,19,10
9.66526312502406,67,2,11,6
6.600031732304769,40,30,11,8
3.244646639605474,108,6,20,3
5.991751118868722,43,6,23,6
8.67904199244919,107,36,25,2
7.034800240029988,84,16,14,9
3.1614780996970597,31,27,16,5
4.02178384464215,42,28,7,9
6.821749379512597,84,5,19,4
3.2369322400244025,76,18,24,5
5.319457592751267,106,9,19,5
5.945238958186806,50,2,27,6
1.7833964938304803,31,26,22,9
7.314587223975465,9,22,5,5
3.3345753070022983,75,19,27,9
8.592428646634342,100,11,14,2
2.9434752638844905,58,13,12,8
4.143527092144783,22,11,11,2
9.27794501008151,77,21,8,5
8.000302790784598,112,3,14,8
6.313141794274203,50,37,14,3
7.859912394814147,43,12,18,5
2.7458953304510305,5,38,20,8
6.08124035930252,40,7,24,6
13.660744466075306,89,16,23,5
1.0,33,18,5,4
8.170705497560249,117,20,18,6
10.769059280700107,7,10,12,3
2.580191495419667,27,23,13,4
6.978333206816519,86,15,6,8
5.4660524661084935,117,7,20,5
10.379335121551616,109,39,15,2
3.8246598768192817,57,9,16,3
6.975509229503979,53,30,19,9
5.629536182443105,94,27,18,7
8.714456267958585,109,9,25,7
1.5367259342958368,40,11,7,6
6.026963887130822,44,9,22,2
6.025959306762505,8,15,13,3
3.8790825188278792,109,20,6,9
6.81142640414612,68,28,13,14
8.233783257454022,65,23,26,2
3.903987247554,82,31,24,5
3.488615671136159,46,3,18,10
1.0,29,17,23,3
10.36687430856021,58,34,10,6
8.10393504972207,85,37,24,7
8.161288927829613,12,19,13,5
5.009257978200607,47,32,5,3
3.457924435817414,56,19,16,8
13.479434930775195,22,1,26,4
6.760529396927081,38,32,26,5
6.750297157246797,36,3,11,4
1.6220372322329473,45,1,16,6
5.528099806593284,79,39,10,10
5.732870256302209,12,38,21,3
7.002151941050883,32,7,15,7
1.507253628833893,41,20,16,10
5.254309107948118,5,9,22,5
2.526233746772245,8,35,27,8
5.3478078592563545,72,13,18,5
10.628649944002936,113,37,25,5
7.290684233692193,47,29,23,9
13.160635372689871,25,20,7,10
6.963034700395536,32,23,20,7
5.8528235529062185,72,23,25,3
3.5106354869774212,30,16,19,7
3.0170427716870027,5,28,22,7
10.394300727937075,6,8,26,6
5.560148326860921,109,19,23,2
2.983677195942836,86,32,6,10
5.33500883320781,114,23,18,4
4.403500971599423,116,23,24,2
9.359698598271013,101,22,25,7
4.351382071035429,59,5,25,2
4.791661102797593,16,32,29,3
6.007060824199214,34,37,29,6
6.099205395179593,60,22,14,3
10.568652931819491,37,28,6,6
4.305636443465184,110,11,15,8
9.41899297818539,106,12,29,10
4.066612887703121,70,33,29,6
1.8993243333058096,23,14,6,8
5.097521265778251,72,1,21,5
7.767758375419052,17,37,10,7
9.381647666546014,115,39,9,6
5.591593775242354,25,15,7,5
6.843142270997031,23,28,11,6
8.500072112107045,79,34,29,7
5.19140864302252,53,28,26,5
5.570182919471166,82,9,25,8
4.006305348929173,13,28,5,10
3.09873654957498,68,6,23,5
2.993672356487158,11,3,28,5
8.332476567623772,33,31,27,4
7.9891089970531475,85,37,7,6
4.636278458110991,68,5,18,6
9.96554754317983,116,1,21,6
9.333260005818273,96,19,12,4
4.861479655494907,12,7,5,1
5.878293493574905,67,36,5,4
6.303201988332831,92,24,11,7
5.283004112169506,20,19,18,8
9.984690005009117,21,29,6,6
1.1145293677586299,9,5,18,4
8.5660806610319,99,38,20,6
7.037747857440689,91,37,12,3
4.699916658959814,41,12,12,5
6.204398355539356,43,6,21,6
6.204487120026398,12,39,7,3
8.932141124533182,106,32,7,8
4.49594187288623,33,2,28,6
6.694019561033962,68,38,10,7
8.036460383771988,99,36,25,2
1.822897745095852,57,15,26,4
7.050347055483798,73,32,26,6
6.6555199346507345,80,34,7,7
3.0509002482968404,78,32,15,10
4.959445949760533,62,39,13,2
5.922939573024255,108,32,20,6
6.44629914573624,24,26,20,6
2.604046888482339,67,24,22,4
8.160232778678171,53,8,11,4
6.656126677343072,22,15,7,8
6.412699631207612,85,36,7,4
5.411622161469811,15,27,22,7
3.5180557534844863,43,37,21,6
8.041437095254622,60,4,21,6
8.429806016443571,68,38,23,8
9.653154720049503,71,6,17,6
6.1013138037635475,17,39,28,6
8.861824037577176,23,3,24,8
6.6670416255201355,32,9,5,8
7.129189697668911,72,34,28,0
4.086796918090701,99,34,8,4
4.672003661882465,107,36,24,9
8.446955573062327,96,12,21,11
10.529951279179013,22,37,25,7
8.854697791241632,6,16,6,5
6.559357583744811,57,32,17,4
5.815283312126361,11,7,29,6
5.476824126308615,71,24,29,3
10.783936456352855,113,30,19,9
6.338549899071565,91,39,11,6
14.240451428135229,49,14,7,8
2.38504884846222,44,31,6,4
4.029821548401703,33,31,8,5
11.808568471718942,103,29,20,8
7.654378248967625,85,16,5,3
1.671075772407594,30,38,16,7
6.208471036336935,68,16,14,6
9.324417659989386,84,31,20,5
3.3585456838324035,40,33,9,6
8.00825324786009,98,33,22,5
6.221860574081669,24,4,11,7
2.0478813192742487,91,26,22,12
1.6057731312569343,72,18,14,8
6.409907409032612,115,14,8,4
7.4787893716371645,49,9,11,7
5.962061686256516,36,37,24,2
5.128126943794735,6,18,10,7
4.317281360434061,52,7,25,6
8.552343671860946,59,6,28,5
3.4564501527444467,7,22,7,8
5.47903707984966,107,36,22,5
8.893186917261772,11,36,24,10
8.54761016807246,95,25,28,6
9.491253306018844,63,32,20,6
7.03791006194117,22,4,15,7
8.587180669244333,52,18,19,11
8.887413020250902,60,6,5,4
6.012130344650462,59,23,6,2
2.590433844331051,85,23,14,2
5.065462675967483,101,3,19,7
8.960242828677828,44,16,24,7
2.744141780584977,22,19,24,7
6.077861520938111,103,25,25,4
5.311675210516561,13,2,21,5
7.777188620752236,116,23,9,5
6.998744869004003,61,7,25,5
9.594124747396858,32,36,15,7
5.074385714096308,20,25,16,7
8.352142899338435,6,28,14,7
1.7481801167438853,113,2,20,3
7.473401250358634,68,14,19,6
4.129168816816247,52,5,21,2
8.288037130454649,74,20,19,10
6.313777177576265,5,26,26,7
4.630615633897805,27,10,8,7
