edad,a√±os_experiencia,multas,km_anuales,siniestros
56,4,0,17843.604595268105,0
69,36,0,10676.243654455393,0
46,37,1,24112.310116300763,0
32,29,1,18950.35507153494,0
60,8,1,3837.312000454158,0
25,33,1,20185.461688405358,0
38,52,0,11571.754485496338,1
56,43,0,16179.381285854786,0
36,34,2,21048.024025759558,0
40,51,4,11702.372492010996,1
28,21,1,5126.444315749117,0
28,43,3,24033.271151434972,0
41,23,0,21987.500827211687,1
70,16,3,14476.463920902326,3
53,9,0,20120.52870895269,0
57,29,0,12783.679607617893,0
41,45,2,15581.821060565098,1
20,22,2,14134.27234417956,0
39,31,1,13026.335487856186,1
70,16,1,17155.815480514528,0
19,49,2,7750.927058126471,0
41,50,2,13490.515015406525,0
61,16,1,16886.87683490043,1
47,13,0,26028.604247769814,0
55,8,2,7994.794708123824,0
19,39,1,18123.318346394564,1
38,1,0,18780.89265856717,0
50,44,2,3739.68761590358,1
29,24,0,17463.19208645551,1
39,38,0,20281.710473902684,1
61,8,2,18531.91607629461,0
42,53,1,14496.436470763947,0
66,21,1,16999.440219134573,1
44,42,1,16019.06818349418,1
59,45,0,4863.255970108832,0
45,3,0,16159.921948526797,0
33,25,0,12797.577564109966,1
32,28,2,10771.066974012101,3
64,44,1,29909.819721519925,1
68,33,2,22515.694317717345,0
61,22,1,8098.967638113674,0
72,36,0,17079.817179395035,0
69,10,1,23748.151653385947,0
74,5,1,6022.805075543989,0
20,17,1,15461.898848442925,0
54,20,1,15744.43635431696,0
68,41,1,7353.042705005863,0
24,35,1,17277.30182767338,1
38,40,2,21697.478343108753,0
26,37,2,24048.28554851492,0
56,33,0,13503.815390244326,0
35,16,0,30009.870210810677,1
21,36,3,2652.1994796194685,1
42,24,1,17137.300258886775,1
31,37,0,6526.234080420867,0
67,11,1,15541.095824981398,1
26,22,0,11868.559499369823,1
43,52,4,18041.26473834337,0
70,41,1,14238.715715386836,0
19,21,1,10044.094931840902,0
37,20,1,10438.25431461612,2
45,26,1,26594.756984697317,0
64,30,1,17661.14243077449,0
24,5,0,4787.227760769671,1
61,26,0,18304.726410700583,0
25,39,0,13831.940025852016,1
64,33,0,15027.606522582833,0
52,11,1,19919.328923890782,1
31,44,1,22099.363042277077,0
34,52,1,9847.123632475867,0
53,6,2,14821.550075067697,0
67,9,0,11723.333983568582,0
57,44,1,18581.173086445575,1
21,16,1,13606.173037582983,2
19,25,0,15175.508878211253,0
23,20,1,13378.339433939012,0
71,27,1,14363.282906584009,2
59,45,1,25227.906035568813,1
21,1,1,29344.596988606347,1
71,53,3,17262.552562454857,0
46,42,0,14400.18132109858,1
35,0,0,5426.179434661901,0
43,50,0,10437.490801131758,0
61,52,0,14239.583785284562,0
51,35,1,10709.620676175442,0
27,50,0,11340.595422768465,1
53,25,1,24452.33684433699,0
31,28,1,15172.74488243089,1
48,20,1,15709.27194841162,0
65,10,0,10954.856637970639,2
32,39,1,22065.268348617516,1
25,10,1,13724.528232068591,1
31,35,0,11874.818009094863,1
40,48,1,5515.4950961433515,2
74,38,2,14633.388517491803,0
57,39,1,11687.65198933559,0
38,34,1,25107.478476101394,1
33,53,2,26063.3921520117,0
62,33,1,7588.317031402353,2
35,54,1,8267.080572714016,1
64,46,2,13342.082189241313,0
70,23,0,10103.77262763437,0
41,53,0,16304.499454120281,0
43,21,0,13040.259065486596,1
42,4,0,16683.19404333155,1
62,32,2,21096.5611298818,1
58,35,0,8614.670937986955,1
46,46,2,20971.26733486439,0
32,19,2,10628.085514078939,0
62,18,1,27890.897094892654,0
18,34,0,24725.85579749633,1
42,51,3,14321.517984682589,1
24,42,1,9218.499332819752,0
26,16,1,8070.8041219525,2
41,44,2,20241.77101244718,0
18,42,0,14817.58340081701,0
61,33,1,20561.20131451175,0
25,8,0,28225.37381577384,1
41,25,0,10377.70236770326,0
28,1,0,7619.170537451472,1
68,52,2,16155.361407195756,0
34,8,3,21868.557668713784,0
25,8,2,9357.238261285456,0
52,39,0,15207.748432555476,0
52,16,0,23220.26196702594,0
50,0,2,5202.732969057766,0
22,24,1,16411.907768634595,0
59,42,2,11759.381438407292,1
56,39,2,15744.939545827818,0
58,41,1,19258.705743502127,3
45,24,2,16324.851047328548,0
24,38,1,8938.66558732887,0
26,34,2,11992.523170599128,0
25,2,2,23559.5578819468,1
29,49,2,16973.59736354459,0
51,36,1,20041.91476550909,0
50,43,0,16501.771861098256,0
65,43,0,19854.69640945152,1
72,50,2,12623.12346037607,0
40,29,1,10394.930119395387,0
41,37,0,19582.186295088282,0
54,33,2,21764.244062673337,0
52,11,3,9514.312135220149,1
61,18,1,11544.331131457631,3
57,36,2,14020.641430614562,0
39,43,0,24718.94762989589,0
44,48,1,18378.81273100956,0
52,16,2,7055.47902080468,3
18,9,1,14442.103250462993,1
52,54,3,13524.727465497395,0
54,48,0,7960.382663976419,0
64,46,2,14371.248498631634,0
31,11,0,13259.775362361766,0
20,15,2,12830.204858297046,0
18,23,0,12555.711795709134,0
22,18,2,23828.36129009282,1
43,7,0,12817.781303396907,1
72,30,0,15298.026337801588,2
31,20,0,14647.411726339626,0
56,16,1,11969.898897795983,0
44,22,2,15477.028394206187,0
26,36,3,15392.10357658658,1
32,53,0,15478.539161395296,0
32,15,1,9844.601147421472,3
43,5,1,13763.252956484153,1
59,7,0,19561.931252099144,0
30,24,1,13921.100211719759,0
68,17,1,15970.69147560755,0
49,24,2,16002.222004358131,1
56,11,0,17504.3707844035,0
66,14,0,18351.905490082863,0
69,25,0,13955.096341504677,1
49,40,0,9531.988181447421,1
21,44,4,7687.708027950745,0
47,25,1,21106.118476418153,0
54,46,2,19621.502687826396,0
40,31,0,18896.188106025158,0
56,9,1,19867.22116717604,0
62,15,2,14030.66409824467,2
32,6,1,11250.741493406698,0
60,16,1,9117.555541211772,1
46,22,2,8463.900020487003,0
53,25,1,22272.952131301987,1
30,20,3,12041.130865475108,0
49,21,2,21329.154415265322,0
24,6,1,13878.685017716096,0
68,13,1,10942.552750545456,1
39,14,2,8433.81121469914,0
45,52,0,11471.073858073498,0
19,6,0,23509.43269743774,0
59,8,1,8494.739521321126,2
62,50,1,27700.480928877903,0
74,47,0,9956.355435182137,0
70,7,1,19499.699823907475,0
23,49,3,14128.492234470068,0
45,22,1,13076.642504842886,1
45,28,0,7371.475337249184,0
61,17,0,14409.642103492572,0
61,30,1,8050.284021803974,1
37,29,3,4910.537401395357,0
47,51,0,15717.592069304694,0
28,38,2,11187.461358985467,1
72,34,0,25106.091096749886,2
45,17,4,21000.130290556932,1
42,41,1,25184.59308802062,1
56,38,0,10914.702572952609,0
50,16,1,15816.826440787725,0
18,13,2,2000.0,0
74,30,2,13309.185715879656,1
44,23,1,15590.990088148086,1
74,34,1,15924.288466210633,1
69,43,1,14745.789536749962,0
30,44,3,15399.555430510009,0
58,33,1,2000.0,1
20,2,0,16537.33101649187,0
56,36,0,17900.639351580234,0
23,42,0,23028.152415773104,1
25,39,1,17212.428355661585,0
44,25,0,14215.577599720571,0
26,54,0,21629.65153338583,2
54,22,1,2000.0,0
50,43,1,11910.308816237139,0
68,38,1,10405.14011964773,0
59,14,0,14792.869201012134,0
61,48,1,2000.0,1
41,3,0,22917.81397346231,1
32,28,0,13501.140601894524,1
71,21,0,16912.780146953603,0
49,24,0,16338.547350359366,0
49,12,0,22574.9393692617,0
41,17,2,3828.299190755717,0
58,32,0,15673.926992818875,2
69,15,2,21877.06956422916,0
66,44,1,14412.081319675852,0
66,41,0,9292.383641170189,0
69,43,2,11376.659306065285,0
29,1,2,12642.347989161573,3
56,54,0,10673.699822862065,2
19,34,1,14083.133297595843,0
20,41,2,24049.484419110013,1
66,33,1,11415.811406775105,0
54,29,3,12073.956154326006,0
66,54,1,17758.68350430188,0
73,12,0,13951.077816216744,0
34,12,0,7024.889199930705,2
66,17,2,14632.86937332587,0
19,31,1,14406.651405618448,0
19,31,1,20854.07007262892,0
45,34,1,9167.085610784032,0
71,38,0,20893.91689653266,0
40,45,0,14413.015127400338,0
54,51,0,8352.349974510025,0
49,28,3,7147.330127538427,0
50,48,1,26606.33116745118,0
18,28,2,14040.503862987358,0
36,52,2,20619.024700382928,1
19,43,1,4751.283632351222,1
70,15,1,30826.169327783406,0
61,43,0,20359.46777020277,1
43,46,1,13467.358715068745,0
49,9,1,13163.004852866941,1
23,29,0,19407.588769817976,1
49,24,0,19063.09012035028,0
72,38,1,16095.175682384632,0
21,19,3,15065.272549213383,0
72,4,1,18366.4025041555,2
28,0,0,4549.778681518937,0
73,29,0,12772.351724314482,1
34,48,1,5118.8168502429235,0
55,2,4,18627.55406821503,0
41,44,0,10945.116173800085,0
22,13,1,5570.5315279249335,2
69,29,2,10237.280855886183,0
51,49,1,15896.137208794711,0
23,3,1,13768.62970466514,0
39,17,1,7961.060645803361,0
28,36,0,4770.788389616304,1
65,24,0,15443.596722183012,0
33,47,2,11515.391359497235,0
50,0,0,13451.515740815696,0
26,52,1,14041.888875070203,0
23,45,2,17580.394123051912,1
33,14,0,20081.67901061948,1
46,8,2,15879.05520575066,0
20,14,0,13077.224701442137,0
37,48,1,15148.581228574816,0
53,23,2,12964.578196442271,0
36,3,0,5144.679878201274,0
43,11,0,21551.67702773745,1
20,36,1,20420.63317492682,0
36,36,0,26930.003961483577,0
37,42,1,28682.99583886565,0
49,5,0,7943.879206483438,0
24,38,1,12987.60047772703,0
69,45,1,30069.237581220856,1
58,23,4,14756.696306506592,0
50,10,2,16465.26541528051,0
57,12,0,5873.220289832525,0
56,33,1,15901.731789460644,1
35,24,1,26591.642248554534,0
57,6,2,22719.75486062117,1
18,51,0,11340.09227088874,1
28,3,0,12622.101800589502,0
45,7,0,8214.59824503442,1
74,19,0,9893.021158501764,0
42,28,0,3538.728427281181,0
67,53,0,14491.081952041544,0
40,52,2,24060.664079582464,0
48,50,1,17132.591544562496,2
47,44,1,23197.43393979439,0
59,45,1,21439.49640555599,0
52,9,3,11719.15146256423,0
24,42,1,10442.96003156131,0
33,33,1,10672.892658891265,0
43,25,1,4697.628309347707,1
65,40,0,15193.981396773448,0
74,48,3,2000.0,0
69,2,1,18548.493055718314,1
66,5,1,15431.285614313249,1
19,4,1,17828.63919896904,1
18,4,2,21342.097697688812,1
65,53,2,16192.767530033121,0
29,46,2,24789.430425928535,0
22,22,0,18731.67486571326,1
54,48,0,10457.2389191037,1
49,8,1,13573.733747124727,0
72,34,1,2000.0,0
26,19,3,9586.857357167004,0
58,48,2,12714.021564399656,0
52,41,1,18277.641657345994,0
36,34,0,10497.833828749135,1
65,49,2,7522.415916393416,1
33,17,1,3674.8085819512453,1
20,16,2,11421.494888440091,0
37,23,2,26705.110814207575,0
41,2,1,16626.642209382197,0
71,31,2,20637.476474131072,1
73,34,0,9599.674604014504,0
50,37,0,5559.301439386689,1
41,12,1,7673.535215471595,1
69,46,0,14417.213345054177,1
28,24,1,3035.226939124461,0
66,8,3,8960.457501541376,0
25,3,0,11481.835884172238,1
53,13,3,7074.448163620194,0
55,36,3,2257.901896051024,1
57,33,2,16737.92218925855,2
37,10,1,15275.22866930739,0
52,40,1,19674.179205780776,1
65,2,0,8337.445504485346,0
42,27,0,19559.536458284827,0
52,28,0,24175.825166921313,1
42,8,2,16573.288393421128,0
46,2,2,11340.382233320037,0
35,24,0,15870.483897055463,0
63,33,2,11053.275664226538,1
35,11,0,10054.29865392749,1
19,41,0,19099.562337019954,0
71,8,1,14165.698081276807,1
52,14,0,22230.573920700175,0
33,39,0,12345.46206453858,0
58,24,2,12952.952515979934,0
53,4,1,11600.934028611167,0
50,10,1,8278.89936787677,1
21,33,3,19886.549391699547,1
50,23,1,28114.269987684926,0
31,14,2,12706.63656860309,0
38,37,1,10917.024337949963,0
65,7,0,10528.059097757457,0
37,4,1,10921.600634397719,0
73,47,3,24898.70211744481,1
25,25,1,10689.116881440652,0
24,17,1,11488.399194662761,1
20,5,1,7557.874487094167,1
34,36,0,16761.892643178424,1
50,47,1,14596.622627094079,1
65,12,1,8176.927345184638,1
29,27,0,9643.022416091524,0
68,4,1,24197.600223213347,0
39,12,0,15196.246537612607,0
72,16,1,15610.112372683787,1
39,49,1,15633.922950156368,1
63,39,0,23367.75232926706,1
47,44,1,8728.713826075738,2
55,31,0,12621.626878941273,1
55,28,0,13986.208760024934,0
62,50,0,4672.945048261654,0
68,2,1,9503.15090051194,0
71,39,2,21280.048963685625,1
25,33,1,19561.280977980707,0
44,39,1,20622.401250612187,0
44,26,1,11465.458664811593,2
51,12,1,12205.828559286982,1
38,44,1,4271.607029771803,0
47,32,0,20591.60725389786,0
50,5,3,21579.913612596574,0
45,23,2,21503.52579921365,1
64,18,0,24624.547520863438,1
50,15,2,17532.651560939434,0
22,39,0,24341.291019280154,0
65,27,2,13797.15234505273,2
36,32,1,4397.937809966699,0
21,47,1,20164.348063440706,1
52,40,0,4176.665243947828,0
66,12,1,16021.212296960191,1
34,42,2,20731.942812745532,1
61,44,1,16945.55277621118,0
45,24,1,28669.458423493652,1
47,52,2,3204.426035118133,1
46,41,0,14502.835964784508,1
63,35,2,15104.732791515935,0
70,26,1,6935.383102905518,0
23,37,1,8077.603255654287,0
52,6,1,9929.2283350404,1
58,4,0,8402.116235704427,0
54,42,0,14352.032099016793,0
41,44,0,11382.21059908704,0
46,50,1,16907.45030457405,2
66,30,1,18896.582797218376,1
63,22,1,18490.673758313336,0
70,41,0,12539.242528891464,1
48,9,0,16706.853776786833,1
52,31,1,21210.7734970604,0
50,42,1,17673.38748766494,2
69,52,1,26153.86616666052,0
38,29,2,20893.073920600127,0
49,38,1,25310.44243589077,2
40,30,2,2000.0,0
50,17,1,15580.056726841394,1
20,35,0,13056.404994286691,0
35,1,2,14250.121618114708,0
42,13,0,10170.243479375164,0
59,12,0,17377.19640230508,0
48,28,0,4149.861405495525,0
71,11,2,17420.621177227746,0
20,38,1,10369.732678916756,1
57,1,0,11997.683459277396,0
63,31,3,17631.010617394426,0
41,12,3,15472.666367198,0
67,45,1,21323.525468438722,0
49,26,0,9182.978964924063,0
64,48,0,14515.766086697236,0
39,40,0,20332.638702066906,2
40,16,1,17167.19846250839,1
19,39,1,17553.565520776778,0
44,30,6,21648.257150299403,1
59,33,0,12562.545306782831,1
19,23,0,11299.014737266374,0
43,44,0,18455.426621594015,0
34,34,0,14103.411083933464,0
57,47,2,21733.22140618629,1
50,5,0,17218.64062269034,1
26,18,2,11259.89591825843,1
60,29,1,17030.30416086685,1
71,6,0,9583.8020146648,0
65,9,1,20681.570810142337,0
56,40,2,6617.086160711089,2
46,31,0,22332.39164517711,0
59,33,0,16925.25906710746,1
72,27,0,14012.634182263955,1
43,14,1,19580.00490560326,0
52,29,0,18067.95986497413,1
67,36,2,22982.290113948366,0
42,28,1,22926.3704301208,0
41,21,0,17113.742664997717,1
30,3,0,9769.375871750537,1
24,19,2,11750.945997322553,0
74,31,1,14570.11868513011,2
53,35,0,21490.330166370564,1
62,49,1,12261.681231975148,0
37,3,0,12762.35687741918,2
18,26,4,26090.103775604563,0
25,16,1,14374.20893173364,0
63,11,5,11191.608658400368,0
33,21,1,19659.876170364885,0
31,16,0,14663.194302242491,1
29,9,2,6662.405019398608,1
68,53,4,21245.48449684424,0
40,0,2,10517.764075804353,0
32,21,1,15261.513590337456,0
45,25,0,14591.165317275862,0
51,17,2,16380.607040819179,1
19,49,2,2000.0,1
49,13,0,12989.403127204592,1
40,46,0,21749.02236069421,1
39,28,0,22592.67311934992,2
68,11,1,9052.257710158074,0
42,35,1,20523.589456270893,0
39,34,0,10431.421473446495,1
39,51,2,12752.8064436763,0
66,11,1,13068.093801244491,0
69,6,1,15652.822258232449,0
59,28,0,21008.198737745173,1
23,10,0,16587.50721617467,1
32,32,1,14243.209438056932,0
71,5,1,20803.867398229293,1
60,46,1,10184.031658597713,0
54,14,1,14536.695339192303,0
50,31,3,20974.687370265172,1
25,50,1,18175.83727074344,0
70,10,1,12202.176135330525,0
61,22,1,5922.259400398396,0
61,25,0,16865.149144768868,1
22,33,1,5527.948788582064,1
56,45,1,13724.99181185301,1
21,33,0,22073.690395420006,0
23,28,0,18580.551877811096,0
62,3,0,2858.076131926997,1
49,16,1,16202.709026041903,2
69,34,2,13084.980512384434,1
47,12,1,7357.695595647303,0
64,40,1,17010.127774812616,1
52,38,0,12049.572907255637,1
72,14,3,12086.795768163014,0
57,54,2,15744.270710560322,0
69,28,0,11244.692814591093,1
33,28,1,15574.41500319938,1
30,10,0,11440.050662220396,0
67,51,1,11769.231236264748,0
59,31,0,20957.578615773167,0
47,1,0,21568.02981828166,0
36,46,2,4748.07451714425,2
34,13,2,19482.437063079313,0
73,19,2,23391.546027756634,0
36,21,0,24344.260904421455,1
45,10,2,18122.278355310715,1
72,26,1,8655.612853536615,0
43,2,0,18779.885042085207,1
54,16,1,9784.485868704502,0
43,43,1,12942.209003060076,0
70,27,0,17298.492942268913,0
40,28,1,10171.443920287566,0
26,20,0,8121.598159693293,1
29,46,0,17794.63991094494,0
70,15,0,26203.34522587389,1
18,36,0,22459.405982876782,0
18,19,2,19243.11711030057,0
64,5,3,20875.1126135384,0
51,18,0,18826.316983091496,0
49,4,0,17699.401376456357,1
71,2,2,20391.70703759188,0
65,0,1,6789.821447675868,0
42,37,3,16196.91179665748,2
57,14,2,14514.31076253694,0
62,33,2,15473.416986867382,0
70,34,3,12231.766711519263,0
18,48,0,18122.927068645393,0
33,24,1,10092.431941874358,0
56,23,2,11796.870423647793,0
22,11,1,11076.720518087399,0
39,17,1,20183.679823619215,0
46,14,3,14929.65898074484,2
72,43,4,12235.005961219422,0
20,15,1,12759.421829902916,0
29,26,0,15023.283700082442,0
43,7,0,24733.04951321912,1
33,45,4,7580.877981919968,2
68,24,2,19053.05998607871,0
54,16,0,17831.174028186048,0
39,28,2,9702.207609319346,0
74,52,0,23801.23974092812,0
46,7,1,18235.68270528406,0
31,14,2,11953.60018062146,1
45,26,0,3843.5200443224403,0
22,45,2,16374.881006994676,0
64,49,1,14731.526491464101,1
66,51,1,8815.722412403284,1
47,6,1,8738.31353918618,0
63,2,2,20211.059202717028,0
69,28,0,3265.83055607403,0
22,43,1,16885.696530438217,1
29,52,0,13875.37814813483,1
33,23,0,17982.928970120636,0
43,2,3,13234.169940838792,0
43,19,1,16759.649791561886,0
65,45,2,10543.350932827745,1
38,14,1,14704.77050295979,0
56,24,1,17934.503268904456,0
53,29,0,15905.231227652821,0
50,13,0,17281.841054409266,0
47,6,1,9432.472203290119,0
54,16,1,11455.952628690888,0
40,43,0,11559.960964704329,0
27,19,1,13341.061466479483,0
71,35,1,23151.49721770697,0
22,8,0,12874.927466785794,0
53,37,0,8138.643241406998,1
51,47,1,18249.874127103554,1
69,21,2,23079.86058860689,0
48,53,0,7432.728888886145,0
27,52,1,26836.864528308543,0
36,52,0,17491.05961393843,1
49,1,0,21203.344734410344,2
18,23,0,23802.42981025989,0
73,7,2,20835.70585624645,1
22,10,1,14336.786417953908,1
62,12,1,22306.18886514849,0
21,16,1,16527.598619225515,0
33,7,1,21542.90834944584,0
41,20,0,22199.2529026841,1
33,17,1,8454.620460163389,1
72,29,0,19765.806791862036,0
19,17,1,13908.64848891977,0
66,45,0,15829.143820704088,0
45,46,3,15762.556493056785,0
49,30,0,15521.82130545215,0
44,37,1,24141.151873374234,1
37,31,0,6801.314238635619,0
41,10,2,4665.939858781285,1
29,44,0,3400.2595700065613,0
67,24,0,21414.865583615483,0
52,32,1,10359.375048794042,1
50,37,2,15793.118817089318,0
50,40,0,14311.697255252526,0
68,7,0,9681.74915616012,1
60,10,3,20108.86342533419,1
54,21,0,14235.222190695693,1
29,50,3,13573.58953776969,0
20,23,2,16397.227846441507,1
18,40,1,19324.632509029303,0
50,16,1,9246.142538793312,0
57,11,2,20237.51008399972,0
27,45,1,23699.121118640098,0
60,31,2,6443.265787432943,1
61,14,0,16669.79387476699,0
46,15,1,13170.466725856037,0
30,53,2,19195.38348432084,1
29,21,0,7700.044724838893,0
48,27,1,24773.629353861455,0
63,19,0,5352.631161425585,1
19,32,1,13534.314361340796,2
68,9,1,17605.77645597216,0
67,39,1,10881.97891839105,2
52,31,0,9939.590709257775,0
40,49,2,16333.413819783143,0
34,32,0,15466.559519946482,0
43,1,0,15035.629016490897,0
25,32,0,20152.13106879376,0
46,32,0,12633.163839431872,0
43,40,0,16917.555898770028,0
27,12,1,11960.383150345111,0
43,29,2,9904.023085023553,1
51,32,5,13291.448229059888,0
68,12,0,12007.40887683821,0
58,51,2,12307.177193023312,0
24,25,1,21991.96450681297,1
21,21,1,13475.379275786676,1
70,38,1,11022.55996632081,1
67,1,0,15168.472644287944,0
62,37,1,15625.367634770446,0
28,38,2,7878.712622435572,1
46,25,1,13209.562368456938,1
73,45,1,12967.894055408418,0
53,49,1,13967.134357749159,0
42,14,1,19353.17023822791,1
38,33,1,15820.031226977295,0
74,41,1,22367.62408431198,0
53,54,0,14930.037864667107,0
27,43,1,25656.523682280385,0
54,48,2,12235.349917610083,0
26,39,1,10382.625713009254,0
41,10,1,18283.816048661844,0
52,2,0,23184.491624790106,2
66,5,0,6727.180172488641,0
52,8,0,13818.05611071411,1
65,5,0,11335.308329484775,0
53,8,3,15857.10607795248,2
35,38,0,15060.107540996429,1
66,30,0,23072.287485766326,0
56,31,0,14349.5712427513,1
49,40,0,23248.704593821374,0
41,49,1,13109.397983887886,2
40,11,0,20558.8912506313,2
49,7,0,16371.978168820315,0
54,7,2,25379.31239210067,0
29,49,2,6137.9108231134305,0
66,27,0,8016.853693441052,0
72,19,3,25989.73370795032,0
30,46,1,10600.409439081877,0
40,6,1,10981.179851544832,0
42,10,4,9745.658487000874,1
52,19,1,21890.675739202343,1
58,15,0,7479.254320649253,0
47,3,1,15134.702473665966,1
34,5,1,13406.269069316773,0
66,21,0,21219.093501026608,1
37,25,0,11617.90402601013,1
65,2,0,17491.635474679642,1
42,40,2,7972.702959736382,1
39,41,0,28643.646232063205,1
30,13,0,13562.446052077747,0
36,10,0,15052.580909312202,1
66,17,0,24928.526153103252,1
53,53,1,11479.963354168744,2
29,11,0,25004.294057631698,0
58,22,0,12531.172955172235,0
36,11,0,19030.189102927554,1
29,12,1,11563.910159044208,0
26,24,0,6863.781329131593,1
24,44,0,17487.566103243695,1
45,50,1,18839.420405901197,0
31,18,0,7104.685546042568,1
48,54,2,13157.650086547728,0
69,45,1,22204.553769221442,1
36,35,2,18600.71370477966,2
64,44,0,12628.709989295696,0
33,7,1,11414.845790193267,1
70,28,2,26689.46595080866,0
22,54,0,6318.407581182852,1
52,52,1,14644.808553548384,1
29,54,0,6211.818757836334,0
42,31,0,22888.887869065686,0
69,50,1,14957.25832674998,2
38,43,1,16069.04450861661,0
53,17,0,31613.353857765655,0
70,5,1,11439.16394558164,0
40,17,0,25491.4554843512,0
33,18,1,12655.60851355087,0
74,21,1,13598.925254490608,1
56,36,2,30829.051539723594,1
62,31,0,14033.45773642996,1
70,40,2,6753.771574228513,0
59,2,2,16691.512728757873,0
56,27,0,13963.579048997975,0
31,9,1,17202.57505040316,0
48,50,0,14198.413240033384,0
22,34,2,28293.267697228584,0
52,28,0,18340.415033015615,1
40,53,1,8550.212233645092,1
46,14,1,15747.280812143126,1
60,32,0,10202.221054997768,0
28,6,1,13513.716944982278,0
35,11,2,9537.355736599064,0
64,48,1,27642.711139236137,0
29,29,1,10851.69230893067,0
26,20,2,19125.38611196482,0
27,30,0,13059.123468740238,1
61,23,0,8049.5209645632585,2
34,19,0,16185.89581739704,2
55,36,1,17404.15102251424,0
24,3,1,18351.759196527084,1
63,27,2,2000.0,1
30,43,0,7590.925717985453,0
57,19,0,20745.328314131308,0
59,23,1,9458.358224347248,0
26,49,0,16217.664301860666,2
67,48,2,7451.851828627287,0
44,50,0,19389.60661295064,1
19,31,2,20587.617575973447,0
22,40,2,19391.459437034202,0
46,35,0,21195.340874121583,1
54,52,2,24383.400869397195,0
55,33,0,7955.555210346152,0
36,35,0,10267.968413091825,2
25,1,4,20385.261421822768,0
65,14,2,21781.318631024886,1
62,33,1,10953.942278568447,0
18,35,1,10536.683608046496,0
39,5,0,11086.719060416966,0
69,38,0,5369.430215736324,1
34,41,0,7371.532906955547,1
24,50,0,7516.24412981908,0
42,50,0,13235.4091571662,0
62,53,2,16625.01909500373,2
21,11,0,17600.836989854233,1
53,2,0,11948.626480345913,1
23,44,1,12096.077302314727,1
48,17,3,15741.968970907568,0
36,39,1,6023.912657103438,1
61,20,2,20756.643192498534,0
71,14,0,22712.311674085624,0
56,32,0,11246.516173871762,1
44,34,1,12609.383043907324,0
27,25,1,22459.87334907102,1
43,7,3,14261.690454060603,0
36,35,0,18529.472675709778,1
56,47,0,14446.167637195356,0
20,29,1,24337.844330881646,0
62,22,1,17940.477769508972,1
30,41,0,18285.934631515152,2
67,43,0,18397.839232401522,1
45,13,1,11669.317582033726,0
37,13,1,12220.565178464789,2
45,1,1,19615.47383735985,0
25,54,2,15758.476976601705,0
58,36,4,7934.333953129362,0
56,4,1,26238.62654774868,0
18,37,0,20868.4312037826,0
20,44,1,15225.757943070113,1
30,40,4,13358.99410920021,0
45,53,0,16192.055145180497,2
74,46,1,18105.120594944565,0
66,13,0,2801.9955859797155,1
42,38,0,27674.09825691452,0
73,24,2,10260.69414499848,1
50,19,1,14988.566202067457,0
55,1,0,15209.201296674877,0
70,38,2,26981.101312133105,0
23,5,0,14471.256953959832,0
61,16,2,24531.043766121773,1
62,24,2,17440.364816766683,0
49,27,3,9228.690826764305,0
62,1,1,15808.244808616826,1
64,34,0,14288.947669710526,0
38,36,3,8495.577090574625,1
33,4,1,17146.33661683345,0
71,0,4,15132.616499099135,0
38,39,1,18338.53023275124,0
28,11,1,16160.11667758989,0
54,35,1,11093.382617915579,1
53,44,1,19610.00395374189,0
52,22,1,11253.610318478526,0
36,46,2,2000.0,0
37,30,0,15771.917687725301,0
74,10,2,11675.557636596062,1
35,9,1,17292.78302637981,1
64,2,2,26993.230415638285,0
58,53,0,27166.438158888348,0
66,13,2,14009.26246666896,0
31,15,3,10040.908972523666,0
32,9,1,18508.09969150753,0
48,28,0,12778.646448801874,1
18,9,1,17350.659134081656,0
70,11,2,11034.835426638874,0
71,29,0,16504.154496136514,0
71,40,0,10128.155086239141,0
20,0,0,22105.520496188798,0
33,4,1,11460.133855484326,0
40,19,3,18966.615214409816,2
74,7,0,7411.396300886886,0
28,42,2,19687.043139664147,1
29,11,1,9201.695584390796,0
27,0,2,16567.060841847055,0
49,53,3,21139.205840087918,0
33,19,1,13800.102608659325,0
25,27,0,8824.9985355244,0
55,42,0,17980.87504281553,0
29,36,4,9954.11160608071,0
41,46,1,12574.526404816628,1
45,36,0,16592.775956974365,0
70,11,0,23164.056216646233,0
25,36,1,15159.320122796813,1
45,48,0,15137.14505907074,1
53,48,0,19425.07736173711,1
43,43,0,15302.231380037982,0
25,27,3,18813.181198997387,0
67,46,0,21471.20127637768,0
45,14,1,13033.577098392005,1
45,5,0,2000.0,0
54,43,0,10092.437438487203,4
58,19,0,22252.092065011817,1
53,49,0,14797.411311614076,1
44,13,0,12965.218374432607,1
71,1,1,22000.709959219246,1
34,8,0,14392.050502620625,0
26,36,1,2444.800765505064,1
50,19,0,5968.1876339499395,1
70,25,1,17511.888124901434,1
37,28,0,14598.654350431641,1
30,0,1,23727.938872975334,0
45,54,2,10600.38789717494,0
65,34,1,13142.995427977232,0
46,5,0,9692.981561639881,0
30,36,1,11876.434933917284,0
63,52,1,3648.576592478257,1
52,4,1,12685.892015696809,0
23,32,1,14688.786817380587,0
35,48,1,14182.014945205896,0
68,50,2,27897.319582396856,0
22,13,2,26000.907463061885,2
64,11,4,10494.603174233487,0
42,41,0,2736.3798320844253,1
19,19,1,14404.79788241066,0
27,52,1,17259.06082902372,0
73,49,1,9837.095559702988,0
47,23,1,10134.146196445661,2
67,42,0,24495.329815875193,0
62,33,1,13454.690573128177,2
22,24,0,18973.501114174433,1
72,49,0,9418.165812873329,2
73,28,1,14658.357247651242,1
50,38,1,12981.969878192924,0
71,30,1,10947.760567180272,0
18,46,0,21931.802469130154,0
35,42,1,6666.737942201915,0
49,49,1,16800.340953067738,0
64,22,1,12869.270067057007,0
66,43,0,17488.946892215245,0
28,37,0,12950.540206689855,0
38,19,0,20203.158371513637,0
43,22,1,9361.78441048709,0
42,44,3,21945.319150051873,0
39,51,1,14827.18383195347,0
44,15,0,7028.984825909259,2
66,49,0,19081.29273541694,0
30,41,3,13806.901538894093,0
50,54,1,4752.972443162735,1
51,7,0,16994.80850255322,0
58,49,1,21039.5742916662,0
52,20,0,22692.814442160787,1
18,0,0,12729.8887044014,2
38,54,3,15871.908331954426,1
65,7,0,15303.218056757469,1
72,28,1,23938.815789428118,1
23,31,0,10137.0685057601,1
45,37,2,12212.04328677275,0
34,4,0,9991.678143301162,2
22,46,0,6305.096861322678,0
48,21,0,16486.723086312493,0
22,46,2,24607.789990665526,2
55,33,1,13809.093248909634,0
20,0,1,9708.620270741194,0
70,54,3,16121.158213392411,1
40,54,1,18534.709072635935,0
54,25,0,14061.821175380566,1
70,42,0,23421.211991725064,0
54,9,0,10125.828634274869,0
27,29,1,13278.182180925824,0
27,49,2,16775.92742905777,0
36,17,0,17357.782515706964,0
34,16,0,15283.368553788965,0
38,25,1,7329.480465857111,1
31,7,1,29028.06842523798,0
26,46,0,13584.180509723401,0
63,39,1,15661.60511150794,0
18,48,0,18700.56655903788,1
68,11,1,11180.967824102823,1
62,26,1,15341.558525224656,0
30,7,0,10936.858574080234,0
21,24,1,17493.304448845385,0
18,45,1,13343.864108666583,0
66,3,0,16612.31116382801,1
57,32,1,8720.775921086391,0
49,0,2,10026.501395962765,0
51,18,1,6809.155938859189,0
45,30,0,10736.819524042754,0
48,15,2,2000.0,0
25,13,0,13157.398765873038,0
56,52,0,11794.558368222442,0
43,47,0,15905.465781750418,1
51,4,3,15267.646346605736,0
71,40,2,22542.47861088642,0
71,25,4,30565.86110864467,1
20,27,0,21825.23407890381,0
67,1,1,12281.354463749472,0
29,49,2,12039.65550174066,0
18,5,1,20211.97825413429,0
71,8,0,4899.9318325630065,2
61,32,0,13108.782443019127,1
22,40,1,13571.082389736852,0
47,24,0,18504.78890891287,2
47,47,2,18683.19807684468,1
74,12,1,10532.636757641825,0
34,8,0,12513.764029768896,0
65,52,0,17670.62552899624,0
64,12,0,10206.476064487411,0
40,30,1,22236.7106086457,0
32,40,2,18655.051400641445,0
54,10,0,16029.05728916906,0
38,3,1,17345.64358968552,0
31,33,2,12198.656298355201,1
19,37,3,11242.251466874288,0
28,45,0,12451.666703167673,0
68,3,0,17999.800153559096,0
56,37,1,16206.08988425192,1
55,18,1,12463.71324184374,1
51,5,2,19497.490459845932,0
55,33,1,13956.321465983077,0
67,17,0,10840.135526464992,0
51,12,0,16526.049055791125,0
35,40,0,8921.822930262973,0
47,22,1,4876.657500385792,0
32,18,0,14969.372546608416,0
44,44,2,11055.517237734699,1
68,10,1,13475.073883980902,0
51,0,1,9199.6024911333,0
69,23,0,22253.59283821542,0
74,53,0,11031.04353643117,0
55,6,2,12408.00373097514,2
50,24,4,17267.299605499407,0
41,20,2,6740.314210063902,0
32,14,0,6296.701360507774,1
47,0,0,17285.717014160477,0
72,11,2,12330.314217226984,0
59,6,1,9591.029358635065,1
68,14,0,18620.23903768392,0
34,20,1,10128.470045352042,1
22,18,0,13352.926202706452,1
46,28,2,9623.217192164924,1
21,24,1,16820.623117498944,0
27,32,0,22992.457156300643,1
73,48,0,3833.7604240073124,1
34,31,1,15675.946132503874,1
27,48,3,20139.530651318102,1
34,34,2,12471.133516165362,2
37,43,0,8213.745754224688,2
41,37,0,17525.781162764422,0
22,25,1,21009.9210202626,0
51,10,0,20343.13306587281,0
23,34,1,17195.456027488966,0
70,7,1,15587.482425651851,0
19,45,2,9605.924667694193,0
30,13,0,20191.469702063652,0
60,9,0,19859.740880115045,0
60,1,1,8171.650088068398,2
65,45,0,17186.878367078945,1
28,8,0,18916.943253118712,1
68,2,1,20292.68263245304,0
64,20,1,14550.062285236676,3
74,25,1,9854.594555123136,0
40,7,1,11987.30292081573,0
72,47,1,8956.50084926423,0
33,1,1,14693.636009310107,0
48,5,2,13518.687620587858,1
28,27,0,27870.218524612243,0
71,52,1,20368.06285462879,1
33,28,0,20817.288401334583,2
25,25,2,17828.11494496637,0
21,24,1,12796.094119988891,0
57,11,1,13347.660247091557,0
21,4,3,13896.784201100276,0
73,33,0,16129.399636206803,0
42,47,1,17335.01886134069,1
20,36,3,15004.25176608313,1
49,14,0,13256.409135941201,0
20,43,0,11435.306217072093,1
44,35,0,6644.107453300478,0
46,14,1,22700.274990279908,1
49,42,1,28233.177409592485,1
67,47,1,22196.020685569507,0
68,22,0,7445.606244415522,2
36,5,1,19722.09941784535,1
38,45,1,21142.6578097249,0
22,49,2,12579.373808271852,0
35,43,1,17933.56343783417,0
45,42,1,12262.181804864282,0
59,44,4,24173.57396888244,0
39,20,1,17192.225533291883,0
38,22,1,9497.067051773709,1
23,42,1,19018.84858805603,1
18,54,1,21352.684040941484,0
22,15,3,16188.789906815253,0
58,46,1,17876.65015045961,1
29,52,0,14581.479424627212,0
43,14,2,8194.3172811226,0
63,24,0,14089.597449476954,1
51,35,1,18138.23779778135,1
66,10,0,14231.838792100572,1
31,50,0,19804.592560437544,1
43,14,0,12646.910632814495,0
62,3,3,13040.455035295035,1
44,20,0,19986.719987963428,0
26,12,3,16331.11510081827,0
43,21,1,12529.670513066449,1
74,18,1,21202.832256051748,1
64,33,2,10867.585692296832,0
74,13,0,10638.306245895907,1
39,3,1,2000.0,0
64,47,1,11676.188708535316,2
73,52,0,22852.300073533694,1
47,51,1,2566.2438829653674,1
60,45,0,9288.479158624696,0
65,26,0,17634.41133534102,2
34,28,1,2000.0,0
43,46,1,11935.808318941412,0
53,27,1,21845.179293664478,0
18,34,0,27258.154811093933,0
25,7,2,16741.479394002195,0
66,15,0,9441.197890553298,1
52,41,0,9239.227568110306,1
69,35,2,15869.447815985424,0
32,29,0,16685.779926990595,0
64,17,2,26147.572560349494,0
73,1,0,20824.82911522322,2
39,48,0,15504.638927330943,0
31,12,1,12988.756480443488,0
43,3,0,33088.27025581326,2
45,25,1,18759.56879997537,1
40,24,1,10987.489718534729,0
31,29,0,13652.262458451134,0
41,10,1,9735.2715599814,2
19,6,2,2000.0,0
62,30,1,16875.905947243937,0
43,43,1,25694.72529934389,0
31,9,1,5216.656786516176,1
73,38,1,15331.575575274106,2
68,12,1,10758.571325174416,0
24,30,0,18129.015153419117,0
20,6,2,13966.019059652604,1
64,48,1,6839.672073494394,1
40,41,1,9113.377716301587,0
63,41,0,10018.196808094755,2
60,35,1,23065.909247923246,0
64,19,1,22759.555661580904,2
62,3,0,13131.912677323815,0
35,53,1,22366.82060070808,0
55,6,0,13960.896963622956,1
52,53,2,13040.023449298877,0
68,0,0,15342.70704330705,1
32,43,0,16708.95167174182,0
42,44,0,11667.33124280999,0
72,41,0,15131.194453093336,1
54,46,1,19723.93503387914,1
45,12,0,15777.237835236283,0
27,54,0,15256.69741274592,0
56,21,1,17965.08128568477,0
74,53,0,19000.236365151657,0
34,20,1,14624.305088322464,2
56,21,2,12154.913657531108,0
39,27,0,16135.219820845412,0
43,8,1,5436.217621060205,1
61,25,3,13738.06802697687,0
42,8,1,2000.0,0
34,14,1,4945.249299380996,0
30,9,1,4042.8849034997365,0
37,23,0,21284.110454718306,0
42,41,1,15083.89089581595,0
21,7,4,7427.705860701993,1
27,23,1,17946.39626067214,0
20,15,1,20931.92687619911,0
58,48,1,18050.91333688424,0
62,25,0,13867.739229044482,0
35,26,2,16394.919710516202,0
64,36,3,20408.979198856396,0
53,3,1,12184.524974024065,0
64,49,1,15179.201539546953,0
39,23,2,13456.841732361412,0
51,18,0,5319.504884085085,1
64,35,1,20499.40908386581,0
25,38,1,27343.631189964057,0
57,9,0,9757.232272552861,0
66,24,3,20776.081409317794,0
61,17,2,9948.037321430395,0
36,18,2,15796.726890462389,1
59,35,0,24048.07364273866,0
58,9,1,11877.366087647333,2
54,32,1,14911.88151364876,0
23,54,2,4190.98202095154,0
69,49,0,11014.77393632261,0
43,4,0,3562.3660679957648,0
51,46,2,17575.06871924999,0
73,48,1,19989.825353709464,1
62,34,2,13670.190680575173,0
23,43,1,16715.321803540755,0
54,33,0,13045.617268497317,1
74,32,0,19443.272195246616,0
50,54,0,15776.771610751193,0
70,20,1,3086.019865178645,0
39,16,1,20639.88490855692,0
38,21,0,12662.74323250108,0
23,47,2,7377.723172749574,0
23,36,2,12366.396165935983,0
72,14,1,3587.5821087213626,0
65,34,0,7500.664132565741,1
21,27,1,15857.697660692333,0
47,6,2,16360.270118043398,0
28,31,1,16838.63300553101,0
47,10,1,15019.259206580986,1
48,9,3,10842.80925916793,0
41,8,1,14673.245163236608,0
72,13,0,12376.755318312687,2
26,12,0,5245.310411548897,0
72,24,0,10365.510053936472,0
20,1,2,20337.247387014148,0
68,34,0,24529.764912329665,1
48,6,1,18907.65026471213,0
57,20,2,24262.186565954486,1
54,17,0,15512.33166080975,0
53,2,0,25454.256508215236,1
41,41,3,27326.93064197148,2
48,53,1,4599.183011782872,2
23,38,1,16328.959842796996,0
19,40,0,15518.581134525253,1
37,48,1,12455.377106495405,0
45,10,0,17951.49322890832,2
28,38,0,15246.750411851262,0
21,23,3,10587.30647764774,0
32,45,1,14840.369369778111,0
23,18,1,22227.567476210337,0
71,3,1,16095.228581296054,1
66,25,0,18761.728489536796,0
47,37,0,13337.681398325452,0
73,41,0,17712.384060909688,1
55,31,0,7744.712817100921,0
68,38,0,12001.677003481245,0
74,44,2,14383.988348604431,0
19,45,4,7341.984476240774,0
32,35,0,10018.699686646367,0
28,39,1,16878.67061144335,0
25,36,1,15778.991497728193,0
43,32,0,19838.19254794625,0
68,35,1,11396.933890889017,0
62,2,2,15345.613356031448,0
61,8,2,10968.79553469703,0
22,7,2,19236.77129465596,0
23,32,0,22144.476696151483,0
43,5,0,17899.948963516817,1
71,40,1,21367.165657659498,0
21,38,1,15194.999177327172,0
36,3,0,19833.563009971054,2
37,12,1,15452.506455674762,0
50,48,1,8850.431600485394,0
37,1,1,16480.32833219164,0
66,4,0,9028.219837256944,0
29,43,0,29034.773709413465,1
64,26,1,12995.471047347994,1
18,31,0,18870.227132693984,2
43,20,2,14925.520682846432,0
31,7,1,7598.319455784565,0
55,37,0,3608.8618196125717,0
54,7,0,19494.083730444785,0
28,49,3,24296.045560626357,0
53,2,1,10591.177756737849,0
30,53,1,5059.844882642457,1
60,43,0,13049.023605470251,1
20,2,2,9377.2977285676,1
50,21,1,11098.105920827442,0
23,5,0,18662.242198351712,1
67,1,0,14697.221715582971,1
73,22,2,10022.954646707894,0
27,43,1,18531.00471756717,0
22,1,1,19001.234070454746,1
40,37,2,12977.655083732248,1
27,16,0,15827.49912550836,0
61,34,2,18123.011298461846,0
19,33,0,17556.618785900384,1
30,22,0,15243.684521793197,0
57,29,1,23595.516709351778,0
19,51,2,18496.084878091115,0
37,7,0,12295.925901013605,0
18,21,1,12331.98559380657,0
54,43,1,11651.481899179958,1
26,35,1,18792.725683366865,0
34,4,1,11263.51463998856,2
26,12,0,12450.60546478316,0
28,28,4,21348.134328694876,1
32,30,1,16149.791772404335,0
41,46,1,22191.195762727126,0
55,54,0,19788.359240114052,0
72,15,0,7939.96902557962,1
52,41,1,14387.201650555791,1
47,29,1,20939.694239811255,0
48,54,0,7666.943609093926,0
66,15,1,17518.26492215206,0
22,11,2,14764.581157807537,0
61,16,2,4471.267547265677,0
67,15,2,15717.955827113601,1
31,11,0,9975.191903240804,0
70,7,0,7994.089307301444,1
73,19,0,15054.844054935797,1
28,2,1,3414.8823644819604,0
26,15,0,10954.258244490706,0
51,29,3,30307.04551501589,0
29,44,0,18901.33436044166,0
52,22,1,9711.45056299588,1
52,27,2,23424.995640602378,1
18,50,1,9047.738635337197,0
57,39,2,11677.829081187165,0
39,53,1,8106.891540424272,1
46,4,1,16536.479271996126,0
25,19,2,23211.77773258277,1
28,39,3,9005.962604640863,1
58,43,1,2637.3417755454666,2
54,0,1,21545.800047116518,0
31,29,0,24322.803006526083,0
47,20,1,3029.5172015116023,1
52,19,1,17760.326048678664,0
38,5,2,16359.032112691732,1
54,21,0,10275.14817067347,0
22,17,1,6633.865999984602,0
36,7,3,20950.502072679334,0
31,38,2,16074.42318874317,0
43,31,2,16526.558744560323,1
21,32,2,11269.383883000794,2
42,52,1,10188.544773300255,0
62,15,1,2000.0,1
59,11,0,13631.831821290725,0
42,37,0,23632.958276725338,1
35,51,2,9658.473479708078,1
57,33,0,5865.511834399562,1
25,13,1,17613.98739874201,1
56,35,1,18720.479990678017,0
57,32,0,11484.564235912945,0
31,22,0,12907.41321180215,0
49,49,1,16583.418703312553,0
68,44,1,14066.70318822404,0
55,1,1,21000.77601452389,0
50,40,1,29623.455455545314,0
40,20,1,4745.018668857265,0
32,1,0,22378.53078334788,1
50,26,1,15631.558206140004,1
42,8,3,23329.20563312497,0
34,0,0,19346.127067594076,0
50,10,0,15366.93875961427,0
64,2,0,19560.137654646205,2
72,51,1,12635.065372891215,0
19,22,0,10354.19146737087,0
31,25,2,19865.178693590096,0
70,3,0,9934.029307262976,0
57,17,0,18854.235549849407,0
57,54,0,15184.485498524991,1
68,5,0,2000.0,2
56,34,1,11553.705297222363,1
68,21,0,17009.02917014773,1
23,42,3,12563.996016549047,0
23,14,1,2000.0,2
20,21,0,22924.50076695696,1
24,36,0,16016.250307629667,0
68,51,2,17662.435747618834,0
25,41,1,12160.343086930538,0
59,11,0,18188.93812887995,1
69,46,0,26008.920867520217,0
32,48,0,10589.562098235852,0
64,41,0,25002.076232142426,0
46,37,3,17391.384395352045,1
50,17,1,9783.403511778819,0
69,44,0,28274.34382554605,0
47,34,0,17349.841439333595,0
56,29,2,19058.872012638247,0
44,23,2,13383.887371639452,0
53,41,0,10222.040128022896,1
46,29,0,16006.879468054736,0
55,13,2,24488.78234089997,0
74,5,2,13142.041126885866,1
50,2,1,14839.49252655517,1
54,15,1,23737.97083187751,1
44,6,1,13198.038925174556,0
72,51,1,18061.657867014725,0
50,13,3,20264.103040438185,0
21,8,0,13819.3143067381,2
39,14,1,16859.025559199537,3
19,20,1,18966.61666608704,0
27,34,1,12594.508838735239,0
22,1,1,19894.59098993996,1
27,26,1,11718.083499267366,0
50,1,0,10949.474526237054,0
71,34,0,5837.753635077259,0
55,17,4,11979.22593659365,1
30,13,0,10106.983788778674,1
48,19,1,12594.756262470153,0
64,17,1,18671.95579148693,0
53,9,1,4645.954479749384,0
62,24,0,3151.9746324773514,0
41,1,1,10505.524700092305,0
69,24,1,17767.382961519943,1
73,53,1,16733.189682118118,1
32,32,0,10409.626002534445,0
46,35,2,22016.44939293877,0
25,30,2,11049.540389289956,0
22,13,2,17774.72391676276,0
46,0,0,12823.282034794967,0
64,45,0,9787.341894038065,0
21,15,1,11369.599271311561,0
29,53,1,19404.002308881347,0
62,45,0,17166.15087085653,1
19,51,1,20808.615982659256,0
44,2,1,17165.91649522249,1
48,34,2,5332.983220954684,1
68,40,1,27686.48900585276,0
68,5,1,17251.014084350812,1
53,24,1,18088.02932632938,2
53,12,1,12738.973923020636,0
43,52,0,21679.06975980425,0
60,33,3,8441.354636399272,0
44,7,1,18658.97446598096,0
22,20,3,2522.2003065177632,0
37,33,0,19063.2511281011,0
28,3,0,8522.697530163423,0
27,24,0,16661.967122562754,1
57,14,0,23144.042800477047,2
55,3,1,19936.304247002634,1
23,44,1,22346.290020705368,1
25,11,0,21725.09066188685,0
40,31,0,11854.303542540727,0
64,31,0,18589.981042847125,0
43,27,1,4650.498624349142,0
63,12,0,10878.381492334494,0
60,30,1,23355.929329704308,0
29,13,0,12689.779185442676,0
43,19,2,3791.988679975537,0
30,17,1,27082.193503988143,0
57,28,0,18373.501699018318,0
35,5,2,19586.869321834743,0
42,31,4,9117.182790468614,1
50,28,0,16704.339423179223,1
64,42,1,16545.449825335167,1
57,1,0,10071.090860257947,0
60,22,1,13981.08188686105,0
29,18,0,5997.193723301894,0
61,30,0,12919.74280274399,0
53,50,2,20843.077543558917,0
65,4,0,10518.91044604749,1
21,18,2,26443.78701855932,0
22,33,1,6383.45092478966,1
73,9,3,13438.947901226435,1
54,24,4,11061.420218315248,1
25,1,0,13918.915011762785,2
59,10,2,23228.848692845535,0
66,49,0,9093.267021215419,0
45,30,1,12292.37681442282,1
48,14,1,18927.034516338837,0
26,8,1,15558.952679505914,0
71,22,1,16051.049695854017,0
68,18,0,9208.341962402654,0
46,8,2,14570.499170385017,1
31,34,3,21789.470709237143,1
57,20,1,5342.874101514124,0
58,8,0,10816.145095805836,0
39,27,0,4106.7502228479825,0
28,45,1,18221.854181662446,2
40,50,0,22352.823271886817,0
18,6,0,13899.540076247744,0
63,15,2,8966.879912908218,3
54,15,3,9142.521291272787,0
38,32,3,13217.656752763543,0
43,3,1,13194.76772765085,0
63,3,1,20470.990671080224,0
53,38,0,10986.743793341922,0
71,39,2,17610.470029115157,0
40,16,1,13167.17982451279,2
74,36,4,10531.458268560975,0
18,38,1,13017.743619954135,0
71,51,2,17019.23029122588,1
72,28,0,20489.600339290213,1
68,51,1,13488.160877049062,0
57,35,0,7776.371215213382,0
32,37,1,20998.288819592643,0
38,38,1,9610.983701087313,0
64,49,0,16564.939006065197,1
26,36,2,14851.003993777475,0
70,51,2,14048.579445922685,0
26,34,2,12078.14219887196,1
27,6,1,18720.892682492784,1
69,26,3,2000.0,0
74,27,2,21818.823050202223,0
70,21,1,9524.953353635789,1
43,13,0,17447.741458503886,1
58,6,3,17130.153707609574,0
52,36,0,22649.864292124912,1
69,21,1,16186.494813228415,0
42,4,1,10025.344916195729,1
43,54,0,5371.470072534186,1
28,1,0,12907.181070762153,0
55,26,2,3250.947426701925,0
19,20,0,11229.085762135466,1
24,53,0,13244.216278018768,2
35,37,1,10860.504131826452,0
44,14,2,15250.641944189472,0
51,20,0,13583.375934484753,0
44,9,1,13033.880752027308,0
34,22,0,2000.0,0
60,38,2,7231.768915886705,4
61,4,1,18855.940391129254,1
68,0,0,19825.537637684665,0
71,12,2,3967.3396921260264,1
41,20,1,10111.690912595212,0
42,25,2,21431.792205594764,2
24,49,2,10691.767119569105,1
69,44,1,14331.055277249327,0
23,20,0,23650.831974095447,1
70,52,0,12830.536131339637,1
41,17,1,11971.683538877305,0
50,36,0,14057.779856444222,1
66,44,3,26120.464787398967,0
46,31,0,17677.21101773688,1
60,35,0,15114.489766678607,1
39,16,2,11853.8402659105,0
43,34,0,18232.901569086738,0
45,48,1,18958.19861958479,0
67,10,1,8560.92894314718,0
38,20,1,19119.76915167696,0
66,51,0,14093.086280259417,0
24,54,1,15148.79180777164,0
34,52,0,9694.26598207009,0
37,25,0,12600.10783302654,0
58,3,0,8819.146408663026,0
66,33,1,8530.690979302195,1
37,51,0,17262.54132256068,1
71,47,1,12869.300607341349,1
39,17,3,7202.173980825504,1
45,39,1,28062.315884930256,3
57,34,3,8252.06976410438,0
66,40,0,21552.617766116004,0
24,28,3,6141.218150269189,0
18,51,1,17739.014011006773,1
49,28,0,13496.637788287853,0
30,37,1,11225.65961184957,0
47,41,1,16180.453942594237,0
40,20,1,15373.559137975994,0
68,41,0,10125.208897907729,1
73,12,0,9853.566715278,0
36,48,0,5556.514728033595,0
49,40,0,16833.386306142307,0
47,16,0,7477.1710373999495,0
46,8,1,15023.849739103094,1
66,40,1,18554.8679047243,1
62,0,3,16248.330190944325,0
46,1,0,10661.21221189645,3
47,47,1,20452.874468099813,3
33,28,0,12552.171131392482,2
57,32,0,6995.035445970054,0
36,9,0,13297.634973280334,1
35,49,0,18520.784267908355,0
18,39,1,10953.514113539239,0
31,20,1,20269.094489821826,1
68,27,0,10378.043608694097,0
64,10,1,11194.720837886836,1
67,54,2,8723.525904880484,0
19,33,1,19102.257221448177,2
71,7,1,14680.544579464786,0
45,21,1,9121.428313536155,0
66,7,3,12622.737946313378,0
67,48,2,2000.0,0
47,14,0,19667.83418079986,2
55,16,0,13975.520163010155,0
68,22,1,2000.0,0
21,23,1,6259.911352055509,0
18,44,1,12470.435624654381,0
25,18,0,7114.9754453709775,2
46,4,2,19760.09594211635,1
72,31,1,17511.437315946925,1
56,43,1,17157.215661107213,0
20,0,1,2000.0,1
49,22,0,11847.249514758636,1
27,36,0,10814.30129634566,0
27,7,2,9275.673275372474,0
36,12,0,12508.948313017729,0
63,7,0,8242.570757483623,1
51,22,2,16291.324397701308,1
50,42,1,19599.30812602663,1
40,0,2,19082.30243054203,1
72,44,0,14172.532489731117,0
45,50,1,26995.438178001015,0
49,23,0,21839.850687003058,0
67,34,5,14390.650777964689,0
24,23,0,12106.3667387909,1
46,16,0,23028.16297669152,0
25,4,1,21045.484096576398,1
18,19,0,6537.436777054623,0
74,20,2,21514.927915372475,0
72,39,0,14073.758791656426,1
20,30,0,9834.53081643985,0
41,45,0,3124.7648445560208,0
40,35,0,13386.502831813192,1
25,10,2,14926.634488680449,1
71,51,0,24523.965924661305,0
74,14,1,20743.402846492114,0
64,18,2,11502.67967174379,0
54,6,0,17336.05436531842,0
20,50,1,19957.496536036942,0
68,27,1,15515.744328103292,0
50,50,1,11477.075045812777,1
45,42,0,11806.965262539326,1
64,4,1,17312.838422741712,0
25,4,1,17477.88339315028,0
51,29,0,13242.272305418732,0
52,53,0,2000.0,0
49,31,0,7256.8636362522575,0
41,7,1,18718.133529672676,2
31,9,1,2214.972015864745,2
49,37,0,22105.08609820329,1
73,46,1,21216.943566831025,0
63,31,1,15246.578291599235,0
60,47,2,18587.58620537165,0
33,27,1,18172.648070153315,0
21,16,0,14298.761229802722,0
69,30,0,6756.665294468581,3
54,7,1,20803.63785037012,1
71,39,1,23443.38006830181,0
38,24,0,7748.456854545948,0
31,8,4,6532.469968981803,1
48,1,0,14179.218571455955,1
72,14,1,11242.652426181301,0
65,49,2,15869.695441232754,1
35,2,0,22247.96423916232,0
24,48,2,2000.0,0
27,35,0,24487.63170971493,0
24,3,3,12559.98934873848,1
50,13,0,18070.673871902964,0
40,40,2,18712.355028626793,0
38,40,3,19412.046925186776,1
36,24,2,15371.44862417998,1
65,54,0,16773.363610720473,0
36,49,1,16734.132303632417,1
53,9,1,11218.303195323317,0
46,20,0,4451.668851376815,0
35,35,1,7684.885033408831,2
19,11,2,14374.572123011792,0
18,26,0,10279.16005862169,1
64,39,1,10293.02356566279,1
22,1,0,25795.50627411717,1
37,53,3,20153.368779959237,0
28,12,2,13487.54420454016,2
59,52,1,19032.20967393265,0
19,31,1,12478.388366454596,1
20,30,0,15664.34060511898,2
40,15,0,17649.771890513497,3
72,31,0,12494.364193368729,1
29,31,1,10888.496714777426,0
37,33,2,22343.590910811025,1
