<comanda>
    <tractor>
        <componente fabricante="John Deere" fragil="no">
            <fecha_entrega>  
                <dia> 13</dia>
                <mes> 02</mes>
                <año> 2025</año>
            </fecha_entrega>
            <peso>2000</peso>
            <numero_serie>123478</numero_serie>
        </componente>
        <componente fabricante="Mitsubishi" fragil="si">
            <fecha_entrega>  
                <mes> 02</mes>
                <año> 2025</año>
            </fecha_entrega>
            <peso>2400</peso>
            <numero_serie>14578</numero_serie>
        </componente>
        <componente>
            <fecha_entrega>  
                <mes> 03</mes>
                <año> 2025</año>
            </fecha_entrega>
            <peso>1000</peso>
            <numero_serie>456472</numero_serie>
        </componente>
    </tractor>
    <tractor>
        <componente fabricante="John Deere" fragil="si">
            <fecha_entrega>  
                <dia> 21</dia>
                <mes> 07</mes>
                <año> 2025</año>
            </fecha_entrega>
            <peso>2400</peso>
            <numero_serie>478121</numero_serie>
        </componente>
        <componente fabricante="Wolkswagen" fragil="si">
            <fecha_entrega>  
                <mes> 03</mes>
                <año> 2025</año>
            </fecha_entrega>
            <peso>2700</peso>
            <numero_serie>214103</numero_serie>
        </componente>
        <componente fabricante="John Deere" fragil="no">
            <fecha_entrega>  
                <mes> 05</mes>
                <año> 2025</año>
            </fecha_entrega>
            <peso>1400</peso>
            <numero_serie>245689</numero_serie>
        </componente>
    </tractor>
</comanda>