horas_semana,generos_distintos,antiguedad_meses,dispositivos_usados,gasto_mensual
12.483570765056164,8,22,2,15
9.308678494144077,14,57,2,0
13.238442690503462,4,20,2,0
17.61514928204013,14,50,4,10
8.82923312638332,1,43,4,15
8.829315215254097,11,27,4,15
17.896064077536955,7,41,4,15
13.837173645764544,1,16,3,5
7.652628070325239,11,34,1,10
12.712800217929823,4,32,4,0
7.682911535937689,8,26,3,0
7.671351232148716,2,25,1,10
11.209811357830171,6,2,4,0
1.0,13,12,1,0
1.3754108374348366,6,40,4,10
7.188562353795136,12,9,3,0
4.935844398327881,9,12,2,15
11.57123666297637,5,26,2,5
5.459879622393945,10,9,1,10
2.9384814933235424,4,10,3,5
17.32824384460777,5,32,2,0
8.871118497567322,12,57,4,0
10.33764102343962,12,34,2,15
2.8762590689327165,10,48,1,10
7.278086377374087,11,20,1,0
10.55461294854933,5,39,3,10
4.245032112888486,8,2,1,10
11.87849009172836,10,1,2,10
6.996806550405975,12,51,2,10
8.541531251033616,8,36,2,10
6.991466938853016,2,24,2,5
19.261390922544688,7,54,3,15
9.932513876310331,8,27,4,10
4.711445355220498,11,2,4,5
14.112724560515945,6,31,3,0
3.895781750144889,5,57,1,10
11.044317975023777,11,14,4,0
1.0,9,2,1,10
3.3590697555078473,13,29,4,5
10.984306179345618,3,15,1,5
13.692332899977053,12,12,3,5
10.856841405949853,13,37,2,15
9.421758588058797,13,28,1,0
8.494481522053556,10,20,2,15
2.6073900481628627,4,39,1,10
6.400778958026457,9,24,1,0
7.696806145201062,6,21,1,5
15.285611131094578,8,10,1,0
11.718091447842307,7,46,1,5
1.1847992231863298,11,14,2,15
11.620419846973975,2,37,1,15
8.074588597918417,3,18,2,5
6.6153899984702065,1,24,3,5
13.05838144420434,9,14,4,10
15.154997612479754,13,34,1,15
14.656400595580994,7,58,4,15
5.803912383886807,1,12,2,10
8.453938120743928,3,22,3,15
11.65631715701782,4,56,3,5
14.877725635611796,4,6,3,0
7.604128810773551,5,36,4,0
9.071705116680914,14,45,2,15
4.468325129969859,3,36,1,10
4.018966879596646,3,22,1,5
14.06262911197099,1,14,2,0
16.781200142854114,7,16,4,5
9.63994939209833,11,36,1,15
15.01766448946012,10,56,2,15
11.80818012523817,14,25,1,0
6.774401226974378,1,32,3,15
11.806978027542069,2,33,1,10
17.690182832329846,13,45,4,15
9.820869804450242,4,36,2,15
17.82321827907003,13,20,4,15
1.0,4,18,2,5
14.10951252187612,5,38,3,5
10.435235341190856,11,3,2,0
8.504963247670663,2,23,1,0
10.458803882677511,4,32,1,0
1.0,1,45,3,15
8.90164056081244,2,59,2,5
11.785562857558732,1,16,3,10
17.38947022370758,10,59,1,15
7.408648908631763,10,5,4,15
5.957531985534062,13,4,3,15
7.491214782077318,4,21,4,10
14.57701058851037,4,40,4,0
11.643755548298422,7,51,2,10
7.351198981164806,10,14,3,0
12.56633716556678,11,39,4,10
10.485387746740201,11,31,4,5
14.843224952664446,9,14,2,15
6.489734530613238,9,6,2,15
8.361689267011158,5,12,1,15
8.039459234339212,10,16,4,0
2.682425259339407,1,17,1,10
11.480601385322881,1,45,4,5
11.305276360899446,6,23,1,10
10.025567283212304,2,14,2,15
8.827064333124266,8,7,3,5
2.923146289747929,13,46,2,5
7.896773386173205,9,32,1,15
8.286427417366152,13,15,1,10
5.988613653891905,4,44,3,15
9.193571441669954,5,17,4,10
12.020254284072692,11,41,1,5
19.43092950605265,8,54,1,5
10.872889064159194,3,47,1,15
11.28775195361382,5,44,3,5
9.627770421169163,3,34,2,0
1.0,12,5,1,5
9.867430622753915,10,45,3,0
10.301151049705132,3,27,1,5
22.31621056242643,3,52,4,15
9.038195176094387,13,23,3,15
11.507736711668063,12,40,1,0
9.826441151473784,7,59,3,15
4.15660981190234,7,14,1,5
15.714114072575104,7,15,2,5
13.759665163433871,10,43,1,15
13.955159735215235,8,33,3,5
5.453062726026305,5,53,4,10
17.013971554680495,5,31,4,10
2.990744686038596,14,35,4,5
12.934285469001352,4,17,1,15
20.952278129049894,7,28,2,0
5.047318374346558,10,19,1,15
7.16851135198614,4,46,4,0
10.498256825438206,2,54,3,15
7.482621729419003,4,23,4,5
2.246682844669337,13,32,3,10
10.342814874030136,13,40,2,15
4.688481431369476,8,13,3,0
12.367962153175908,9,59,1,10
5.402878828830985,3,20,1,0
17.749672025087698,7,35,1,5
6.083733538318814,14,5,3,10
8.389692418971622,12,9,1,0
14.067586086848348,14,29,1,15
3.845678417830224,9,6,1,5
11.137299673020648,11,25,2,5
16.53571377141214,4,31,3,5
1.9625838271938623,10,22,3,15
10.923169292661521,3,2,4,15
11.299413971242117,5,45,3,10
13.909114358886551,1,5,2,15
3.8152464456095903,3,27,3,10
3.397716934578618,8,25,2,5
12.609707828084488,11,8,2,10
11.48492336616593,8,55,3,0
11.252464251729382,13,1,4,5
11.732241047484878,4,20,1,5
6.5998763921075465,2,44,1,10
11.161268485805017,13,23,3,5
11.465362366493405,8,32,3,15
6.42824290986816,8,11,2,0
19.328872555723784,10,39,3,10
12.369164604558938,4,47,2,10
4.043482513986757,3,54,4,5
13.282768043169149,2,24,3,15
5.126591648863393,9,11,1,5
13.93542301871226,1,29,1,5
15.79297789503702,7,54,3,10
5.896588408241447,5,26,2,5
14.816880646221609,8,16,1,0
12.06390463468249,4,35,2,5
14.11030079997245,7,20,3,5
19.483964913269737,13,46,3,10
8.773059419985648,5,3,1,5
6.231319178212552,14,1,3,15
5.552427851872384,5,58,4,10
5.920948575172808,14,53,4,5
9.61449145292948,9,47,1,0
11.705759874083219,9,1,4,0
11.383453996650095,13,17,2,10
14.13591624518012,9,2,1,10
10.065009459389534,12,29,1,5
17.267670385786584,6,20,2,15
8.67671583381022,6,6,4,5
23.600845832948096,5,8,4,0
13.12833673882503,9,29,4,15
5.714212217918587,10,48,1,15
4.645537509694439,8,51,1,15
12.412362076215926,7,33,4,5
8.882686073370746,7,3,3,0
13.57000247046046,6,35,4,10
12.366188122867724,5,5,2,5
9.635855436715635,13,27,1,10
5.766031409657975,4,44,2,15
2.4257638765706773,3,12,2,15
7.767425239664894,3,20,1,5
14.28199397161736,6,45,3,0
11.07046872065102,4,20,4,15
3.7713061064400595,12,9,2,10
10.86590462925591,12,39,1,10
11.926586898644183,6,4,2,5
5.580712818994335,3,51,4,10
10.76862552972764,4,54,3,0
10.29104359223,9,19,3,15
4.285148510846884,5,38,3,10
11.788936801741416,13,27,1,10
12.803922631841171,7,45,1,15
15.415256215876385,10,43,3,5
15.269010260174515,2,13,4,10
3.1116531602145443,14,13,4,5
5.310874800424386,14,57,1,5
12.575176336043299,5,22,3,10
12.568929754561044,9,28,4,0
12.57523843153024,11,52,4,5
29.263657453273606,3,47,4,10
12.854452553465835,14,53,1,5
15.677828200902994,9,45,3,15
14.770008817466012,14,22,2,0
13.25695625652899,11,43,3,0
8.423653776798272,6,19,3,15
13.794846102466337,4,8,1,15
6.135873927312141,7,52,4,5
8.815906966299956,8,8,4,15
7.573182260854482,6,42,1,0
10.409370696931612,5,26,1,15
21.573292833367542,6,48,1,10
1.0,5,51,1,10
13.431300951872567,8,26,1,5
1.9364206440517417,1,23,2,0
7.640340671052833,11,43,3,10
15.44475298483683,7,13,3,15
10.321400095477314,10,28,3,10
4.61127611035347,10,9,4,10
6.423481453700159,11,20,2,5
13.397988744673379,2,56,3,15
6.348166841414317,14,19,4,15
11.082292947909874,9,48,2,15
10.227859199519068,1,39,2,5
6.741998261970915,11,51,4,15
20.719720446626628,10,12,2,15
13.169595111590056,6,15,4,10
1.0,9,31,3,10
10.932271573847139,1,55,4,15
6.69106767615806,4,14,2,0
14.26216667398112,4,11,3,0
6.037396307836497,9,26,3,15
9.426317792665506,11,42,1,0
12.524936394902285,5,27,1,5
14.328775970850607,5,11,2,10
3.9985179647211186,6,38,4,5
8.327493820795258,1,34,4,10
7.625273444195219,1,43,2,0
6.733353837131441,9,19,3,0
18.827271201405484,3,6,2,15
12.024908554804778,4,46,2,0
3.695580228324774,1,52,3,0
14.58930973527388,9,38,4,15
20.610780985063165,8,49,2,15
15.162326302755734,2,42,4,10
2.4031501702299334,8,28,2,0
7.578829635668743,7,1,3,10
16.334555745933113,11,35,3,10
6.461652671906096,6,40,1,5
12.219097140731142,1,8,3,0
13.873170267146683,7,59,1,0
5.365347642109585,10,52,2,5
9.702373219691,7,54,4,10
1.0,13,47,3,0
4.878061793328551,14,56,3,10
8.737159243034199,9,7,3,5
3.7610840901757525,1,11,2,15
18.162056519658176,2,39,1,10
2.849293110196837,11,4,2,0
7.799777566515081,9,25,4,15
10.653702886430457,13,12,2,10
17.206366445330577,9,26,4,10
2.8206892441028035,13,38,3,15
15.815818760774798,6,46,4,15
10.051165305097935,6,12,4,15
5.092456744760245,4,43,1,0
12.310517371316354,4,51,4,0
10.995298477867351,5,53,4,10
6.998915614206027,3,37,2,10
10.349010424950094,1,46,3,5
8.0734320156912,1,53,2,0
10.56758672625624,12,24,2,10
13.310653372605234,13,16,3,15
17.93008408072676,7,57,3,15
3.8109225058657543,1,13,4,0
20.665166873281333,1,25,4,15
1.0,3,54,1,5
9.241074524822084,10,54,2,10
12.941586032422883,4,57,3,10
11.404959338675162,4,52,4,10
6.886502400897031,2,54,3,0
8.959388748213623,1,4,4,15
7.534995326705836,3,11,1,5
7.053176215278942,11,32,1,0
14.248010485105123,4,49,3,10
11.785077429825236,3,7,1,5
6.535452023696729,8,46,3,10
14.497999377166254,14,58,4,10
11.536497604383047,10,11,2,0
14.0643105941948,1,28,1,10
13.14814420961806,14,54,4,5
5.855024945389639,2,41,2,10
7.199094799015152,13,23,2,15
13.73646802561631,7,45,2,10
13.051851327167324,4,23,4,0
9.895492030179259,8,50,4,5
10.58663691654391,11,28,3,0
16.388324478942124,13,43,2,15
7.04214305582085,3,47,2,10
12.73548690585019,6,57,2,0
8.98903673783053,9,26,3,0
8.911593983863899,1,25,2,0
15.49388425993595,1,54,4,0
14.12708174494015,8,29,2,15
14.067548180003193,3,19,1,15
16.527394035771646,5,33,4,10
10.105019208163796,1,36,3,10
13.409764856474819,5,14,2,5
8.44866621703272,11,14,1,15
11.620831762442211,6,35,3,0
9.349284728161576,8,30,3,0
10.484979824963592,13,28,4,5
12.975785127184569,14,17,3,0
5.908896583832638,3,3,3,5
20.461936378427303,3,16,3,10
4.96991309250149,12,46,3,15
3.9290569360613397,11,30,2,5
15.790554367500338,11,52,2,0
13.95831346981468,10,29,2,5
13.120599085260775,9,45,2,10
13.1417275463214,4,15,1,0
9.938766135765427,4,46,2,10
5.513728142570843,12,56,3,10
10.379022790968632,7,25,2,5
6.6141914424394415,2,51,2,10
14.875598667088756,8,38,4,0
9.264713092489307,6,42,3,10
5.872514016037442,3,59,2,10
8.393070791735033,9,47,2,5
12.064657271378122,5,53,2,10
7.1813772359801264,8,54,1,15
5.888898022167843,7,52,2,5
11.218436057459561,14,58,4,5
11.224832855543614,8,38,3,0
7.465284123144351,7,23,3,0
7.6448084719083855,3,25,2,0
11.160249686788182,2,42,2,0
2.759578292513379,7,7,2,15
2.9626811281172234,3,22,3,5
6.40777889373782,3,17,3,10
8.932764241440763,2,18,1,0
11.554537827990023,4,49,4,0
17.376781084747762,8,41,1,0
14.288298116010097,12,10,4,10
9.200307350182864,1,10,1,0
9.904918960486556,1,57,3,10
4.987353176810956,12,7,1,5
9.90743432003805,14,48,4,5
8.556706805399308,5,50,2,5
11.613592801690448,11,38,4,15
5.863845282238385,5,27,2,10
12.596732571205862,11,52,3,0
17.66369456501289,12,33,4,0
9.456199257715712,1,1,1,0
12.008558610494706,6,44,4,0
13.450719958555563,1,53,2,15
7.993897640570818,5,34,3,0
11.120462409052084,9,4,1,15
10.062962003908975,12,17,4,10
10.48838049274416,14,4,2,5
6.134951080722668,5,43,1,0
10.122550871294713,6,54,3,5
12.489991456227248,8,26,1,10
17.25571803897521,11,4,3,10
14.796354130426035,1,1,1,0
20.765912287557782,14,7,4,10
6.163262185559752,2,30,2,5
14.36160318360339,9,50,4,0
10.916710028691758,3,9,4,15
20.94901466608836,6,35,3,0
5.958508573224242,5,8,3,5
5.80139078909612,11,24,3,0
7.00303677277989,2,19,4,0
1.0,14,36,1,5
7.371224891596195,7,50,1,0
6.20433669223151,4,52,4,0
10.751968932381038,1,59,4,5
11.708779878885798,13,43,2,10
19.380854196079433,4,27,3,5
14.752119190930252,6,32,3,0
7.115481721687985,7,14,4,15
5.507926643258211,7,57,4,15
12.459595857532529,14,18,1,5
3.398833964896789,7,28,4,15
19.15729382927177,3,29,1,0
15.897200603606436,6,16,4,0
7.6541217394764764,13,35,2,5
1.434327354545612,8,47,2,0
16.769361870827062,4,59,1,10
9.42730077373691,13,59,3,0
16.189081559867308,8,31,2,5
2.0278617060281645,2,4,1,10
7.003124885231136,10,37,4,10
10.026218498590916,9,17,4,15
10.234902968823711,9,39,1,0
7.749672642603782,8,48,3,5
13.114249661737494,10,46,1,15
4.661897853087028,14,26,1,15
9.288102574893532,13,48,2,0
10.601478158559495,10,39,1,0
12.572194170293745,1,41,1,5
13.55807439044445,2,4,4,15
4.376789540810654,6,30,2,5
2.329429146321889,10,30,4,15
16.388384109492545,5,22,4,15
11.661570059897958,12,11,3,15
6.257567317217232,14,2,3,0
17.755759877612615,9,44,2,15
10.578373171464293,5,12,2,15
15.896485920319133,2,30,3,15
10.337592407050545,10,36,3,10
20.303739624409936,4,18,3,0
18.77670421221602,9,26,3,10
8.755179257604633,1,53,3,0
14.857854754771777,11,7,4,5
13.226879747925738,1,1,2,10
16.843157787661745,12,58,4,5
5.175382697099478,7,26,4,15
13.430257299992196,11,23,1,5
15.29212243424794,3,26,4,5
1.2063025678844284,10,45,3,5
4.083707436671125,2,6,3,5
1.0,9,6,1,0
8.652965827777212,3,44,1,10
13.58771127897981,2,8,1,0
17.51178526048014,12,24,1,0
10.370473902098876,8,22,1,0
18.143077727856458,10,19,4,5
3.099492708925543,6,37,1,0
1.483087803224226,6,18,4,10
9.722261505516906,10,31,2,0
11.920327244696537,11,37,1,15
9.836526259529535,7,30,1,5
1.0,7,57,4,15
9.554399802436057,11,42,2,10
3.4776524974757344,13,33,4,10
13.348362744150192,6,10,4,10
11.832991230484241,4,37,1,10
5.300601068363224,11,12,3,0
7.430665413316532,9,54,3,5
4.703932390555242,6,30,4,10
9.68660451363414,4,27,1,15
14.775711602506192,12,39,2,10
5.071369768322281,3,9,3,5
12.520232577589223,4,54,2,15
7.348711908137796,3,21,3,15
6.035635838688279,2,12,1,15
9.46484820022721,14,55,4,0
4.82378838790313,5,29,2,10
7.23175347326409,2,33,2,0
4.010610537055758,6,43,4,15
19.823625664581947,3,53,2,0
10.176317759858643,6,15,3,0
6.5013724600370715,11,2,4,0
11.06989955367111,10,52,3,10
9.438359751545851,9,39,3,15
8.895152002333885,1,53,1,15
13.070833500217127,6,44,3,10
13.787538550236526,9,54,1,0
7.347494261947363,11,18,2,0
7.1209087967766,4,3,2,5
8.62474151424178,11,7,1,5
1.0,12,43,3,5
2.424044689007239,2,18,4,10
16.834371337222624,13,44,4,15
18.224838567506417,4,38,1,5
8.754819802218108,1,37,2,15
12.882784815278832,3,58,2,15
11.55625077271768,10,33,4,15
25.39440404227619,9,44,1,10
15.597874557172883,10,59,4,10
9.360412042596167,5,31,3,10
5.2222977969978714,11,58,3,10
1.9677683987121384,6,11,1,5
11.017318179336115,3,4,1,0
6.218246273578483,5,59,3,0
2.888731452011629,11,18,2,0
6.767135578787367,8,4,1,5
4.592259981928025,6,49,3,0
18.435708175362823,4,34,3,5
14.408198784747253,2,29,2,5
9.960136793416913,14,24,2,5
17.39972069445013,9,22,2,0
10.386841538238091,13,2,2,15
5.693578993358682,12,44,4,0
17.615620386348287,1,6,2,0
12.694550218423293,1,42,4,10
4.813769228367718,13,25,1,5
9.048306609581958,4,55,3,15
5.621908733076214,7,57,4,10
3.0860013451783193,1,21,1,15
14.630887737658206,9,55,1,15
19.547083202350652,4,59,4,5
3.0071621309042937,3,16,1,0
12.814846183452854,1,31,1,5
6.746787154390866,10,14,4,5
7.5643730811765195,4,39,1,10
7.038030378805654,9,28,2,5
5.68004615160092,13,32,2,0
10.242608139724135,14,28,3,15
5.845249417944811,10,51,1,5
11.352284128899194,6,55,3,15
9.748809452754315,6,49,2,5
8.805259765667952,1,9,2,15
5.46218168979201,10,58,2,5
7.116143347158337,2,45,1,10
13.77695612912878,11,22,1,15
12.504585938121904,6,32,2,5
5.112223776007244,2,5,3,5
10.496661527146129,3,23,3,10
13.756935616858945,4,5,4,10
1.652973594393142,11,42,2,10
12.716800961899676,5,53,3,15
6.686881205270767,9,32,2,15
12.852993342965796,12,59,3,10
6.183704217287415,4,10,4,0
1.0,13,59,4,0
1.8622878105841867,11,39,2,5
10.24042473330691,9,58,3,0
11.298612508607409,11,15,1,5
5.478416874477957,10,7,4,15
13.19296229388687,3,29,2,15
1.6923996886552004,8,59,2,0
9.669601006763417,12,47,3,15
3.944919001187717,1,3,2,10
6.740819460989204,11,19,4,10
10.23699335658207,9,10,2,0
5.697933173580238,9,28,2,0
8.077222278850874,10,29,1,5
15.031464046072202,2,15,1,15
7.115540652384256,4,35,4,5
14.178460560325709,13,6,3,5
4.3514657267119095,8,12,1,10
12.649020889576414,7,47,3,10
17.207843103289502,1,38,4,10
1.0,5,13,1,10
6.015523722647616,7,29,3,5
12.8853606359027,4,19,1,10
8.984773069785037,1,3,4,15
11.855729366856544,9,8,4,10
6.980074066420897,14,8,1,10
10.4329489373645,5,55,3,10
9.221613823039602,11,58,2,0
15.838910308299036,2,20,2,15
11.272104216506065,8,47,1,15
11.68801331037601,11,4,3,5
7.940615169387663,13,51,2,5
7.561968879637533,2,21,4,10
7.837209060901896,3,3,3,0
11.972260711891485,14,45,2,5
7.895077595898686,10,8,3,5
11.448874284482065,1,23,1,10
20.377003993227195,11,16,3,10
14.355623517158461,2,13,2,5
8.369882339160794,14,3,1,5
16.006069610819722,7,48,3,15
7.959623134892243,10,9,4,0
1.0,2,14,2,15
4.959568445412979,6,13,1,5
1.0,3,53,3,15
8.242432579793457,4,57,4,15
10.092091895947759,11,7,2,5
18.382186561376415,13,15,4,10
11.634636868820813,8,7,3,5
8.904497355955678,14,38,3,10
14.147027905917446,3,34,1,5
1.0,10,41,4,5
11.17807279054283,6,22,1,5
13.854325969434834,1,24,2,0
2.607068771100792,7,49,1,10
15.718770216034645,8,37,2,0
11.69248203747207,11,44,3,5
7.923560430495994,14,1,3,15
13.163909330531425,8,10,4,0
21.35346428902198,3,43,2,10
10.909331275292477,14,16,3,5
11.24110293150168,10,46,4,0
7.7031955022987795,1,8,4,15
5.750778152676041,9,56,1,0
14.151679082721227,13,49,4,10
5.719580870455664,6,25,3,0
10.357831186096963,11,50,1,15
7.611712766174417,9,12,2,15
12.394899128731959,7,25,2,10
11.668310526434741,1,17,3,15
15.187699721289496,12,26,3,5
7.449918005726265,12,46,1,15
8.650625323533143,1,48,1,5
5.106181421088463,6,14,3,0
7.778533699619442,5,41,3,5
11.886502465224261,9,36,2,5
13.784943083226759,2,57,2,0
5.389173379111873,8,23,2,15
14.348029600528301,11,43,3,5
16.778189294024756,5,6,4,15
12.067174516118504,2,47,3,0
19.38397906279033,13,5,3,10
6.1310540044821344,10,43,2,15
3.776726483442915,11,25,3,15
1.1063987554786063,11,18,1,10
17.480221557445915,12,13,3,10
13.271828281770288,6,43,3,0
9.722076645447725,10,14,3,15
11.399843131599102,8,28,3,15
4.372554763508117,4,18,4,0
22.22875989808413,2,59,3,15
10.646105909876137,12,57,1,5
10.546973973024464,11,28,1,5
13.62883311949346,5,51,3,5
12.405046158683566,12,56,2,15
11.119420121395656,2,27,4,5
6.0476277227734405,2,32,3,5
12.357341785679978,6,47,3,0
19.41012248237517,11,9,3,0
16.727100230774887,10,40,2,10
17.965933133196984,9,32,2,10
7.443921617844074,13,20,2,10
5.051975898707096,4,28,4,10
9.37106539950176,6,33,1,0
10.278624561443474,7,4,4,0
15.470957592354743,13,46,2,0
1.5376768514259034,11,57,1,5
17.64775159730307,6,34,1,5
9.209960507105054,8,48,2,10
7.865594650262899,4,3,2,5
4.939478123699162,12,26,4,15
1.7257166406711537,1,8,2,0
14.115852919809573,7,6,1,10
10.366589835942019,3,16,3,10
3.5501955012947306,14,24,2,15
3.5246061396819197,6,48,2,5
8.321076503549358,2,39,4,10
18.345107626446964,9,30,4,5
8.702043243181976,1,45,2,5
2.4842852344094695,6,13,1,15
8.771284679570279,6,5,1,10
8.636382151261648,5,25,3,5
1.0,13,20,2,5
9.728525667410938,5,54,4,15
8.84532734895661,1,18,1,15
13.481031824067092,10,47,3,5
19.244780474726724,12,18,2,15
15.632825147738787,5,2,1,5
8.655556547225848,2,10,2,10
4.467370456291649,7,55,2,0
22.866799016249303,3,45,1,15
10.296092170072441,13,50,1,0
10.069646459564732,4,47,1,5
9.879374564449984,3,12,2,5
10.990423803839274,3,47,2,5
9.278197940380288,4,13,3,0
7.131689965598818,5,50,4,5
7.265705293798039,1,47,2,15
9.836233648920008,4,57,4,10
7.282876144331175,12,55,1,10
6.435771086614178,12,11,2,15
10.532151138459485,11,19,3,10
8.725113912895724,8,35,3,0
17.519964942913443,10,39,4,5
1.0,7,53,1,5
15.45753425961231,9,26,4,5
16.230425962488145,5,46,1,0
1.0,13,14,3,0
8.286562029598256,10,54,4,0
8.142795670021043,4,45,3,15
2.9624415264108936,8,44,3,0
6.110916562045624,9,24,1,10
4.447120772670856,13,41,4,15
18.761352217118116,7,1,4,15
14.678391965737305,14,51,3,15
16.357775474970794,7,43,3,0
13.608360320216175,5,55,1,15
4.354741143913854,4,22,2,0
7.377398668601131,14,23,2,0
12.44687280613959,10,56,3,15
3.8893609555402726,1,54,2,5
13.56499215086194,10,19,2,5
8.798373009209325,10,18,2,15
8.125895962252013,7,12,2,5
13.554799841017457,1,55,3,10
12.2213165574302,1,28,2,10
8.1951691709046,5,28,2,0
15.79664901682124,13,59,1,5
4.594683362000513,9,33,3,10
13.079678034721319,6,19,4,15
12.965506289841919,3,28,4,5
8.452267803430049,13,59,1,10
11.63066511121059,3,52,1,10
3.744432118073485,7,49,3,15
14.620135096034506,6,37,4,0
9.075489317785054,9,26,2,15
7.3863848974048025,6,35,1,0
15.245046129184447,5,34,4,10
6.478281547286204,10,35,3,0
2.957693518182202,7,40,2,10
2.2168541323804813,1,16,3,10
13.030049756728198,12,38,1,5
3.597853237518585,7,13,4,0
18.77397090992182,3,23,4,0
1.0,14,54,4,0
18.48228184145019,9,22,4,15
11.055087336013091,6,16,2,5
9.516434440648037,9,28,2,5
7.2754045659552515,13,48,3,5
11.995680571760355,5,35,2,15
9.811826487875758,7,45,1,0
15.516509410082607,13,46,1,0
10.571138243310198,14,8,4,0
10.751508807309389,4,44,1,5
8.18193893893072,7,55,3,5
9.715271881394663,13,55,2,10
11.539008844460296,1,22,2,15
1.449158036716872,7,21,2,15
3.259072889471435,8,26,1,5
13.716320470113574,5,40,2,10
10.85432719063971,2,21,4,0
9.080083318236603,5,25,4,5
10.092169665326965,6,41,4,15
11.737908526808354,12,1,1,15
7.301201598453193,2,6,2,15
6.108476372988436,14,23,1,0
10.979226275488408,6,51,2,15
5.10813611192484,6,23,3,0
12.04126377857236,1,43,3,0
1.4870819788107976,14,43,1,0
15.145778186628219,1,23,4,5
12.362987412065216,14,32,1,0
11.280148671569378,11,30,4,10
14.91345491972757,10,13,2,15
18.32737222231288,3,43,4,5
15.071850325090653,14,18,4,15
1.0,10,23,2,0
3.602115166321492,10,15,3,5
6.875907111521606,12,33,2,10
10.130455251054169,3,21,1,0
12.588295102345615,4,57,1,15
6.371280934232672,2,39,1,10
10.933833822385392,9,23,1,0
6.223085338233387,10,27,1,10
6.942410985040259,12,45,3,0
2.9666945157588884,11,44,3,5
5.383833769445479,14,18,4,0
3.241576971918332,7,24,1,5
5.120633735113336,7,51,2,0
15.268208983039198,6,47,1,0
5.253005555840285,3,40,3,15
23.161910324186955,6,51,1,10
12.466589504404446,14,42,3,10
10.92418061847437,12,7,4,10
5.7082110990939325,8,50,4,0
13.501549397044958,8,48,4,0
7.121810868811131,11,20,3,0
10.610049073226808,13,27,1,5
22.800422691343975,9,6,1,5
9.51970050137675,1,27,2,15
15.74636663142838,14,9,3,0
6.484117874370563,1,53,2,10
9.825057547515192,3,45,4,10
18.85400317817755,3,57,1,15
6.865164711061163,10,31,3,10
19.062242789984644,8,21,2,15
13.538759677277376,10,26,2,0
7.187666120528662,1,40,2,10
13.162038695277605,13,48,1,0
14.862772248133648,2,45,1,5
13.109049811085981,2,13,1,10
2.148876400547718,3,49,3,5
6.364314120875657,13,23,1,10
8.762406822242475,6,20,3,0
9.627832854499768,1,37,2,15
13.10336048775339,2,54,2,0
10.88850500466627,13,53,4,0
3.323278206449494,13,28,1,0
11.900989255029817,1,17,2,10
13.052928726419115,5,28,1,15
12.798952239655199,13,41,3,5
15.403903627773108,13,2,2,0
14.16961077274452,7,25,1,10
12.295900396142184,8,58,2,5
9.649171442706765,10,50,2,0
1.6951953324200435,1,41,1,5
12.148091095662929,7,6,2,0
11.038438435815555,13,11,2,5
11.357894185976868,5,57,2,5
3.616257120898453,10,38,2,15
4.594717297958688,1,6,3,15
15.265764266664519,3,45,2,0
9.802224230716725,7,11,4,10
13.407503486863122,10,14,2,15
10.141591880652307,1,2,1,5
10.148780697478726,7,40,4,15
14.691419029879988,5,3,3,15
7.419776358913131,1,55,4,0
10.480603884704918,1,53,4,15
7.688623556474788,14,35,4,15
7.8275188628384225,1,33,1,5
8.454139382656804,11,24,1,15
11.110668858168564,9,19,1,5
7.606256891682613,11,18,3,15
16.278780627867604,13,49,1,15
5.526963488902481,3,52,1,10
9.065641779193205,13,24,4,15
7.801344708629125,5,45,1,5
17.234889421768663,11,35,2,5
10.982773882557874,10,1,1,0
15.159222697343175,12,36,3,0
2.5721981348151406,9,25,3,10
11.335251329346294,6,45,2,5
14.448153978117185,12,49,3,5
10.411419946377121,9,43,3,5
15.327401875326757,8,34,4,10
7.413557749498139,8,25,2,5
17.0467372009279,1,16,4,0
21.49449061809625,13,34,4,10
8.185807197801704,9,29,1,0
7.77248739299614,6,19,2,0
17.266922385588504,9,23,1,10
17.897860728653562,3,19,1,15
7.385699864233659,12,25,4,15
7.899065914520714,3,16,3,0
8.591076955697464,6,54,2,15
3.2777474448286146,9,51,3,5
5.406740267579009,7,9,4,10
4.979296166239661,14,1,4,0
6.161012174479358,13,42,4,5
9.826575563066093,3,19,4,15
11.171073662682604,3,33,4,5
17.752502464070385,2,34,4,15
5.008229796306045,9,16,3,0
14.921611992382918,13,44,1,5
8.930055778872456,3,40,3,10
9.752681451737836,11,55,2,0
13.374097460833019,5,18,3,5
4.386389892188507,14,34,4,5
11.912048730920253,14,25,3,15
10.83226104106528,9,45,1,0
12.462256320040746,8,6,2,0
11.445843219539091,2,21,3,0
22.27650069955447,3,58,1,0
6.81130007874342,2,6,3,15
7.345015224990911,8,32,2,10
6.884297367876178,6,41,3,0
7.222614404198726,6,48,4,15
6.8130643634674115,12,43,3,10
15.945082655537758,9,39,1,10
17.102521239949276,8,31,3,15
7.146268531252619,4,42,1,0
5.8382221344788565,12,10,2,10
12.35707778193202,4,30,3,0
7.238884778595144,9,57,2,0
13.164659088777555,1,52,2,5
11.0146151042565,13,18,3,0
2.4212794250138403,2,24,1,5
17.737526006650306,2,52,2,10
18.97938836547761,13,9,2,15
6.936056547578069,13,31,3,5
8.06149220032008,6,15,3,15
11.429326953624525,4,4,3,10
11.672283949935125,13,40,3,0
13.292721363364151,11,9,3,10
20.051022693831747,10,45,4,15
9.115263862529753,13,9,3,10
6.008513777307732,3,26,1,0
3.103403859927364,3,4,2,10
6.345349800290405,3,17,1,0
9.834365135631014,6,16,1,5
18.97278931758894,14,15,4,15
7.411943504819143,8,35,3,0
11.118939758194493,11,57,2,0
9.91788551963624,7,52,1,10
15.94196636724042,14,5,3,5
22.63466212936811,4,55,3,0
7.3456561353983965,11,5,4,5
7.55280278740889,12,20,4,5
15.22080438534536,4,15,4,10
13.409457448131556,11,18,2,0
19.23353662868017,10,47,1,10
12.91964092662982,11,2,4,15
8.203539546064702,11,29,4,15
12.953274153461546,14,13,4,0
15.54351790291454,11,4,1,5
14.10241090598682,2,42,1,0
12.536370155536488,14,45,4,0
15.33337344794577,1,10,4,15
15.846477952228364,9,31,3,15
16.910794955187637,12,41,4,5
13.243549437948214,12,8,2,5
9.164409598415729,2,3,2,0
10.733568432166614,13,48,4,10
16.032544832541785,8,46,1,0
5.91532164506382,9,9,3,5
11.843366544364507,4,30,1,10
8.033305938363197,8,53,4,15
10.143724114674088,9,11,2,5
16.392259313036494,10,35,3,5
10.955495340099517,10,37,1,10
10.232182740780743,5,42,1,5
3.200719295100404,13,13,4,5
13.731267830136105,14,36,3,5
13.227420905705376,7,56,2,5
20.8162736165273,10,13,4,5
8.461108825234996,4,12,3,5
11.095751638319694,1,37,1,5
11.246918418553776,3,10,4,5
17.887266398817374,5,56,1,15
9.52352233806524,3,9,1,5
11.395107628851695,12,52,4,15
13.039482548582697,13,7,4,15
10.93304561578179,11,2,4,0
7.767831927247359,7,54,4,0
10.970449964491538,12,56,4,15
15.36815874929886,9,23,1,15
4.867423502944699,12,39,2,5
10.66484837073438,6,40,2,0
6.499395925304134,13,39,4,10
15.975233144624212,10,21,1,0
2.384065476081126,1,23,2,15
7.205390763642058,7,29,2,15
11.886059375322604,3,14,2,5
17.827620146171704,5,26,1,5
9.67124869463506,10,51,4,0
7.224002366534008,4,5,4,5
19.40578534720295,10,55,4,10
2.7599304979187798,5,31,3,10
1.0,5,25,3,5
12.200072250266661,6,31,3,10
7.489728878236944,14,50,1,10
4.893835914346434,10,20,2,0
13.541782236496767,12,44,2,10
11.219003568855994,10,55,1,15
7.179606846316358,13,17,1,15
3.5984780066455277,13,45,4,0
14.362286641400724,11,2,4,5
13.251005889793305,6,25,3,0
9.504120681103085,8,13,3,5
19.233184980238327,8,58,1,5
4.649576168369237,11,39,3,5
2.3723741453763054,9,28,2,5
6.540459650593778,8,42,1,5
9.772069918222511,13,55,1,0
11.216697246613458,11,6,2,5
8.793819710718351,2,3,4,10
11.760276982571483,14,58,4,10
3.74230287904778,14,35,2,5
17.218823020366298,12,18,2,10
9.589244108037157,10,11,3,15
15.586479157940637,12,54,1,0
11.713626731888521,11,20,3,0
12.28376609576892,1,5,2,5
12.84883640116102,10,19,3,5
12.238542800086574,2,22,2,15
13.21361379933772,2,59,3,5
16.645762650662157,12,19,3,10
10.982605848507351,3,47,4,15
13.545018787942562,10,16,2,10
9.551321528563866,7,24,3,0
17.200586077247365,2,41,1,10
6.618038489703651,14,4,3,0
19.00470216455408,1,15,3,10
9.799210246778284,14,25,1,0
2.8461244894097595,6,44,2,5
10.640522074553946,9,55,4,10
6.594741712625596,3,35,4,0
14.20321774494362,6,55,4,10
6.736880103488046,3,14,1,15
7.7690828339261016,14,49,3,5
1.0,13,19,2,0
7.7384684037546165,1,38,3,15
1.0,14,36,4,10
2.0804858825713834,13,7,3,15
13.802073280721487,12,30,1,10
13.929000793254161,5,19,1,5
12.127287808924823,10,49,2,15
5.165119284353935,14,25,2,5
9.7614432192901,13,16,4,0
9.981987304547157,11,47,2,10
4.208176554037286,4,54,3,10
17.51699150883575,7,40,1,5
14.386811452878357,6,51,1,5
8.89517913085168,10,8,1,0
10.134429194972654,7,18,2,15
11.041914039737762,5,28,1,10
1.0,4,16,1,10
8.764113087397016,7,52,1,0
6.590078760011007,7,19,4,0
4.991899950525422,6,42,4,5
8.594498535570226,8,17,2,5
18.988432634247612,4,45,1,15
13.20421430633505,10,13,2,0
7.144105051086016,5,7,1,15
12.862913906780793,4,27,1,0
16.99677718293001,12,10,1,10
14.623168414563844,1,34,2,0
10.29815184960087,12,36,2,0
6.7653161114721305,8,25,1,10
13.49111656806795,1,6,3,0
11.967426927108749,5,24,2,15
14.475966100138661,6,18,4,5
13.175859008409848,6,23,2,5
15.247763576596675,13,6,1,15
7.32382394219716,5,29,3,10
16.586970328171628,3,25,1,0
10.987998023461998,5,55,4,15
20.376304363126327,12,17,2,5
6.5540609095521605,8,46,2,5
18.679819015826247,14,24,1,15
10.98955391731324,2,11,1,5
6.742909981927758,6,26,4,15
7.5805708297283925,9,51,3,5
8.3982634590284,8,34,4,15
12.120829732009582,14,28,3,0
12.614177440177498,11,3,2,0
7.131499980307105,8,11,3,0
9.878227038695085,8,38,3,0
20.71135179305932,13,14,2,5
18.637715850503557,7,51,2,10
12.181618348370161,8,26,2,15
10.190017390841001,13,48,4,10
10.600156633591306,6,21,2,5
13.067589863652083,2,54,1,5
4.886037174007972,2,56,2,10
8.713117312883274,8,39,2,10
1.6570796306120528,11,30,2,5
11.996115613026397,1,59,3,5
13.235979698513706,6,8,4,15
7.58406768850313,13,51,2,0
17.869933816450164,6,20,4,0
3.871171684988294,11,48,1,15
2.678125598950899,4,32,1,10
11.12225909279986,12,22,2,5
15.235491513060772,11,59,1,10
18.419638457289345,13,7,4,0
7.7055786856553,11,9,3,0
15.39340416715648,13,45,2,10
9.807457652496463,10,1,1,0
9.136863500295902,3,29,4,5
14.418299687433361,13,8,4,15
13.261614392067099,11,56,1,10
2.1180392150787526,3,54,4,5
17.38270174862948,13,4,4,5
16.900456770737257,13,35,2,0
6.872186492452353,1,59,4,5
11.979017667187046,3,3,1,10
12.470150931413695,4,54,2,5
11.303368829119535,11,45,1,15
7.248474230772899,11,40,3,5
6.641883160309742,5,7,1,5
9.872229645042774,3,27,1,15
15.863645096296823,6,1,2,5
12.718000772972161,11,27,4,5
8.14692833956947,14,16,1,0
13.858493553241724,12,38,2,10
1.0,5,7,3,0
15.743828501860516,3,44,2,10
1.3014311061095025,6,23,2,15
8.187795292984339,6,41,4,15
4.401650526869281,14,59,1,15
3.526592621395471,8,11,3,10
15.804133936892597,2,42,2,10
7.661493993440543,1,53,1,10
11.732519408653578,4,33,1,15
9.76539710560408,7,50,2,10
12.385204136115608,11,36,1,5
10.384109455301276,10,37,2,0
3.5850388790571515,3,41,2,15
14.981334097235699,3,59,2,0
7.531217084193438,5,17,3,5
2.217090506701245,5,35,2,10
7.859424195170437,13,48,4,0
17.503798953171554,10,5,1,5
14.251108710567465,3,48,3,5
8.256739327960704,9,32,1,0
8.253711478407856,4,3,3,15
8.391824743913087,13,52,4,0
20.383739917804206,13,47,3,15
11.909677261157768,3,35,3,10
12.150208235955349,11,52,3,15
15.151417270159211,2,14,1,10
11.193945795132567,10,48,2,0
8.704789270896484,13,31,1,10
9.018250754575108,11,31,2,5
9.64199370292968,9,17,1,10
9.813888817450792,4,24,4,15
13.6381477181849,3,52,4,15
10.259729429036497,7,23,3,15
13.663200386077897,8,18,4,10
9.596417099457089,11,50,3,15
10.393175951580453,14,54,2,15
1.0,2,14,4,5
14.581638373512408,7,50,2,10
11.732442379489964,12,15,1,5
14.99005054929826,5,15,2,15
1.0,11,6,1,15
20.441873523903638,5,27,2,15
9.30205185922413,3,15,2,10
15.540914083687582,5,50,4,0
4.800470364372345,12,36,2,15
13.063869525312848,2,55,4,15
4.732922184131719,4,8,4,15
6.881155196520974,6,15,3,15
19.57015676933393,1,3,3,10
9.046587996183266,10,47,1,0
11.087164365898614,4,13,2,0
14.350338653443771,6,41,1,0
12.478409439863023,9,34,2,15
10.752094525717883,14,24,3,15
11.824805012331128,11,40,3,0
22.017077926191376,11,32,2,0
9.711906014832072,13,32,2,15
11.005495233574837,2,30,3,15
15.253271980038061,11,52,3,5
15.52762966478992,7,49,1,5
15.935151527801901,6,13,3,5
13.193651110145924,2,1,2,0
4.284975436347582,8,34,1,10
18.167157661505478,7,15,2,15
4.26827303490656,11,44,4,5
11.513177326195166,5,14,1,10
6.228620749903211,12,57,2,15
9.679308267035037,5,29,3,10
11.643812051517402,7,34,4,0
11.606786077251366,9,18,2,0
12.109603771176424,11,54,1,0
18.068556345293235,9,7,2,5
12.267671507569899,9,29,4,15
8.779216823546756,6,55,1,0
14.820435841441785,10,31,4,5
15.947352444623203,6,25,2,5
3.8619609243150377,3,38,3,5
12.98700034924929,1,14,3,5
13.505863711554492,7,8,2,0
8.512182483200041,4,27,2,5
16.878534066558096,1,54,2,0
9.249722064837366,8,2,1,0
10.62788226735771,12,17,4,5
9.134640878580653,6,37,4,0
10.077895237907338,6,14,4,15
4.518624565523991,2,25,2,15
2.7997455870285286,1,56,4,10
17.97252531612486,13,30,2,15
5.765193258408361,14,29,1,0
5.043038252718464,14,20,3,0
1.0,2,21,2,15
6.805191261552489,4,53,2,5
3.3845510329625084,2,22,3,5
18.210075800681846,1,35,3,0
15.049085446713171,7,37,1,5
6.559248274111381,11,16,4,10
21.262179026721544,11,50,2,10
14.90882743495797,12,58,4,15
8.375843082456887,8,49,2,15
1.0,6,43,1,5
21.45471286295371,4,17,3,0
3.05213766618202,14,16,1,15
1.7730062652155407,6,58,3,10
15.112852160048202,3,55,4,15
22.198762031696365,12,2,4,15
16.92136409255259,8,4,1,10
12.819545600261797,10,21,3,0
12.97377170832643,14,39,1,15
14.267077793901539,13,34,3,15
13.794642948933825,13,30,3,15
11.405957119846878,2,6,4,5
10.521005519759381,5,17,4,15
9.687034360502388,1,39,3,10
6.230177055666619,6,25,3,0
8.59662461566613,2,5,3,0
1.5352159290230727,4,5,4,10
9.508301866026251,6,20,4,5
5.057044464245413,10,16,2,10
4.482053413921145,11,51,3,0
10.899470755767393,8,41,2,10
16.960011431722997,12,37,3,5
14.591583030011565,8,40,4,0
2.1474969818841148,11,9,2,5
5.051859317148312,6,5,2,10
14.703855939941079,4,42,1,15
5.087563032308452,8,57,3,10
8.876834250014877,13,2,4,5
12.75026049512276,8,9,1,10
5.158277725681824,10,43,1,15
10.526877530729799,14,36,3,5
3.3298725254089776,1,22,1,10
6.993161780243931,4,22,3,5
11.598909670712684,4,22,1,5
2.035031332341654,7,34,3,0
12.202373689801995,14,55,4,0
9.901811005366595,14,29,3,5
12.762449772085738,11,38,3,10
11.119570670323307,7,59,2,10
16.82070214986922,13,46,4,10
10.626122513239537,11,33,4,15
7.8529722943737355,8,18,4,5
10.61148751516142,11,7,1,5
12.71649014518194,5,1,2,15
10.244300351628521,7,33,4,5
10.202958456019411,8,1,1,5
6.490041560966223,9,24,1,15
6.68549541224526,3,4,1,0
2.9869736410015326,3,4,2,5
18.747883715934698,4,18,1,15
3.7806838230435744,5,27,2,10
6.535474011020463,10,43,3,0
6.407963672154013,1,59,1,10
14.474621884722207,7,32,4,5
8.525251608539861,9,33,1,0
16.238710363368668,8,28,3,15
6.632546878780658,5,42,3,5
11.39497081111901,14,41,1,15
5.823264733701214,14,55,3,0
20.72574563886694,4,36,2,10
4.062007904852436,12,6,2,5
11.549103551135138,7,16,1,5
13.168884404660492,5,34,2,15
12.068995487257492,7,23,2,0
9.073561705611459,12,50,4,15
9.350896501332869,1,42,1,0
10.219057359895547,1,24,3,5
9.264989991857558,10,56,1,0
14.819395583974549,14,49,2,5
21.052615007956756,13,13,4,0
7.212541074960832,3,56,1,10
3.1509851021046114,14,18,1,0
9.558589758243725,11,54,2,10
22.898546688271594,2,13,2,0
5.981627160151346,2,49,1,0
18.195584027220338,7,37,2,15
18.388504070382204,12,43,2,15
7.232058791460027,10,39,2,5
12.844915395926376,2,42,2,15
18.141983115642688,11,17,2,0
8.104361295062564,4,15,4,15
8.982098199488192,2,18,2,0
7.091595430256781,6,23,3,10
4.926216346535666,8,54,1,0
6.7536122746699645,10,51,4,5
3.8802986661887173,4,30,4,10
10.17041734129613,5,58,2,5
6.150133844706791,4,34,1,5
11.168929558953739,3,58,3,5
2.2205217689818637,5,4,2,15
11.654401161072286,14,3,1,5
14.167644808044624,9,7,2,10
1.0,8,56,2,0
11.87028284923786,8,18,2,5
16.13834496236646,8,42,2,10
3.951794906543973,12,7,2,5
18.362861934188516,8,40,2,0
12.095095046830226,7,6,2,10
6.474940721207956,8,22,3,10
9.72115461171147,11,58,4,0
12.791634562608612,14,1,3,10
10.380026957062057,8,4,2,0
12.693779962231845,13,46,2,10
5.396632034603169,14,49,3,10
10.84680412018039,8,52,3,0
2.9314275154750993,12,50,4,0
9.443869693256499,10,43,3,10
5.480461792676051,7,29,4,10
6.322350287051167,12,21,2,0
16.18046587605219,1,26,1,15
15.456550602971344,4,14,1,0
13.045690604535885,13,9,1,10
4.538436176637105,13,59,1,10
8.417957751525991,4,47,2,10
16.065488499895917,5,12,1,0
10.708584568199523,10,42,3,10
21.596647699908473,6,51,3,15
11.96658919697186,4,56,1,5
10.960245582450158,2,51,3,15
8.454417678987493,6,6,4,0
10.66770452391141,8,20,2,10
9.237650818097281,8,24,1,0
13.540543383442952,7,27,1,5
14.78351158397292,6,38,2,0
6.070052697460253,2,8,3,10
3.3438352322111093,7,1,2,5
1.0,11,54,2,5
12.539956634562719,12,49,3,10
4.483166969130632,14,49,2,10
1.0,14,24,3,10
11.94289302265482,5,47,3,0
22.464997587163953,6,7,2,15
9.969645442300534,10,19,4,0
14.19245387225821,8,22,3,0
10.409146792737825,14,57,2,15
9.505551734044287,8,55,3,10
14.595382414938843,3,35,4,10
8.548627279056744,12,30,4,15
11.336961570359515,12,29,1,15
11.608489030980069,14,22,3,0
6.659547731784756,7,11,3,5
14.960211747682614,1,20,2,15
9.125201216522957,1,29,3,0
6.221274202535776,7,51,1,5
12.682549217852017,10,41,4,10
5.507660091044814,9,42,4,10
10.140905786845641,7,34,1,0
9.954405016778983,10,1,3,0
15.42947782915789,5,31,3,15
12.373491164399764,8,30,1,10
9.874865206274281,2,48,2,0
14.088831496001436,9,18,4,10
16.951037745086566,6,55,1,10
12.789051531759311,13,58,1,15
10.051763099216902,9,17,3,5
3.4408188382492018,2,38,4,15
4.674431684623137,3,14,3,0
8.473876478226662,12,23,1,15
6.952438989203584,8,25,2,15
9.06514348507277,1,15,4,10
10.283249624485535,10,46,1,15
12.648463771783653,7,56,1,0
9.647506109704544,7,22,2,5
12.432508219131009,13,3,1,15
10.322372074050602,1,56,1,15
1.0,9,55,4,5
5.3033230309062285,8,19,4,0
9.279562221391922,4,57,4,0
3.951526285794462,10,44,3,15
12.999643649981023,11,34,2,10
17.65375416171849,5,35,4,15
16.093809258486584,2,50,3,5
8.932785645348961,13,1,3,5
17.45363068424976,9,52,2,5
10.743337286010558,12,21,2,15
8.314570144409803,12,29,1,15
6.932986682295301,6,6,3,0
8.487651567559357,3,37,4,10
8.059115907293856,12,1,2,15
10.852081111877439,7,51,3,0
10.802869905249324,9,1,4,15
10.015230100767072,3,27,3,0
12.18469084873175,2,21,2,0
15.953231373931708,7,53,1,10
14.747770677206619,7,16,3,15
2.5755101577504824,4,44,4,0
1.0,11,59,2,5
14.67159955619637,9,54,1,5
3.1656065079228943,14,40,4,5
8.876172990536583,8,26,4,10
4.149434869703202,13,16,4,0
1.0,13,28,3,10
12.70731364102394,1,1,2,15
13.795775801513233,1,36,4,15
7.117447996366403,5,10,3,0
1.0,6,43,2,5
7.268777758737587,3,17,2,0
11.959020027012732,13,57,3,0
2.6054421561293566,9,59,3,0
10.916799598895778,12,23,4,10
9.923450754135022,10,7,2,15
12.896457498005443,14,44,1,0
10.597901842070765,6,53,3,0
5.134655295592222,4,7,2,0
15.982857508322457,12,44,2,10
9.20735213486515,7,15,4,10
9.86347730245034,8,34,1,10
5.33366020463402,9,46,4,0
7.783588744042449,13,45,1,5
5.5759864298654955,11,4,1,5
9.135269700382885,6,14,3,5
18.558542400711715,6,14,2,15
3.140494285343218,8,16,2,0
1.9321930106162952,12,7,2,5
17.355851637468042,5,32,1,5
8.95338161424067,14,19,2,5
6.654636306700417,3,2,3,0
15.199523436980382,12,10,1,5
6.971922301315679,3,50,1,5
19.130048567734683,13,17,1,0
13.389629356696346,6,37,1,15
7.560442959271487,2,12,3,10
20.786541066327516,6,6,2,5
6.971425384983307,13,22,3,10
13.710476860046535,6,32,2,15
11.496462902032459,8,41,3,15
16.50870644699399,7,20,4,5
17.807555983634263,8,1,4,0
10.160020745328833,14,54,4,15
6.232910648269083,9,47,4,10
12.299860714695582,6,53,1,10
6.611423151239469,14,58,1,10
20.066936237633115,3,6,3,10
10.682676655413687,10,19,3,15
8.173392243439457,3,18,4,5
10.923401529324542,11,6,2,5
3.2643685523515176,12,45,4,10
5.1419298074467426,1,33,3,5
16.00206953972213,11,23,4,10
6.715528605143021,13,23,3,10
4.765445086590302,5,26,4,0
12.68326376263643,14,13,2,15
15.928520773314984,4,7,4,15
13.594766553325334,9,15,2,10
14.980238429029082,9,44,2,15
6.216024557152696,14,27,3,5
2.8909466662907812,5,26,2,10
17.506668259777435,10,33,1,0
8.386600805789321,4,15,1,5
8.745834917724764,7,36,1,0
16.640970709245288,6,45,3,0
12.7811500470033,4,55,1,15
12.279438860408039,13,27,3,15
20.82501172450542,13,57,3,10
6.782408848099285,10,5,1,15
14.639200640406186,2,2,2,0
10.285065624485423,1,55,4,0
11.342961394316285,4,58,3,5
17.64234213206266,4,33,1,0
12.539178781448118,13,16,3,10
12.691480395248165,1,23,2,10
15.36253668654901,6,38,2,15
8.175236352285573,4,55,1,15
5.803951663304968,1,16,3,15
4.775954029894832,1,14,4,10
1.0,13,29,4,0
20.28103564970161,1,26,3,15
4.483958171391585,8,35,3,5
8.89373188207114,10,15,3,15
8.615933500555396,8,3,1,10
11.537033489045504,2,23,2,15
14.078686062696484,11,29,4,0
14.302367441798726,13,34,1,15
7.084612807155308,7,33,3,10
9.164391431067942,14,41,3,10
11.412899752441499,8,41,2,5
8.756544369082265,8,23,3,10
18.036727880099964,11,7,1,5
12.454874758191256,10,3,1,0
13.674388930249087,11,58,2,10
13.314406343337064,13,32,1,15
15.867369287426625,7,31,4,0
10.905107793518535,5,18,1,15
3.5158402602207675,1,43,1,15
11.998439758763208,12,7,1,15
6.743215531040855,9,41,4,0
7.356916591251216,13,1,3,0
12.931820093775466,7,14,1,10
16.19141535716818,2,52,2,15
10.106357883680309,6,32,4,5
11.54416506299482,2,6,2,10
18.51107472317619,1,39,1,0
11.20376589744284,14,10,2,5
23.008415570901974,7,7,1,0
12.82754822815772,13,26,4,5
1.1961862042209113,2,34,2,10
13.766708105522662,13,30,2,5
11.905791924413888,14,36,1,10
16.448763770413727,14,21,1,0
13.365906756349792,2,17,3,5
9.30772008008113,13,33,1,15
3.878508818553171,11,10,1,15
8.954883713569874,5,51,3,0
5.7473977289535,14,47,1,5
7.0973827509763865,5,42,1,15
12.942892022103049,7,51,3,10
18.34952252175703,1,12,4,5
11.973357649114906,8,56,4,5
4.020584689824078,3,16,1,15
12.223013341100703,4,41,1,10
15.983157433228255,9,32,3,10
6.951085478403089,4,15,3,10
9.329914166635412,10,27,4,5
10.073440973645985,12,28,2,0
6.0755084345888,5,17,1,5
13.241402169219295,7,46,2,5
9.395259256961092,4,59,2,15
12.097662219535138,14,50,3,0
5.5625391109894995,1,58,1,10
7.812708498382948,9,2,1,15
13.611906789138857,4,36,3,5
8.135834239541165,9,50,2,0
18.634819256167027,6,7,3,10
8.001819071926988,1,13,4,10
11.12342362875943,12,15,1,5
14.66295415936545,3,25,4,10
2.908171335334842,11,23,3,10
1.1959559400961197,2,22,1,0
2.371718427149526,9,26,4,15
16.31292051713591,12,33,4,0
7.240709270537766,1,11,2,15
22.79099642834126,13,10,1,15
7.1787620067130575,14,25,4,15
10.922756515985185,9,37,4,10
17.710549762839378,9,48,2,0
20.030464440795615,8,43,4,10
20.307517883181987,8,53,4,5
16.041831152965713,11,38,4,0
15.120312629057313,14,41,2,15
12.962634746005914,12,45,4,10
13.891805380833189,1,24,4,10
7.244071418357333,11,40,1,0
5.909005582888464,8,46,1,0
9.98312771294524,10,56,2,15
9.149076887375358,14,33,3,15
7.733859753363625,3,17,1,5
13.481937237283576,11,24,2,15
14.776526042852554,7,37,4,10
10.442034431459236,11,57,4,5
17.38765040527631,1,2,2,5
4.291554429332475,1,32,4,5
9.03170270360141,10,57,4,0
6.4158883969859755,13,24,3,15
1.0,5,9,4,5
9.586596570786504,5,4,1,0
9.391262458083583,8,17,4,0
17.567248716210656,7,17,2,5
13.154058422773888,8,53,3,5
4.879065878353975,6,50,4,10
19.27046283167094,6,48,2,5
16.105168477626766,2,30,1,10
12.91048851734308,6,40,4,5
8.86757950575084,5,58,3,5
5.202803816382601,13,11,4,15
8.138966119644735,3,21,2,5
15.44374309852093,6,21,3,5
19.422931529673043,8,18,4,10
17.716217641360945,9,55,1,10
7.55575289106863,1,29,3,15
4.401912833554944,3,24,1,5
10.70443123455602,3,10,2,5
1.1578031721857425,11,45,4,10
11.615838570923907,8,17,1,0
9.261987068506656,1,18,2,0
7.669817490658788,5,42,4,0
2.0264846636660225,3,48,2,10
12.568000532848583,2,20,1,10
7.336495801690443,8,37,2,0
4.15041582144856,3,45,3,0
1.0,7,18,4,5
9.862425474746818,12,17,2,10
18.86125798334872,11,9,1,10
18.30629607273935,1,14,4,0
7.714518717068641,6,49,3,0
6.988939698191097,3,29,4,15
12.343871280375119,8,31,3,10
5.008072804058543,6,4,4,15
11.50895949909733,12,18,2,5
13.830401391923452,2,59,2,15
16.13466611942154,6,20,1,0
9.499229617600236,7,56,3,10
8.981631249115171,5,56,1,10
5.610087066217194,3,47,2,15
5.8655982298007,4,43,3,15
8.867605540492367,4,44,1,5
11.836827534080891,6,9,1,5
14.567923131166246,10,13,1,0
5.984105246598276,1,15,1,0
17.46344284479761,11,27,1,0
8.644381994787157,4,15,3,15
9.89316352825782,10,28,1,15
6.263941604260883,13,37,3,10
1.0,4,55,1,0
14.420226981805248,10,19,2,15
13.684219485462167,1,26,2,10
8.593362214408932,9,52,1,0
10.33495358612436,4,26,4,5
12.579696088520498,7,25,2,5
2.187270715567287,12,26,3,15
7.354736613268527,14,26,1,10
13.971323398109135,3,46,3,5
3.7285528841537534,10,28,4,10
11.467789660833146,12,49,1,10
3.217090976882975,3,18,2,5
12.332149912167631,14,32,3,10
9.821792588512583,8,53,2,5
1.9243409204724529,8,3,2,15
15.823696772285857,11,2,1,0
6.327042116009753,12,33,3,0
5.948737814928095,1,42,4,15
11.002845986154714,10,19,2,5
15.743186747143575,2,17,1,5
4.920890905108015,8,44,1,5
10.308399249239859,1,33,4,5
12.144082501652864,12,12,1,15
13.465528036315721,8,49,2,0
10.882207776386126,8,56,1,10
8.164860804583387,2,3,3,10
5.862048896756401,4,43,3,0
10.430719415231874,6,49,2,15
4.639304940071965,12,55,3,10
1.0,11,26,4,0
12.18279902078834,9,35,1,15
14.519674205430977,8,8,2,10
1.0,12,52,4,5
4.951346476450312,8,36,1,5
13.09577130502599,7,53,4,15
20.287477348558493,14,54,2,5
10.103968538377039,13,7,2,15
6.3599852938543275,9,46,4,0
9.085517794475798,2,46,1,0
16.874382095740923,3,36,3,10
6.770179104377323,10,16,3,15
6.004039966748732,8,24,4,10
7.586282389089838,14,54,2,10
5.233356958706438,6,1,1,0
10.613351579973978,10,49,1,10
18.123392292347802,9,25,2,5
11.615396365580146,10,10,3,10
8.738232489368562,4,54,1,15
8.540943655422279,8,16,4,5
2.184045956516715,10,16,3,0
14.415548885735795,3,58,4,15
9.61081401493599,3,8,3,5
9.097600432046871,8,29,2,15
25.965537839224304,5,39,4,5
11.493764541828432,3,28,4,15
6.241044749524079,10,6,2,15
7.868212018972283,11,16,4,5
15.742228545983775,1,20,3,0
10.566352052688822,3,16,1,0
2.8086101084131663,12,7,1,15
14.596144672876019,9,41,2,15
6.65927957230503,5,14,3,0
19.366488881087726,12,43,4,0
15.400240328573243,10,26,4,10
7.763390521706244,2,26,1,0
16.405081808675565,7,14,4,15
10.339277552637016,2,7,1,5
14.263868375611096,4,33,2,0
12.423664086472375,12,26,4,10
5.768216725045632,7,57,3,10
6.78225083841269,4,45,4,10
15.149804087905807,7,20,1,5
8.326123339467296,7,3,2,0
7.981757683790017,1,52,1,0
5.224387103253235,6,4,4,0
12.117995327967305,9,26,1,5
20.312624596215727,2,11,1,5
4.662335428728635,14,2,2,15
10.12109728336379,3,14,3,10
17.061102777077146,10,44,4,10
9.601793043771425,5,30,2,0
12.26185898124867,9,49,3,5
4.688032359265602,4,12,1,5
12.141535486038244,1,26,3,0
9.064278674977256,4,44,1,0
14.928649978399314,6,33,1,15
15.936930257823755,5,13,2,10
22.947818210093068,14,14,1,10
12.898165866067878,13,24,2,10
11.628981582910832,1,34,3,15
10.97192150788668,4,44,3,0
8.234168535946559,6,26,1,0
11.692419217308455,13,21,2,10
8.522992949304854,10,28,1,10
10.842304881348072,10,48,2,15
16.5879876780398,14,36,2,5
4.967287173601794,4,40,2,5
15.699392805645227,14,2,3,10
16.58557533669933,9,42,2,15
9.409657365044605,5,9,3,10
1.0,8,23,2,5
6.960890064527838,9,15,3,10
16.484972732805545,10,13,4,5
9.885659688505589,5,23,3,5
5.003488838525446,6,17,3,5
7.476125393858913,1,48,1,0
14.203100132522765,11,2,2,0
12.733667841006897,12,20,4,10
8.805339504151528,7,20,1,5
8.165877940926562,4,59,2,0
8.04120925478089,11,46,4,10
5.387949077507487,2,3,4,10
18.07687844734721,5,55,4,10
8.3883976539433,12,12,2,10
16.085792604127484,3,40,4,10
17.606580259612258,6,2,4,15
14.991554490739802,8,36,1,5
7.841898436409759,7,14,3,10
12.018650451683047,3,16,2,15
9.87902196804542,8,19,3,5
5.4814906963493595,2,34,1,0
11.621796408608015,10,44,3,10
4.104801044200988,9,46,4,15
15.938396942307818,4,6,4,0
7.676913513508035,1,13,2,15
11.005798279364196,8,36,2,5
11.416439357730711,7,22,2,5
8.705475131479613,11,18,1,0
12.933469007376374,13,12,2,15
7.625481716887378,5,52,1,10
14.35648648728622,10,59,4,10
3.2701015987662574,13,54,3,0
10.63189789773206,5,30,4,0
19.694644995291423,7,53,4,0
4.998343376972127,5,51,4,15
6.611275147375743,8,40,2,10
12.569539248294575,11,7,2,10
10.897908909697989,13,32,2,10
11.753150496367796,6,48,3,0
12.445935650738317,13,19,2,10
13.17360734280885,5,6,1,5
15.548499209781117,9,20,4,0
12.049093284642563,11,27,3,10
8.793711726907288,2,53,3,15
13.362868506013656,1,43,3,0
19.499409674476077,8,37,3,5
9.336831268087133,12,48,3,5
5.1273534766467925,3,7,1,15
15.535403346434864,14,59,4,15
9.39809418023201,11,5,3,0
1.0,12,11,4,0
14.237108385752109,12,15,2,5
7.323359070230387,12,3,3,15
9.547333588479196,7,58,3,0
11.659901652845072,10,5,4,5
10.952498398895331,13,23,3,15
13.547259085695197,11,53,3,5
7.822568147150783,8,37,3,10
12.565528990880413,13,9,1,15
8.702266612080415,13,15,1,0
13.694052404437516,6,3,3,0
13.076837420065267,12,29,1,10
5.322806489777023,10,6,2,15
15.42991058087516,14,17,3,5
7.32018277442976,9,26,2,0
14.040288991405726,7,21,4,10
11.836436567006704,10,8,2,10
19.190918383975614,5,21,4,15
8.882670088140738,8,57,3,15
8.253416019409013,2,11,4,0
9.902901970561336,7,38,4,10
8.484101085828623,4,8,2,5
13.99970950971025,9,42,2,10
1.9184469578170606,12,24,2,5
4.731587904268229,1,35,3,5
4.660985392104035,7,55,3,0
14.751537959867878,6,14,2,10
18.553066862909624,8,55,3,5
9.477753907312643,5,14,3,15
9.155891384049946,1,10,4,5
10.350260815565907,1,12,4,15
15.809391513040953,9,38,2,15
5.363234329047129,10,44,3,10
11.191844913673926,6,55,4,15
14.87598814891215,10,46,1,5
12.505470849699226,5,34,3,15
10.947908082993717,1,41,1,10
15.005230462835705,6,10,2,0
1.0,6,58,3,5
13.389376597654538,3,17,2,5
6.7296215843628815,13,17,2,10
1.0,8,3,2,10
12.556012997624904,14,31,2,10
16.86829272581479,1,51,2,10
9.312757426861541,1,1,3,5
14.764372736014694,6,12,1,0
18.061391289943227,10,39,3,15
16.57457226792024,13,4,3,15
18.199822646856965,1,42,3,0
13.71063745535946,6,13,4,0
10.377168194507965,1,34,4,0
1.990170940514158,14,42,3,10
8.769687559350256,13,21,1,5
5.783767023419041,6,22,3,5
20.85471358748907,3,57,2,5
9.120570937838316,14,4,4,10
10.616024033922429,14,18,4,5
12.757426880202338,8,5,3,10
10.218012231862268,13,19,3,5
18.475255202153765,6,2,1,0
6.88675319132774,13,12,1,15
10.973037276186213,11,17,2,15
6.287647071509759,13,10,3,10
3.3998874438964712,1,34,3,5
6.941154545473573,5,6,3,15
9.81481601475794,8,8,4,0
7.8534888774137,3,51,2,0
6.53789510063072,12,11,1,0
2.9684126816408307,6,57,4,10
9.584472136856526,5,12,4,10
2.4763981298449886,6,9,4,5
13.800279818448013,10,2,4,0
10.412198764672516,1,8,2,5
2.7122425026753474,7,58,3,5
8.453954614750682,9,11,1,0
6.239217972047085,2,53,1,5
11.595872552095901,10,36,4,15
16.70225223011572,5,10,4,10
1.0,10,21,2,5
10.575130395737085,4,20,4,0
9.199336022166799,6,48,1,10
13.356700382252328,6,8,1,10
11.065983141188445,11,36,3,5
6.240153341305905,2,29,3,15
8.404730321666909,2,42,1,5
6.019870715982555,4,12,1,15
15.38003569299299,1,14,2,10
10.10655824335971,9,48,2,5
19.50595342876504,14,54,1,0
9.696695930926897,14,50,4,5
6.4579661654476865,13,21,3,15
2.4314280369358645,7,22,1,15
1.0,12,21,4,5
2.0793202849725514,7,44,1,15
11.335633255057417,3,50,3,10
12.54362511614967,11,30,3,5
2.094046489839333,12,39,2,15
14.475191570380577,3,20,2,5
7.584694741582803,1,24,2,5
10.733965059927748,3,23,2,0
18.061103141277123,3,7,3,5
14.484196579327659,4,9,4,0
8.657346760470839,4,1,4,15
5.544038872923563,3,26,4,0
1.0,10,38,1,0
6.4042334037879,12,38,2,0
8.944348805861528,8,54,2,10
5.06410236424408,8,44,3,0
9.343715164538477,13,22,3,5
10.38425941479384,13,44,1,0
8.875720090959607,1,10,1,5
6.749987095882702,7,55,4,0
10.843273359833638,11,58,3,10
12.209703247847045,2,6,2,15
4.548004612785769,1,17,4,0
17.05466189873135,3,51,2,0
9.507059338578692,4,50,4,10
10.094248114724238,13,38,2,0
13.541072116282786,6,24,1,5
11.166080656317508,10,51,4,0
14.765683169566225,14,10,2,0
11.43562082600912,5,56,2,15
6.937813126797811,14,8,3,15
11.807517626030508,4,21,4,0
4.281368963396691,8,56,2,10
10.542798528882615,11,6,3,15
9.833850046777696,12,21,2,0
8.959415713637302,14,57,4,15
9.357312442805346,4,39,1,0
1.0,13,24,4,15
7.2563754612951925,10,33,4,15
10.464224505705573,12,59,2,5
10.799281959987002,13,18,2,0
4.861624295370209,2,56,4,0
16.328539204323505,3,28,3,0
5.669125758927496,6,57,3,0
14.847286002633684,8,52,3,15
12.135971809358423,8,32,2,5
6.768863450780985,11,12,2,5
18.87655446304756,9,48,4,10
4.0318158412175995,7,42,1,0
14.595770868050007,13,27,2,10
15.002911590214891,2,10,4,15
6.646898954616775,8,46,4,10
16.962326500321645,7,57,1,0
8.749767427005237,8,52,3,5
11.443468146399285,12,42,4,5
11.301609193856104,3,32,4,0
9.32845629264726,7,42,4,15
14.054041365798911,10,26,3,0
13.967443602761065,13,25,3,15
1.2573401338090964,9,11,1,5
16.521701214390763,3,23,2,15
1.6875400598216288,14,34,3,0
15.162731021708286,10,57,2,0
15.633525684137917,6,52,2,0
4.545167848924009,2,40,3,15
7.945928560227076,2,23,4,15
4.471476657570321,5,29,1,15
8.925394848556323,5,31,2,5
8.459828579071294,13,7,4,10
13.8983026613467,7,40,3,10
16.55154373059804,12,33,2,0
16.97841905394978,2,21,2,5
7.18915986710849,11,2,2,15
8.95389063127736,14,18,4,0
1.582809038895249,13,47,4,5
5.970649667519056,7,33,4,0
14.824258165487288,5,37,2,5
18.07791411774116,14,34,2,5
3.82825564060039,6,20,1,10
7.037678704235528,8,35,1,0
9.867971215205365,10,51,4,15
11.400805794098034,13,50,4,10
5.95198240039177,14,54,3,10
12.120305222320448,12,18,4,15
7.63080326464542,4,46,1,5
9.927738645608605,13,24,1,15
12.731421240018499,7,8,1,0
10.03211134905469,6,30,2,15
7.818070547367157,10,44,2,5
9.451950980370846,2,53,4,15
9.558185203973323,8,10,3,5
8.149944850589362,10,23,3,5
8.706019686664488,9,52,3,0
17.993235852523583,5,49,2,15
12.804597239706194,10,11,1,15
8.522598409854199,4,2,1,0
13.484772022553678,6,58,2,5
8.33090255121995,8,26,3,15
15.865623187933206,11,36,3,0
11.84821096099047,3,33,4,5
9.463489279978855,10,47,4,0
12.238584629051388,11,13,3,15
2.1456192396575036,11,40,2,0
4.366162655450974,1,25,3,10
4.030374968004723,4,4,4,5
10.714715473818533,4,42,3,10
18.66257499742546,1,19,2,10
21.15650073096316,9,18,1,5
13.190255507203785,3,37,2,5
12.504222374722286,5,30,2,0
1.0,6,19,4,5
7.286631001329891,8,58,2,10
6.0610812404588055,6,23,2,10
6.89576200874442,3,59,4,15
9.159280907076052,6,54,4,5
7.639547111514363,1,16,1,10
1.0,4,1,3,15
13.73955128058767,6,12,2,15
4.636284871300967,7,24,4,0
11.196234320555748,11,34,1,10
20.370413348749867,13,53,3,0
5.403077042067883,11,57,4,10
1.0,10,8,3,0
8.569978890599446,3,18,3,0
15.504798174992855,9,57,2,5
19.791737271102967,12,48,2,0
3.852252027737916,12,5,4,5
12.483496116182609,7,26,3,15
7.673447716099734,14,30,4,10
9.470258228479322,1,54,4,15
23.221716735085174,2,13,3,10
2.485148358024234,1,19,4,15
11.268698307472867,11,29,3,10
12.338465858827167,9,3,3,0
15.428931624696736,9,26,3,10
10.489915767354477,7,40,3,10
11.540252697520511,10,59,1,15
8.041757162891045,3,58,3,15
11.345634706225537,13,58,2,15
8.284038622512949,5,12,2,5
13.107859449280255,4,2,2,5
8.15194831978183,7,11,3,10
11.885501969510932,14,44,2,10
9.853685931575109,9,28,1,0
15.630251253860841,12,18,4,0
9.743031382057568,2,13,3,10
1.1348376589655924,13,37,2,5
16.309607503569957,8,22,1,10
5.471338495686905,9,12,4,0
6.731168306755901,10,2,1,5
7.02169352978254,14,37,2,5
16.872190465854086,10,7,1,0
1.0,9,26,4,10
25.68874266829997,14,26,2,15
15.280284045330259,10,24,4,10
11.1161945706458,14,12,1,10
9.725529996918569,7,16,3,0
11.427770374288285,9,23,3,5
12.605612141896692,9,40,3,0
13.226077929750286,14,9,3,10
12.778022330017242,3,32,4,15
10.447903406276245,4,15,3,15
9.013307898463369,2,37,4,15
9.24363358173244,10,13,2,0
9.025458598236595,3,5,3,5
15.668850484335323,11,11,4,0
12.96778361140431,11,10,3,15
1.0,5,52,3,10
13.279503882648804,5,13,3,5
10.973680973593874,6,41,4,0
9.906456217770513,13,53,1,0
8.057407734555571,7,46,3,5
15.620563599930067,7,50,3,5
14.73763231061429,1,15,2,10
6.135611660881954,14,42,1,5
12.035261435622676,2,56,4,10
5.14171632729357,12,7,2,15
3.101909176055347,9,40,3,15
6.866413877050174,10,28,2,0
14.311967361913794,2,32,2,15
14.765625226880434,6,35,3,15
12.565427100486465,11,15,1,10
13.625478934239986,11,48,1,0
12.580891435574792,1,36,2,5
6.792592023885239,3,21,3,0
12.159612723369703,2,6,4,15
14.002047626138411,3,1,2,5
13.771456649067872,5,4,4,0
15.944566857373214,11,11,2,0
13.54151923600532,10,44,2,0
11.757241037707914,6,26,3,0
15.350751191582138,9,37,3,10
9.867393703754699,12,23,4,0
5.590626743861411,11,29,4,15
9.184665180281181,10,21,1,15
6.275486775967755,12,48,3,10
6.624108625128092,12,45,2,5
9.277406646422412,13,45,2,5
6.037900395000193,4,49,1,15
8.460192351804798,7,27,3,15
1.0,6,39,2,10
11.066468536864694,2,40,1,5
10.00602737681112,10,13,1,5
5.914556844659047,11,23,2,0
13.296228342162024,11,59,2,0
14.68785068813279,11,16,4,0
1.9622006781551296,8,30,3,10
6.186376107168929,7,4,4,15
6.154288251063509,7,40,1,10
5.300484494455676,14,16,2,5
14.147374209658743,8,31,4,15
9.030869306135983,12,53,1,0
8.677425793446947,12,42,3,10
1.0,13,25,2,10
13.177090151046132,14,44,4,0
3.8037080257326377,11,12,3,10
10.299663151331641,1,26,4,0
11.386884689790959,13,37,1,5
16.803292979193255,1,48,3,15
3.45589800440444,8,33,4,5
1.0,4,28,3,5
10.919247723768475,5,9,1,0
19.002555907554267,8,12,3,10
16.19473176469719,5,5,4,5
11.048297076373128,10,54,1,5
7.541819071839763,4,52,2,5
14.035612983186551,12,54,4,10
5.132269001477657,6,28,4,10
12.381788846781095,13,56,1,0
12.527350795833135,12,35,1,5
15.3010495374944,5,5,2,15
23.798300194555388,14,34,4,10
11.962079835893835,7,46,1,0
7.455181871462506,14,34,2,5
9.872128439040027,10,13,2,15
1.1546204755544096,7,39,1,10
6.526434344554709,13,42,4,15
7.95358780943448,4,45,3,10
7.379558010327037,12,48,3,0
10.76177436016861,13,58,2,15
5.887900338088997,5,14,3,5
15.605153336622358,13,11,3,5
10.001035324590985,3,42,1,10
9.953498394306928,4,38,2,5
8.36052641743541,14,4,4,15
10.775953419294895,4,53,2,0
14.125491323338174,3,33,1,10
5.664348921445498,13,7,3,15
6.709417554623717,10,56,4,10
8.481369856116677,5,41,2,0
3.2706453826339255,5,8,3,10
5.903710701392511,11,37,2,5
7.618895632276705,7,51,4,5
14.371945903563638,4,10,2,10
11.312806645009625,13,43,2,0
10.967949556837722,4,57,2,0
14.25448981083986,9,15,3,5
9.313141058003017,6,38,4,0
11.952324249644448,4,15,4,10
9.483891235337518,2,5,3,15
11.326811746998143,6,29,3,10
7.08620671194209,2,19,3,5
1.0,5,54,1,5
9.328604189068479,6,51,2,5
17.113740680499703,4,10,2,0
14.631077011207962,14,12,4,10
14.826987422955852,13,54,2,15
16.18065360903109,3,4,1,10
10.443287954807188,7,31,3,15
10.986578537027977,2,18,4,10
6.911740522828249,13,16,4,5
8.41963571986475,11,40,2,15
13.078855748855709,14,36,4,10
16.019422185844082,6,25,3,0
9.302768621595002,13,23,4,0
7.7490536757429425,4,12,3,10
10.002639794282986,6,34,1,5
13.006033744645574,4,36,1,15
2.7807259193322906,4,37,3,10
1.0,4,3,2,0
7.247315752542082,9,9,4,15
3.8964378704292066,7,53,2,0
7.459299011763445,3,18,4,0
9.261098405912643,3,43,1,10
7.733757954884933,6,35,1,0
17.262337672353727,6,57,1,15
11.6337238230116,4,55,4,5
11.502371798054142,9,34,1,10
13.11103572021701,4,41,1,15
4.305834411096154,9,14,1,10
15.195558937101342,4,4,1,0
9.621178567322701,2,29,2,0
13.352403086206063,2,41,1,15
4.6407138347992225,5,45,1,15
2.2312061699196786,4,50,2,5
14.089448290125144,7,15,2,15
11.882047630487584,14,28,4,15
5.489742228212448,11,42,3,10
5.651684593626528,5,16,1,0
15.627173922073847,6,12,1,15
4.05294053566336,10,52,1,5
18.213364766279817,4,5,4,15
5.496896326760656,13,34,1,0
13.191959628041914,12,42,3,15
8.356907621255077,2,1,2,10
13.015937155411716,13,39,4,0
7.279429989429037,10,32,2,15
9.18603546963853,9,26,1,10
10.204595876978606,10,17,1,0
4.989062721092637,7,48,1,15
13.70412172710063,4,59,3,10
7.433932167642074,3,27,3,5
8.857000423299906,10,24,4,10
5.028253126957439,14,35,2,5
1.0,3,46,1,15
9.044861186999155,9,42,1,10
22.06307710806458,5,54,1,5
13.92302143949012,13,39,1,0
9.903698101328027,3,26,3,10
8.685545853958661,5,49,2,15
10.112329464060231,2,38,2,0
12.73559557587605,11,23,4,5
4.095935923455776,4,22,3,10
15.57160847334436,10,4,1,10
13.57690657720622,2,49,2,15
13.590928628539672,2,59,2,0
12.192378694048637,12,9,3,10
10.09808328846995,8,4,4,10
13.364306179834099,1,7,4,0
12.95907066870689,14,23,1,10
8.22979644529488,7,2,4,0
7.131991135515495,5,49,2,0
10.509281476309933,11,24,4,0
17.74510075747594,8,40,1,15
3.804464621730496,1,55,2,0
2.6623736712378,11,31,4,0
10.823804206182583,7,47,4,5
10.25443850928009,5,31,3,5
10.866708321852041,4,47,1,15
11.219765989542502,7,40,4,0
8.883988726825974,10,48,3,5
17.449317193010412,2,51,2,5
1.9954801076174213,12,43,3,10
5.85751487609877,1,34,3,0
9.483726199254763,1,55,4,5
1.7840559442291628,11,24,4,15
9.120727977839644,12,49,4,10
18.30735082864009,1,26,3,10
10.104432441479808,12,16,2,0
11.153504528593418,5,57,1,0
3.699176174137099,10,47,3,10
6.918192959802613,7,13,4,15
8.124018098380315,2,15,1,0
8.41142451621883,10,27,2,0
16.408218975018844,8,4,1,10
12.788455303625623,4,16,4,10
4.44271021531484,12,30,3,0
11.232523892160025,3,44,3,5
12.491108742483926,10,30,4,0
15.700745192606332,11,36,3,5
17.902703432841868,8,3,4,10
4.924529040860657,2,22,3,5
5.945712443948309,11,49,3,15
3.7121107054269187,11,22,3,10
8.829900704465093,13,50,2,0
12.331791872231673,3,57,2,0
14.936672582945508,12,50,4,10
9.620244881787386,3,55,2,10
8.40076238372578,10,49,4,15
10.758789961243702,11,12,1,10
5.824285491849885,1,55,1,0
20.447693608473866,6,21,2,15
1.961694864409706,2,56,1,0
10.923702894478623,1,4,1,5
20.118031096148197,2,31,3,10
10.03399922279999,12,44,3,5
9.049804824992528,6,31,4,0
8.212772885947864,14,58,1,5
9.098041591187961,4,23,4,5
16.864242373382652,6,54,4,0
1.0,12,53,1,0
17.667168506481627,9,20,2,10
2.880214237749275,13,15,1,5
8.666738353827926,10,23,3,15
7.85377789850669,12,28,1,15
12.9427663488536,10,16,2,0
2.0093782405812624,8,37,4,0
12.310863330409713,1,21,4,5
20.121548116434262,13,15,3,0
3.1841299770359477,8,17,3,15
10.948530838051978,9,50,3,10
6.690089111016954,6,37,4,10
12.129436030965179,10,13,3,5
10.09573888707876,5,19,1,10
6.792565454778452,6,30,4,0
12.43936142435537,13,45,2,0
