customer_id,age,city,registration_date
1001,48,Alacant,2022-02-22
1002,48,Alacant,2023-10-05
1003,76,València,2019-10-23
1004,66,Madrid,2022-09-12
1005,58,Barcelona,2019-07-02
1006,52,Barcelona,2023-07-10
1007,27,Castelló,2022-03-07
1008,18,Castelló,2022-04-30
1009,16,Barcelona,2023-04-03
1010,48,Barcelona,2022-01-31
1011,55,Madrid,2023-04-02
1012,25,Alacant,2021-06-03
1013,58,Castelló,2021-06-02
1014,59,Alacant,2022-12-10
1015,44,Madrid,2020-02-14
1016,28,Barcelona,2020-01-29
1017,27,Alacant,2021-05-19
1018,46,Barcelona,2022-04-30
1019,61,Barcelona,2022-10-18
1020,17,València,2023-10-30
1021,76,Alacant,2023-11-01
1022,66,Alacant,2021-04-14
1023,65,Barcelona,2023-03-21
1024,50,Madrid,2023-09-27
1025,38,València,2022-11-22
1026,32,Barcelona,2019-05-30
1027,41,Castelló,2021-04-28
1028,23,Castelló,2019-07-10
1029,44,València,2020-11-03
1030,41,Madrid,2019-06-28
1031,25,Barcelona,2022-01-27
1032,41,Alacant,2022-02-11
1033,77,València,2020-06-26
1034,49,Madrid,2023-03-19
1035,66,Alacant,2023-02-27
1036,56,Castelló,2019-01-03
1037,22,Castelló,2021-06-17
1038,19,Alacant,2019-12-03
1039,73,València,2023-05-02
1040,68,Castelló,2022-07-13
1041,65,Barcelona,2023-01-20
1042,60,Alacant,2019-08-17
1043,26,Alacant,2021-05-15
1044,44,Castelló,2021-07-10
1045,71,València,2023-06-13
1046,51,Barcelona,2020-12-31
1047,40,València,2019-03-14
1048,36,Madrid,2019-06-14
1049,76,Madrid,2021-05-11
1050,72,Castelló,2022-06-19
1051,51,Castelló,2023-04-05
1052,25,Castelló,2020-11-28
1053,52,Madrid,2019-07-15
1054,24,València,2022-01-04
1055,39,València,2021-03-12
1056,79,Castelló,2021-11-18
1057,50,Barcelona,2022-12-04
1058,64,València,2022-03-01
1059,50,Madrid,2019-06-19
1060,63,Alacant,2021-10-24
1061,51,Alacant,2022-03-19
1062,33,Alacant,2019-10-04
1063,64,Barcelona,2023-02-23
1064,54,Castelló,2021-02-15
1065,47,Madrid,2019-09-25
1066,39,Barcelona,2020-04-03
1067,38,Madrid,2021-02-09
1068,77,Madrid,2021-04-03
1069,47,Castelló,2019-06-06
1070,52,Alacant,2023-10-18
1071,27,Castelló,2022-03-31
1072,64,Barcelona,2019-06-05
1073,70,Barcelona,2023-01-05
1074,28,Barcelona,2019-02-15
1075,38,Castelló,2022-09-24
1076,40,Madrid,2022-07-12
1077,50,Madrid,2021-11-29
1078,56,València,2019-11-07
1079,45,Barcelona,2020-06-20
1080,32,Madrid,2022-05-17
1081,64,València,2023-10-01
1082,77,Madrid,2023-02-20
1083,35,Barcelona,2020-04-23
1084,63,Alacant,2023-03-25
1085,40,Barcelona,2022-08-27
1086,37,Castelló,2022-10-07
1087,28,Madrid,2023-09-09
1088,74,Madrid,2023-10-28
1089,34,Castelló,2019-02-18
1090,64,Castelló,2022-02-18
1091,51,Alacant,2021-09-23
1092,27,Madrid,2022-09-06
1093,76,Madrid,2023-04-24
1094,56,Alacant,2023-07-16
1095,34,València,2019-07-15
1096,27,Alacant,2021-03-05
1097,24,Barcelona,2021-02-19
1098,22,Madrid,2020-01-28
1099,43,Castelló,2022-02-16
1100,29,Barcelona,2022-10-18
1101,46,Madrid,2021-11-30
1102,79,Alacant,2022-09-09
1103,67,Barcelona,2021-12-29
1104,34,Madrid,2020-12-03
1105,73,València,2021-10-19
1106,62,València,2023-05-25
1107,31,Castelló,2023-04-21
1108,68,Madrid,2019-09-01
1109,20,València,2022-02-11
1110,50,Alacant,2023-10-08
1111,27,Madrid,2020-11-13
1112,40,Alacant,2019-02-18
1113,67,Alacant,2021-05-06
1114,74,València,2020-08-04
1115,36,Madrid,2023-07-29
1116,51,Barcelona,2020-09-11
1117,68,València,2022-08-02
1118,38,València,2021-02-11
1119,31,Madrid,2020-10-16
1120,72,Madrid,2019-07-28
1121,54,Alacant,2022-09-19
1122,60,Madrid,2023-02-06
1123,68,Alacant,2022-10-16
1124,57,València,2023-08-10
1125,73,Castelló,2022-12-08
1126,54,Barcelona,2023-04-28
1127,29,València,2021-03-26
1128,46,Madrid,2020-11-01
1129,73,Barcelona,2020-10-01
1130,20,Castelló,2019-11-24
1131,50,Castelló,2023-08-21
1132,38,Alacant,2021-11-22
1133,44,Barcelona,2021-12-29
1134,58,Alacant,2019-09-05
1135,26,València,2019-04-10
1136,33,Barcelona,2023-09-29
1137,62,València,2023-07-19
1138,27,Alacant,2023-09-29
1139,24,Barcelona,2022-05-07
1140,25,Alacant,2021-10-10
1141,73,Barcelona,2022-02-16
1142,59,Alacant,2022-10-18
1143,32,Castelló,2019-03-30
1144,76,Alacant,2019-03-02
1145,53,Castelló,2022-03-31
1146,22,Alacant,2020-12-16
1147,61,Barcelona,2022-07-22
1148,28,Barcelona,2020-07-30
1149,55,Barcelona,2020-04-21
1150,57,Madrid,2020-11-18
1151,24,València,2023-01-24
1152,65,Barcelona,2022-12-30
1153,42,Castelló,2019-05-10
1154,73,Barcelona,2022-04-01
1155,17,Madrid,2022-12-13
1156,20,Castelló,2020-02-25
1157,44,Madrid,2020-01-01
1158,52,Castelló,2022-08-02
1159,53,Alacant,2022-03-24
1160,34,València,2023-11-30
1161,23,València,2021-01-16
1162,63,Madrid,2020-07-21
1163,60,València,2019-11-27
1164,16,Madrid,2021-04-15
1165,37,Madrid,2020-01-04
1166,67,Madrid,2019-04-30
1167,32,València,2019-07-02
1168,78,Madrid,2021-04-26
1169,22,València,2022-01-26
1170,40,Madrid,2021-05-09
1171,60,Barcelona,2019-09-15
1172,19,Madrid,2023-06-02
1173,51,Castelló,2021-09-29
1174,21,Madrid,2021-12-02
1175,75,Alacant,2019-04-29
1176,46,Madrid,2020-07-06
1177,34,Castelló,2023-06-16
1178,76,Castelló,2022-06-20
1179,59,València,2019-03-03
1180,69,Barcelona,2019-10-21
1181,54,Madrid,2021-06-01
1182,42,València,2020-08-03
1183,25,Barcelona,2020-07-08
1184,41,Madrid,2020-05-06
1185,34,Alacant,2023-11-22
1186,54,Madrid,2023-06-12
1187,77,Castelló,2023-07-04
1188,18,Castelló,2020-03-30
1189,60,Alacant,2020-07-22
1190,28,València,2020-01-29
1191,65,Barcelona,2021-06-13
1192,43,Madrid,2020-10-18
1193,77,Castelló,2023-05-13
1194,73,València,2021-01-30
1195,35,Alacant,2019-04-28
1196,43,Castelló,2023-05-09
1197,23,Alacant,2022-02-27
1198,76,Madrid,2022-10-09
1199,78,Barcelona,2020-03-08
1200,56,Castelló,2020-09-15
1201,54,Castelló,2019-12-05
1202,16,Madrid,2021-08-29
1203,18,València,2020-07-28
1204,28,Barcelona,2022-07-29
1205,43,Castelló,2023-01-10
1206,77,Barcelona,2023-11-10
1207,72,Castelló,2019-06-25
1208,78,Barcelona,2020-04-05
1209,75,Alacant,2019-12-01
1210,64,Castelló,2022-11-05
1211,40,Barcelona,2022-08-26
1212,71,València,2023-06-29
1213,48,Alacant,2019-05-29
1214,53,Alacant,2022-05-11
1215,68,València,2021-02-06
1216,21,Barcelona,2021-07-14
1217,73,Madrid,2022-05-30
1218,59,València,2023-09-12
1219,60,Barcelona,2023-03-01
1220,47,València,2022-09-26
1221,60,València,2023-10-23
1222,76,Castelló,2020-06-17
1223,62,Barcelona,2019-11-02
1224,36,Madrid,2022-09-26
1225,31,Castelló,2020-01-02
1226,69,València,2019-09-05
1227,36,València,2021-03-08
1228,26,València,2023-04-12
1229,75,Barcelona,2019-05-12
1230,52,Barcelona,2021-07-24
1231,51,Castelló,2022-05-16
1232,50,Madrid,2022-02-23
1233,34,Castelló,2019-06-05
1234,35,Alacant,2021-02-19
1235,72,València,2019-10-20
1236,33,València,2019-03-08
1237,62,València,2021-12-09
1238,56,Castelló,2021-03-28
1239,64,Castelló,2019-05-20
1240,29,València,2020-05-23
1241,30,Castelló,2020-08-19
1242,46,Barcelona,2021-07-08
1243,16,Barcelona,2022-01-26
1244,68,Castelló,2021-04-28
1245,69,València,2023-05-24
1246,69,Castelló,2021-09-24
1247,18,Castelló,2021-09-29
1248,31,Castelló,2019-10-31
1249,38,Alacant,2023-11-16
1250,72,Barcelona,2021-01-04
1251,26,Madrid,2021-02-03
1252,27,Madrid,2022-08-04
1253,25,Alacant,2021-10-21
1254,47,Castelló,2019-08-20
1255,31,Alacant,2021-03-09
1256,23,Alacant,2021-08-18
1257,53,València,2020-12-17
1258,27,Barcelona,2022-06-05
1259,39,Madrid,2023-02-27
1260,43,Castelló,2022-03-27
1261,68,Madrid,2019-02-18
1262,23,Madrid,2020-06-07
1263,73,Barcelona,2020-01-27
1264,43,Madrid,2021-08-18
1265,51,Madrid,2021-06-06
1266,41,Alacant,2022-05-01
1267,23,Barcelona,2019-06-12
1268,73,València,2020-04-30
1269,75,Castelló,2022-06-08
1270,65,Madrid,2021-05-10
1271,43,Castelló,2022-12-19
1272,43,València,2021-01-16
1273,52,Castelló,2020-02-02
1274,56,València,2022-07-14
1275,51,Alacant,2021-06-14
1276,79,Madrid,2019-04-12
1277,42,València,2021-01-31
1278,69,Castelló,2021-09-26
1279,78,Madrid,2021-05-03
1280,32,Alacant,2022-11-05
1281,24,Madrid,2019-05-27
1282,48,València,2020-02-08
1283,68,Alacant,2020-07-13
1284,35,Castelló,2022-12-15
1285,28,Alacant,2020-03-18
1286,43,Alacant,2020-01-08
1287,63,Barcelona,2019-04-28
1288,44,Alacant,2022-09-13
1289,28,Alacant,2020-12-01
1290,61,Madrid,2023-04-20
1291,50,Castelló,2022-11-05
1292,76,Madrid,2022-04-04
1293,21,Madrid,2023-10-04
1294,33,València,2023-02-10
1295,66,Madrid,2020-12-23
1296,79,Barcelona,2019-03-19
1297,20,Barcelona,2020-09-06
1298,62,València,2022-01-18
1299,40,Castelló,2019-12-03
1300,17,Castelló,2019-09-08
1301,25,Madrid,2020-04-11
1302,71,Madrid,2023-04-24
1303,45,Madrid,2020-01-30
1304,65,Castelló,2020-12-06
1305,74,Alacant,2020-04-01
1306,60,Barcelona,2020-08-10
1307,20,Alacant,2021-07-18
1308,70,Alacant,2023-10-31
1309,71,Castelló,2021-05-02
1310,48,Alacant,2019-07-03
1311,69,València,2020-07-12
1312,16,Madrid,2019-04-28
1313,33,València,2021-09-05
1314,47,Barcelona,2019-08-11
1315,62,Madrid,2022-01-28
1316,64,Alacant,2020-11-01
1317,26,Barcelona,2020-06-27
1318,36,Madrid,2021-11-12
1319,41,Alacant,2020-12-09
1320,78,València,2021-01-02
1321,40,Madrid,2020-11-11
1322,37,Alacant,2021-05-17
1323,74,València,2019-03-25
1324,42,Barcelona,2022-09-25
1325,64,Barcelona,2021-10-14
1326,28,Barcelona,2020-10-30
1327,48,Barcelona,2020-02-25
1328,49,Castelló,2021-05-09
1329,56,Madrid,2021-06-02
1330,50,Madrid,2020-04-11
1331,78,Castelló,2020-07-04
1332,16,Alacant,2019-01-08
1333,36,Alacant,2019-07-14
1334,63,Barcelona,2019-03-08
1335,70,València,2021-07-14
1336,21,Alacant,2022-05-23
1337,43,València,2019-03-15
1338,32,Madrid,2020-03-24
1339,20,València,2020-08-06
1340,46,Madrid,2019-03-30
1341,20,Castelló,2020-11-04
1342,53,Castelló,2021-01-15
1343,18,Barcelona,2019-10-08
1344,68,Alacant,2019-04-11
1345,38,Barcelona,2023-12-04
1346,52,Madrid,2023-07-22
1347,68,Barcelona,2019-05-31
1348,52,València,2021-08-13
1349,25,Madrid,2020-03-08
1350,25,Castelló,2023-03-02
1351,34,Alacant,2020-08-03
1352,32,Madrid,2021-10-04
1353,36,Madrid,2023-11-26
1354,29,València,2020-01-23
1355,24,Alacant,2019-12-04
1356,61,Castelló,2019-05-14
1357,16,Madrid,2022-01-23
1358,66,Madrid,2022-02-27
1359,60,València,2021-05-12
1360,28,Barcelona,2020-05-26
1361,19,Castelló,2021-04-02
1362,77,Alacant,2023-08-02
1363,16,Madrid,2021-12-10
1364,64,Madrid,2023-10-08
1365,55,Castelló,2023-02-09
1366,47,Barcelona,2020-10-30
1367,49,Madrid,2020-07-23
1368,43,Castelló,2023-10-18
1369,46,València,2020-06-12
1370,23,Barcelona,2020-12-29
1371,54,Alacant,2019-02-28
1372,41,Madrid,2019-11-17
1373,73,Castelló,2022-04-29
1374,49,València,2023-09-07
1375,69,Alacant,2021-11-08
1376,69,Castelló,2020-07-28
1377,18,Castelló,2021-05-16
1378,74,Alacant,2022-04-26
1379,65,València,2019-04-12
1380,27,València,2023-01-14
1381,16,Barcelona,2021-03-04
1382,69,Madrid,2021-08-01
1383,59,Alacant,2023-07-30
1384,20,Alacant,2022-04-08
1385,45,Alacant,2019-08-14
1386,45,València,2021-07-13
1387,74,Madrid,2022-04-17
1388,72,Barcelona,2023-01-07
1389,32,Castelló,2022-06-20
1390,63,Castelló,2021-10-12
1391,78,Alacant,2023-07-27
1392,62,Madrid,2023-10-09
1393,38,València,2023-08-29
1394,30,Madrid,2022-05-08
1395,52,Madrid,2021-04-07
1396,36,València,2020-11-07
1397,29,Alacant,2020-10-06
1398,17,Madrid,2020-10-12
1399,26,Castelló,2020-03-26
1400,66,València,2021-07-09
1401,54,Barcelona,2020-10-17
1402,53,Alacant,2023-02-20
1403,79,València,2019-09-18
1404,75,Barcelona,2023-02-02
1405,49,Barcelona,2022-04-10
1406,53,Madrid,2023-05-14
1407,65,Madrid,2023-05-11
1408,49,Madrid,2021-10-30
1409,33,València,2022-01-14
1410,45,València,2021-05-06
1411,30,Alacant,2019-04-22
1412,42,Madrid,2022-05-14
1413,66,Barcelona,2023-07-03
1414,78,Castelló,2023-11-04
1415,49,Alacant,2021-05-14
1416,67,València,2022-05-12
1417,72,Alacant,2020-04-17
1418,53,Alacant,2021-12-09
1419,48,Alacant,2022-09-28
1420,39,Alacant,2020-05-29
1421,30,Castelló,2022-08-04
1422,75,Madrid,2019-09-19
1423,45,Barcelona,2020-12-21
1424,70,Alacant,2021-07-22
1425,57,Alacant,2020-09-30
1426,66,Alacant,2019-02-28
1427,32,Madrid,2020-01-22
1428,20,València,2022-10-21
1429,44,València,2021-07-04
1430,19,Castelló,2022-10-14
1431,25,València,2020-10-12
1432,71,Alacant,2021-02-17
1433,32,Alacant,2023-08-19
1434,25,Alacant,2021-07-11
1435,32,Castelló,2022-04-26
1436,75,Alacant,2023-10-06
1437,35,València,2022-09-27
1438,39,Madrid,2020-01-31
1439,20,Madrid,2021-04-20
1440,49,Barcelona,2023-09-06
1441,21,València,2022-10-10
1442,68,Alacant,2020-12-12
1443,17,Madrid,2019-02-07
1444,28,València,2020-03-15
1445,77,Madrid,2020-09-16
1446,58,Alacant,2020-11-08
1447,58,Madrid,2021-08-11
1448,63,Barcelona,2019-06-23
1449,26,Barcelona,2021-06-28
1450,66,Madrid,2022-08-13
1451,62,València,2020-01-28
1452,72,València,2020-04-11
1453,38,València,2023-05-29
1454,70,Madrid,2019-07-18
1455,31,València,2021-01-04
1456,46,Alacant,2023-06-12
1457,26,Barcelona,2023-06-21
1458,69,Alacant,2022-06-11
1459,31,València,2021-02-25
1460,23,Alacant,2023-11-12
1461,19,València,2019-07-20
1462,55,Madrid,2019-10-17
1463,19,Alacant,2022-01-24
1464,71,Madrid,2020-04-25
1465,40,Madrid,2020-04-04
1466,18,Castelló,2020-12-31
1467,47,València,2022-10-26
1468,18,Barcelona,2020-06-26
1469,42,València,2019-10-14
1470,44,Barcelona,2019-03-07
1471,47,València,2021-12-24
1472,65,Madrid,2023-06-19
1473,76,Alacant,2021-01-05
1474,73,Alacant,2022-09-04
1475,66,Castelló,2022-07-26
1476,34,Barcelona,2021-10-21
1477,36,Barcelona,2022-05-27
1478,20,Barcelona,2019-11-23
1479,33,Madrid,2019-04-05
1480,43,Barcelona,2020-07-31
1481,57,Alacant,2022-05-28
1482,76,Madrid,2019-05-08
1483,37,València,2022-10-16
1484,36,Barcelona,2019-09-01
1485,21,Barcelona,2021-05-26
1486,16,València,2021-09-24
1487,20,Barcelona,2020-08-19
1488,56,València,2021-03-06
1489,27,Madrid,2022-07-24
1490,41,Alacant,2020-03-29
1491,61,València,2019-08-29
1492,49,Castelló,2023-11-09
1493,64,València,2020-06-27
1494,29,Barcelona,2020-04-30
1495,41,Madrid,2022-04-17
1496,60,Madrid,2021-10-29
1497,42,València,2020-02-17
1498,24,Alacant,2021-04-18
1499,41,Castelló,2023-10-06
1500,72,Madrid,2019-10-14
1501,62,Barcelona,2022-09-05
1502,72,Barcelona,2021-01-06
1503,37,Alacant,2021-05-24
1504,62,Madrid,2019-05-17
1505,71,València,2020-02-26
1506,45,Barcelona,2023-08-01
1507,58,Alacant,2019-05-19
1508,78,Madrid,2022-10-11
1509,63,Madrid,2019-03-28
1510,76,Madrid,2023-06-10
1511,32,Madrid,2023-03-28
1512,41,Madrid,2019-03-23
1513,51,Barcelona,2020-05-30
1514,16,Alacant,2021-09-04
1515,23,Madrid,2023-08-27
1516,64,Castelló,2019-09-25
1517,50,Castelló,2022-02-17
1518,76,Alacant,2023-12-01
1519,67,València,2021-03-30
1520,30,València,2020-02-24
1521,62,València,2019-11-22
1522,78,Castelló,2020-08-12
1523,71,València,2020-09-02
1524,37,Barcelona,2021-04-29
1525,29,Madrid,2020-02-18
1526,41,Castelló,2023-06-29
1527,43,Alacant,2021-12-11
1528,38,Alacant,2021-06-15
1529,29,Madrid,2023-05-28
1530,39,Castelló,2019-08-20
1531,17,València,2022-06-09
1532,60,València,2020-09-16
1533,41,Barcelona,2023-01-19
1534,29,Barcelona,2019-09-10
1535,74,València,2019-10-03
1536,71,Alacant,2019-08-11
1537,66,Alacant,2019-06-02
1538,22,Barcelona,2019-08-10
1539,18,Madrid,2022-05-18
1540,62,València,2020-03-27
1541,38,Barcelona,2023-07-30
1542,61,Barcelona,2023-09-11
1543,58,València,2023-07-24
1544,62,València,2021-03-17
1545,75,Alacant,2023-05-24
1546,60,Madrid,2019-09-28
1547,33,Madrid,2022-07-13
1548,73,València,2020-04-24
1549,53,Castelló,2021-05-04
1550,50,Barcelona,2023-04-23
1551,66,Barcelona,2019-08-27
1552,30,València,2023-09-02
1553,79,Castelló,2019-06-19
1554,40,Alacant,2023-11-30
1555,70,València,2021-03-22
1556,52,València,2022-01-16
1557,43,Barcelona,2020-07-30
1558,25,València,2021-02-16
1559,54,València,2020-11-28
1560,72,València,2020-03-13
1561,32,Barcelona,2023-05-22
1562,54,Alacant,2020-06-19
1563,37,Alacant,2022-10-10
1564,41,València,2019-01-22
1565,77,Barcelona,2023-04-23
1566,59,Alacant,2022-05-05
1567,40,Alacant,2019-02-04
1568,32,Alacant,2019-05-07
1569,28,Barcelona,2022-07-11
1570,35,Barcelona,2019-04-14
1571,40,València,2022-01-15
1572,19,Madrid,2019-06-08
1573,25,Alacant,2020-11-07
1574,18,Madrid,2021-11-24
1575,56,Barcelona,2023-02-23
1576,60,Barcelona,2020-03-12
1577,33,Barcelona,2021-12-23
1578,62,Madrid,2023-04-05
1579,51,Barcelona,2021-03-12
1580,62,València,2021-09-17
1581,37,Barcelona,2023-02-09
1582,49,Castelló,2020-10-25
1583,62,Madrid,2022-05-22
1584,23,Castelló,2021-08-20
1585,55,Barcelona,2020-05-01
1586,64,València,2021-11-09
1587,59,Alacant,2022-01-31
1588,34,Barcelona,2019-06-23
1589,57,València,2020-04-16
1590,56,Madrid,2021-10-26
1591,52,Castelló,2023-01-27
1592,21,Castelló,2022-09-03
1593,67,Castelló,2020-07-04
1594,41,Madrid,2020-09-13
1595,79,València,2019-10-17
1596,49,Madrid,2022-03-21
1597,74,Castelló,2019-11-30
1598,71,Barcelona,2021-11-05
1599,74,Alacant,2019-05-02
1600,60,Madrid,2020-07-25
1601,21,Madrid,2022-09-24
1602,52,València,2021-02-19
1603,72,València,2022-03-15
1604,48,Madrid,2020-02-13
1605,68,Castelló,2023-09-22
1606,37,Alacant,2020-07-26
1607,36,València,2021-05-09
1608,21,Castelló,2020-02-12
1609,21,Barcelona,2021-03-06
1610,70,València,2021-07-12
1611,63,Castelló,2022-04-09
1612,19,Castelló,2021-11-11
1613,45,Alacant,2020-07-22
1614,26,Alacant,2023-11-18
1615,77,Barcelona,2020-08-29
1616,77,Castelló,2021-11-01
1617,45,Castelló,2020-01-13
1618,46,Alacant,2020-05-27
1619,39,València,2019-02-24
1620,70,València,2021-01-29
1621,24,Madrid,2023-06-29
1622,70,Alacant,2019-05-13
1623,18,Madrid,2019-04-03
1624,66,Alacant,2021-10-14
1625,46,Barcelona,2023-06-26
1626,55,Castelló,2019-06-14
1627,52,Barcelona,2020-04-08
1628,51,Alacant,2019-08-16
1629,39,Castelló,2019-03-12
1630,46,València,2019-08-12
1631,21,València,2023-11-27
1632,17,Madrid,2020-11-14
1633,35,Alacant,2023-01-19
1634,43,Alacant,2021-04-05
1635,26,València,2020-11-03
1636,19,Barcelona,2022-10-12
1637,30,Castelló,2019-10-10
1638,21,Barcelona,2022-05-21
1639,69,Barcelona,2023-08-15
1640,64,València,2022-02-21
1641,45,València,2021-08-29
1642,71,València,2022-07-01
1643,53,Madrid,2020-12-14
1644,66,Barcelona,2021-05-06
1645,77,Alacant,2021-09-26
1646,72,Castelló,2023-03-22
1647,17,Madrid,2022-09-14
1648,30,Alacant,2022-11-05
1649,26,Barcelona,2021-08-07
1650,23,València,2021-10-07
1651,41,Barcelona,2022-05-15
1652,66,Castelló,2020-12-10
1653,60,Madrid,2023-06-01
1654,59,Madrid,2023-06-05
1655,20,Castelló,2021-04-28
1656,21,Alacant,2021-12-13
1657,41,Alacant,2022-06-26
1658,69,Madrid,2019-08-13
1659,19,Madrid,2022-05-15
1660,34,València,2021-10-23
1661,35,Alacant,2021-11-01
1662,48,Castelló,2020-12-08
1663,35,Alacant,2020-10-15
1664,64,València,2020-02-09
1665,27,Madrid,2019-01-06
1666,62,Madrid,2022-04-24
1667,16,València,2022-12-26
1668,41,Castelló,2021-10-28
1669,29,Madrid,2021-10-22
1670,79,Barcelona,2020-08-28
1671,53,Madrid,2019-01-31
1672,52,Barcelona,2019-02-15
1673,77,València,2020-10-31
1674,26,València,2022-10-11
1675,78,Madrid,2022-10-28
1676,51,Alacant,2020-02-23
1677,28,Barcelona,2020-08-23
1678,58,Castelló,2019-05-20
1679,18,Madrid,2021-08-11
1680,48,Castelló,2023-09-21
1681,21,Madrid,2019-10-22
1682,65,Alacant,2022-10-11
1683,71,Alacant,2019-08-04
1684,25,Alacant,2019-08-25
1685,20,Alacant,2021-01-29
1686,38,València,2021-07-08
1687,25,València,2019-06-17
1688,59,Barcelona,2019-03-30
1689,17,Castelló,2020-06-06
1690,28,Madrid,2021-05-30
1691,55,Madrid,2021-12-11
1692,17,València,2019-08-06
1693,35,Madrid,2019-03-21
1694,16,València,2022-12-22
1695,78,Barcelona,2022-07-04
1696,52,Castelló,2021-11-21
1697,24,Barcelona,2021-03-04
1698,32,Alacant,2022-05-27
1699,24,Alacant,2019-04-04
1700,26,Alacant,2021-06-01
1701,30,Barcelona,2021-04-23
1702,39,Madrid,2021-06-08
1703,53,Castelló,2023-11-09
1704,70,Alacant,2019-09-30
1705,50,Alacant,2020-01-08
1706,45,Alacant,2020-03-27
1707,46,Castelló,2021-01-25
1708,64,Alacant,2021-10-22
1709,20,Castelló,2021-02-04
1710,77,Alacant,2019-10-21
1711,75,Barcelona,2021-04-17
1712,59,Barcelona,2020-08-08
1713,65,Castelló,2022-10-29
1714,29,Barcelona,2023-03-09
1715,68,Castelló,2020-04-30
1716,71,Barcelona,2023-10-14
1717,26,Barcelona,2020-01-07
1718,24,Castelló,2021-08-05
1719,49,Madrid,2023-07-11
1720,27,Barcelona,2020-03-01
1721,50,Alacant,2019-04-26
1722,50,Madrid,2020-08-25
1723,16,Castelló,2023-07-15
1724,55,Madrid,2020-01-17
1725,79,València,2021-07-02
1726,37,València,2023-11-12
1727,75,Barcelona,2019-05-29
1728,79,Barcelona,2020-12-08
1729,44,Alacant,2019-08-05
1730,23,Madrid,2019-08-09
1731,26,València,2022-09-28
1732,56,Barcelona,2020-06-12
1733,52,Madrid,2022-07-03
1734,29,Barcelona,2022-10-25
1735,75,Barcelona,2021-08-03
1736,45,València,2022-09-23
1737,50,València,2019-02-16
1738,36,Barcelona,2020-06-18
1739,52,Castelló,2020-02-10
1740,20,Barcelona,2022-03-05
1741,34,Barcelona,2020-12-01
1742,74,Alacant,2020-01-10
1743,29,Alacant,2021-05-05
1744,41,Alacant,2019-07-26
1745,77,Castelló,2023-06-09
1746,19,Castelló,2022-09-01
1747,40,Barcelona,2023-02-28
1748,60,Alacant,2021-03-11
1749,57,Castelló,2020-01-19
1750,40,València,2023-03-11
1751,33,Barcelona,2022-08-16
1752,55,Madrid,2019-01-09
1753,23,Barcelona,2023-11-24
1754,54,Madrid,2019-07-01
1755,55,Alacant,2022-10-23
1756,29,Madrid,2019-10-07
1757,47,Alacant,2020-10-05
1758,66,València,2023-08-04
1759,76,Madrid,2019-08-08
1760,53,Barcelona,2023-04-24
1761,48,Alacant,2020-06-01
1762,38,Barcelona,2019-07-12
1763,78,Castelló,2021-01-16
1764,30,Alacant,2019-05-17
1765,48,Madrid,2019-03-29
1766,40,Alacant,2022-10-12
1767,32,Barcelona,2019-02-05
1768,48,València,2022-01-12
1769,62,Alacant,2023-02-23
1770,70,Madrid,2023-04-15
1771,17,Castelló,2022-05-05
1772,29,València,2023-05-17
1773,68,Castelló,2022-10-01
1774,55,Alacant,2021-06-05
1775,55,Barcelona,2020-03-28
1776,66,Barcelona,2019-10-05
1777,54,Madrid,2021-11-09
1778,66,Barcelona,2022-03-14
1779,21,València,2019-09-14
1780,21,Barcelona,2023-06-21
1781,18,Madrid,2022-08-19
1782,22,Alacant,2021-03-27
1783,66,Alacant,2019-08-18
1784,23,Barcelona,2021-01-26
1785,57,Castelló,2020-09-12
1786,79,Alacant,2021-12-27
1787,67,Barcelona,2023-02-06
1788,30,Madrid,2022-03-18
1789,62,Barcelona,2020-11-18
1790,44,Alacant,2023-03-03
1791,48,Madrid,2023-08-20
1792,67,Barcelona,2023-07-17
1793,45,València,2020-06-16
1794,54,Madrid,2021-04-15
1795,42,València,2019-08-25
1796,51,Castelló,2019-07-17
1797,44,Madrid,2023-11-01
1798,53,València,2019-03-13
1799,72,Alacant,2019-01-20
1800,48,Alacant,2022-03-27
1801,76,Castelló,2021-03-15
1802,52,Madrid,2023-08-20
1803,42,Madrid,2022-09-19
1804,70,Madrid,2020-10-07
1805,48,Castelló,2020-10-31
1806,77,Madrid,2023-06-01
1807,19,Alacant,2021-10-01
1808,37,València,2020-09-01
1809,17,Alacant,2023-07-05
1810,25,Alacant,2019-04-04
1811,20,València,2022-03-12
1812,74,Alacant,2023-09-06
1813,25,Castelló,2023-03-27
1814,48,València,2022-08-04
1815,69,Alacant,2021-02-01
1816,53,Barcelona,2021-10-24
1817,28,Alacant,2019-09-28
1818,46,Castelló,2023-01-06
1819,62,Madrid,2023-08-29
1820,51,Alacant,2022-11-10
1821,60,Madrid,2023-02-27
1822,39,Barcelona,2019-09-12
1823,67,Alacant,2019-11-20
1824,71,València,2022-03-01
1825,30,Madrid,2020-03-12
1826,44,Barcelona,2019-05-01
1827,23,València,2022-10-18
1828,20,València,2022-07-15
1829,44,València,2022-01-29
1830,62,València,2023-02-14
1831,19,Alacant,2021-08-22
1832,27,Alacant,2023-01-08
1833,60,Alacant,2019-04-13
1834,17,Barcelona,2020-03-08
1835,42,Barcelona,2022-08-21
1836,46,Barcelona,2021-09-27
1837,66,Castelló,2019-12-26
1838,66,Barcelona,2022-07-02
1839,51,Alacant,2021-11-14
1840,51,Alacant,2023-07-30
1841,41,Castelló,2020-05-10
1842,58,Castelló,2021-12-23
1843,42,Barcelona,2022-12-18
1844,20,Madrid,2020-11-27
1845,35,Castelló,2020-07-06
1846,26,València,2019-07-05
1847,77,Alacant,2020-01-31
1848,25,València,2021-09-10
1849,55,Alacant,2020-12-03
1850,53,Alacant,2021-06-28
1851,21,Castelló,2021-07-18
1852,23,Castelló,2020-09-03
1853,38,València,2022-08-21
1854,62,Alacant,2023-11-22
1855,41,València,2021-07-24
1856,61,Madrid,2020-08-13
1857,58,València,2022-11-06
1858,27,Barcelona,2019-08-09
1859,41,València,2020-12-30
1860,28,Barcelona,2023-09-17
1861,55,Barcelona,2022-09-24
1862,77,Barcelona,2020-01-27
1863,33,Madrid,2022-10-24
1864,40,València,2021-01-02
1865,48,València,2022-09-11
1866,62,Madrid,2019-07-07
1867,55,Alacant,2022-03-04
1868,75,Castelló,2020-05-11
1869,58,València,2022-05-16
1870,27,Castelló,2020-08-30
1871,59,Madrid,2023-01-01
1872,51,Alacant,2019-03-15
1873,63,Alacant,2021-04-10
1874,19,Alacant,2023-10-02
1875,20,Madrid,2021-05-01
1876,71,Barcelona,2021-07-20
1877,52,Barcelona,2021-05-24
1878,23,Castelló,2021-08-17
1879,78,Barcelona,2020-09-13
1880,57,Barcelona,2022-09-13
1881,64,Alacant,2021-09-14
1882,43,Alacant,2022-11-02
1883,46,Castelló,2019-01-24
1884,73,València,2021-11-26
1885,24,Castelló,2019-04-24
1886,69,Castelló,2020-08-11
1887,66,Madrid,2022-10-18
1888,44,Madrid,2020-09-05
1889,29,Castelló,2021-08-20
1890,55,Castelló,2022-01-23
1891,56,Castelló,2019-04-26
1892,37,Barcelona,2021-10-16
1893,26,Madrid,2022-06-08
1894,38,Castelló,2022-09-07
1895,16,Alacant,2021-06-07
1896,61,Alacant,2020-08-12
1897,52,Barcelona,2022-12-13
1898,36,Barcelona,2023-07-02
1899,41,València,2022-01-02
1900,61,València,2022-10-31
1901,51,València,2022-06-26
1902,69,Barcelona,2022-04-27
1903,38,Barcelona,2021-01-01
1904,72,Barcelona,2021-10-21
1905,16,Alacant,2020-12-17
1906,78,Barcelona,2021-09-16
1907,69,Alacant,2020-04-30
1908,70,València,2021-02-26
1909,66,València,2019-08-16
1910,55,València,2022-07-24
1911,30,Castelló,2022-04-17
1912,36,Castelló,2020-04-26
1913,62,Madrid,2019-01-15
1914,24,Madrid,2019-10-14
1915,68,Madrid,2022-12-13
1916,24,Castelló,2021-07-30
1917,25,Castelló,2021-06-07
1918,67,Madrid,2021-06-01
1919,72,Madrid,2022-10-27
1920,68,Barcelona,2022-08-22
1921,41,Madrid,2022-08-24
1922,56,Barcelona,2021-11-18
1923,50,Alacant,2021-06-06
1924,78,Castelló,2022-05-24
1925,67,Madrid,2022-08-02
1926,40,Castelló,2022-01-08
1927,41,Castelló,2022-12-31
1928,26,Castelló,2020-06-14
1929,53,Alacant,2023-05-03
1930,17,València,2022-06-15
1931,22,Madrid,2019-12-13
1932,33,València,2019-03-06
1933,42,València,2022-09-09
1934,49,València,2023-08-04
1935,42,Castelló,2021-05-13
1936,32,Barcelona,2021-03-13
1937,79,Castelló,2022-04-05
1938,58,Castelló,2020-02-18
1939,74,València,2021-04-03
1940,59,Castelló,2022-02-24
1941,74,València,2022-06-28
1942,66,Barcelona,2021-07-10
1943,69,Madrid,2023-06-04
1944,39,València,2019-07-27
1945,40,Barcelona,2023-07-03
1946,22,Madrid,2021-01-18
1947,67,Alacant,2020-07-23
1948,21,València,2023-11-16
1949,68,València,2021-05-27
1950,39,Alacant,2019-05-02
1951,48,Alacant,2019-02-20
1952,64,València,2019-02-08
1953,44,Alacant,2019-05-12
1954,78,Castelló,2020-04-07
1955,58,Madrid,2020-03-19
1956,37,Madrid,2019-09-12
1957,41,Madrid,2019-04-23
1958,43,Castelló,2022-03-10
1959,65,Alacant,2021-03-02
1960,36,Barcelona,2019-09-14
1961,64,Alacant,2020-07-30
1962,22,València,2023-03-05
1963,32,Madrid,2019-03-30
1964,35,Alacant,2022-08-16
1965,56,Barcelona,2023-11-03
1966,64,València,2023-06-10
1967,35,Castelló,2021-06-12
1968,69,Castelló,2020-04-27
1969,37,Barcelona,2021-04-26
1970,43,València,2020-01-17
1971,78,Madrid,2019-08-05
1972,76,Alacant,2019-03-02
1973,55,València,2019-05-24
1974,64,Castelló,2022-06-25
1975,22,Barcelona,2019-10-09
1976,16,Barcelona,2021-05-08
1977,47,Alacant,2019-07-25
1978,28,Barcelona,2021-06-03
1979,45,Barcelona,2019-02-15
1980,38,València,2019-09-06
1981,66,Madrid,2020-07-30
1982,74,Alacant,2022-10-25
1983,71,València,2019-03-13
1984,34,Madrid,2020-03-11
1985,77,València,2023-11-29
1986,47,València,2022-12-10
1987,45,Barcelona,2019-10-26
1988,44,Madrid,2023-01-12
1989,64,Alacant,2020-07-07
1990,60,Alacant,2022-06-14
1991,44,Madrid,2022-05-11
1992,45,Barcelona,2021-02-15
1993,31,Castelló,2023-12-04
1994,55,València,2019-12-20
1995,34,Barcelona,2021-07-19
1996,33,Madrid,2023-09-17
1997,16,València,2023-10-24
1998,29,Alacant,2022-05-26
1999,66,Castelló,2020-05-18
2000,62,Alacant,2020-04-12
2001,65,Madrid,2023-11-25
2002,17,València,2019-03-29
2003,69,Madrid,2020-10-30
2004,43,València,2020-12-24
2005,64,Barcelona,2019-03-04
2006,65,Castelló,2020-07-18
2007,45,Barcelona,2023-09-19
2008,53,Barcelona,2022-04-25
2009,66,Madrid,2020-01-31
2010,78,Castelló,2021-03-24
2011,19,València,2020-11-11
2012,16,València,2020-02-14
2013,23,Alacant,2023-09-24
2014,44,València,2020-03-21
2015,70,Madrid,2019-11-17
2016,54,Barcelona,2022-04-27
2017,18,Barcelona,2023-09-01
2018,47,Barcelona,2020-06-29
2019,25,Castelló,2020-08-09
2020,25,València,2021-04-05
2021,34,Madrid,2023-05-31
2022,61,Castelló,2019-04-16
2023,49,Alacant,2020-10-19
2024,75,Madrid,2022-02-16
2025,48,Madrid,2021-07-08
2026,38,Madrid,2023-03-11
2027,70,Barcelona,2021-05-27
2028,43,Madrid,2023-05-09
2029,47,València,2020-03-01
2030,65,Madrid,2020-09-09
2031,22,Barcelona,2022-08-31
2032,44,Madrid,2019-12-12
2033,23,Alacant,2019-06-19
2034,16,Alacant,2022-06-29
2035,72,Barcelona,2023-04-06
2036,70,València,2023-01-13
2037,18,València,2020-11-09
2038,39,Castelló,2021-02-09
2039,38,Barcelona,2021-04-25
2040,74,Madrid,2022-05-15
2041,78,Barcelona,2021-01-08
2042,76,Castelló,2019-12-24
2043,23,Barcelona,2020-06-26
2044,69,Barcelona,2021-05-05
2045,72,Castelló,2020-03-27
2046,62,València,2020-09-04
2047,52,Madrid,2022-11-02
2048,18,Castelló,2020-04-03
2049,66,Alacant,2021-03-28
2050,48,València,2020-02-10
2051,43,Alacant,2023-11-04
2052,62,València,2019-04-05
2053,23,Madrid,2023-09-27
2054,49,Madrid,2023-04-21
2055,50,Barcelona,2021-03-20
2056,47,Alacant,2023-10-27
2057,39,València,2021-05-07
2058,29,Madrid,2022-04-15
2059,47,Castelló,2023-04-03
2060,71,Madrid,2021-06-23
2061,61,Castelló,2020-02-12
2062,58,València,2019-07-25
2063,31,Madrid,2023-06-06
2064,19,Madrid,2020-01-25
2065,67,València,2020-08-30
2066,52,Madrid,2023-04-14
2067,69,Castelló,2023-05-16
2068,36,Madrid,2021-07-29
2069,29,Alacant,2021-08-30
2070,46,Barcelona,2020-08-17
2071,70,Castelló,2020-04-06
2072,63,Alacant,2023-02-11
2073,33,València,2019-08-27
2074,22,Castelló,2020-09-06
2075,25,Barcelona,2021-09-22
2076,22,Barcelona,2021-04-10
2077,48,València,2021-02-02
2078,38,València,2022-12-31
2079,36,Castelló,2023-09-02
2080,34,Madrid,2019-06-26
2081,63,València,2020-08-01
2082,76,Madrid,2022-02-06
2083,34,Alacant,2019-04-23
2084,51,Barcelona,2023-02-24
2085,44,Madrid,2023-08-18
2086,75,Barcelona,2019-12-17
2087,33,Madrid,2021-10-26
2088,17,Alacant,2023-05-01
2089,16,València,2023-07-13
2090,62,Alacant,2021-12-23
2091,20,València,2020-03-20
2092,35,València,2021-10-14
2093,26,Barcelona,2022-11-08
2094,57,Alacant,2021-07-02
2095,78,Madrid,2021-08-16
2096,17,Alacant,2022-07-06
2097,18,Barcelona,2020-06-23
2098,38,València,2022-07-25
2099,70,Barcelona,2019-12-20
2100,27,Castelló,2022-01-29
2101,35,Castelló,2023-12-02
2102,20,Madrid,2022-08-04
2103,52,Barcelona,2023-08-29
2104,53,Madrid,2021-07-20
2105,79,Madrid,2022-08-21
2106,45,Castelló,2022-04-03
2107,24,Madrid,2020-09-02
2108,49,Castelló,2023-08-04
2109,68,València,2022-02-14
2110,59,Barcelona,2022-12-20
2111,50,Madrid,2021-01-16
2112,67,Castelló,2023-11-29
2113,73,Alacant,2021-03-14
2114,37,Madrid,2023-11-07
2115,59,València,2019-08-20
2116,39,València,2022-05-07
2117,32,Alacant,2022-07-21
2118,25,Castelló,2023-08-18
2119,45,Madrid,2019-02-22
2120,71,Castelló,2023-04-20
2121,74,València,2021-03-07
2122,61,Castelló,2021-12-02
2123,38,València,2022-06-16
2124,79,Castelló,2019-10-09
2125,47,Alacant,2022-06-28
2126,32,Barcelona,2022-05-17
2127,65,Alacant,2021-11-20
2128,66,Alacant,2023-03-23
2129,32,Barcelona,2020-03-21
2130,29,Barcelona,2023-11-21
2131,24,Madrid,2022-05-08
2132,55,Madrid,2023-09-15
2133,17,Alacant,2019-05-13
2134,60,Alacant,2019-10-29
2135,40,València,2020-04-19
2136,54,València,2021-11-03
2137,24,Madrid,2021-05-26
2138,69,Madrid,2022-08-07
2139,37,València,2021-06-25
2140,58,València,2022-12-04
2141,61,Castelló,2020-04-19
2142,19,Castelló,2019-11-25
2143,41,València,2023-10-08
2144,73,Castelló,2019-06-19
2145,44,Barcelona,2021-06-14
2146,60,Madrid,2022-11-14
2147,49,Madrid,2022-07-25
2148,38,València,2022-09-13
2149,52,Alacant,2020-03-05
2150,26,València,2021-06-17
2151,21,Castelló,2023-07-12
2152,33,Alacant,2021-01-22
2153,79,Castelló,2021-02-15
2154,36,Barcelona,2022-11-01
2155,57,Castelló,2020-12-21
2156,51,Barcelona,2023-04-19
2157,56,Barcelona,2022-10-23
2158,53,Castelló,2021-10-10
2159,49,Castelló,2022-07-21
2160,32,Barcelona,2022-10-30
2161,52,Alacant,2022-06-22
2162,40,Barcelona,2023-03-25
2163,53,Madrid,2023-02-24
2164,73,Barcelona,2020-09-24
2165,27,Alacant,2021-12-18
2166,38,Madrid,2021-09-24
2167,68,València,2021-06-24
2168,57,València,2022-10-10
2169,37,Alacant,2023-07-20
2170,36,Barcelona,2021-09-26
2171,42,Castelló,2021-04-04
2172,72,Alacant,2020-10-20
2173,46,Madrid,2019-07-15
2174,21,Madrid,2021-04-21
2175,42,València,2019-03-24
2176,55,Madrid,2019-03-04
2177,49,Alacant,2021-10-15
2178,27,Madrid,2019-05-29
2179,60,Alacant,2023-11-27
2180,72,Castelló,2022-08-17
2181,68,València,2019-08-22
2182,22,Madrid,2023-02-16
2183,25,Alacant,2021-04-25
2184,60,Barcelona,2021-08-07
2185,32,València,2020-04-23
2186,41,Castelló,2020-10-23
2187,36,Alacant,2022-02-03
2188,43,Castelló,2019-09-19
2189,77,Castelló,2020-04-08
2190,73,Madrid,2023-10-14
2191,61,Madrid,2019-06-30
2192,79,Alacant,2020-12-07
2193,17,Barcelona,2020-01-25
2194,75,Alacant,2022-12-28
2195,69,Barcelona,2021-02-17
2196,58,Castelló,2020-02-01
2197,16,València,2023-10-28
2198,66,Alacant,2019-11-11
2199,68,Alacant,2019-07-22
2200,51,Barcelona,2019-09-06
2201,66,Castelló,2021-03-07
2202,41,Castelló,2021-12-16
2203,44,Barcelona,2019-09-25
2204,36,Castelló,2020-08-30
2205,26,Madrid,2020-02-11
2206,55,València,2020-12-17
2207,26,Alacant,2021-09-04
2208,79,València,2019-06-17
2209,51,Alacant,2019-10-18
2210,64,Madrid,2023-04-03
2211,74,Castelló,2021-04-26
2212,54,Barcelona,2022-09-18
2213,55,Madrid,2020-03-20
2214,50,València,2022-01-31
2215,69,Barcelona,2019-05-21
2216,49,Castelló,2020-11-27
2217,70,Madrid,2020-11-08
2218,62,Barcelona,2020-09-06
2219,39,Madrid,2022-04-02
2220,69,Madrid,2020-06-23
2221,37,Castelló,2022-07-17
2222,20,Alacant,2022-02-26
2223,71,Barcelona,2023-10-25
2224,48,Castelló,2023-11-22
2225,73,Madrid,2022-09-18
2226,51,Castelló,2021-12-11
2227,62,Alacant,2022-04-29
2228,35,Barcelona,2020-02-08
2229,34,Alacant,2022-07-22
2230,50,València,2021-03-20
2231,67,Barcelona,2019-10-09
2232,58,Alacant,2022-07-29
2233,32,Madrid,2023-01-10
2234,77,Barcelona,2023-01-10
2235,74,Barcelona,2019-12-04
2236,60,Castelló,2022-02-18
2237,58,Madrid,2020-02-17
2238,49,València,2021-08-23
2239,24,Alacant,2022-09-10
2240,41,Castelló,2021-04-29
2241,17,Alacant,2023-08-08
2242,68,València,2021-01-02
2243,24,València,2019-11-12
2244,24,Barcelona,2022-03-03
2245,55,València,2021-09-06
2246,32,Alacant,2023-07-01
2247,16,Madrid,2021-02-15
2248,40,Madrid,2020-03-08
2249,76,Barcelona,2019-03-15
2250,58,Alacant,2019-12-26
2251,55,Alacant,2019-11-07
2252,57,València,2022-08-02
2253,40,Alacant,2021-07-23
2254,54,Castelló,2020-08-09
2255,50,València,2020-08-30
2256,18,Castelló,2020-02-04
2257,65,Barcelona,2023-01-19
2258,52,Madrid,2021-04-14
2259,59,Barcelona,2020-02-17
2260,59,Madrid,2023-04-06
2261,66,Barcelona,2019-03-22
2262,45,Alacant,2020-03-01
2263,53,Castelló,2020-07-07
2264,49,Madrid,2019-12-01
2265,27,València,2021-07-05
2266,34,Castelló,2023-07-30
2267,52,València,2023-09-15
2268,59,Castelló,2023-04-30
2269,74,Castelló,2019-06-25
2270,74,Barcelona,2019-09-04
2271,64,Madrid,2020-12-03
2272,76,Madrid,2022-08-26
2273,32,Castelló,2019-05-25
2274,25,Alacant,2021-06-22
2275,72,Alacant,2020-04-19
2276,70,València,2019-08-21
2277,64,València,2020-02-17
2278,62,Barcelona,2023-07-26
2279,27,Castelló,2021-05-10
2280,77,València,2020-11-16
2281,31,València,2020-06-02
2282,39,Castelló,2021-01-07
2283,34,Barcelona,2019-11-04
2284,23,València,2020-05-11
2285,46,Barcelona,2023-03-25
2286,36,Madrid,2020-11-20
2287,32,Barcelona,2022-05-02
2288,38,Alacant,2021-07-27
2289,52,Alacant,2022-06-21
2290,69,Barcelona,2019-07-26
2291,31,Alacant,2022-12-15
2292,21,Madrid,2021-06-03
2293,23,Castelló,2023-10-13
2294,40,Alacant,2019-04-13
2295,33,Alacant,2021-11-21
2296,40,Barcelona,2021-07-18
2297,27,Madrid,2020-11-01
2298,30,Castelló,2021-02-05
2299,74,Barcelona,2023-04-25
2300,41,Barcelona,2022-09-26
2301,56,Madrid,2023-02-05
2302,60,Castelló,2023-04-09
2303,41,Madrid,2023-06-12
2304,62,Castelló,2023-01-21
2305,47,Madrid,2021-09-28
2306,25,Barcelona,2019-08-18
2307,31,Barcelona,2023-11-30
2308,22,València,2022-06-06
2309,32,Alacant,2019-10-29
2310,38,Madrid,2021-09-28
2311,41,València,2021-07-31
2312,36,Alacant,2020-09-20
2313,37,Madrid,2020-06-11
2314,73,Castelló,2021-06-27
2315,22,Alacant,2022-12-07
2316,29,Barcelona,2020-12-25
2317,30,València,2019-03-21
2318,68,Alacant,2019-07-10
2319,22,Alacant,2022-08-22
2320,24,Barcelona,2023-10-10
2321,66,Madrid,2021-11-07
2322,63,Castelló,2021-12-09
2323,23,Barcelona,2023-05-28
2324,65,Castelló,2021-04-22
2325,74,Madrid,2021-10-16
2326,38,Alacant,2021-09-05
2327,44,Castelló,2020-10-09
2328,33,València,2023-11-22
2329,46,València,2023-06-20
2330,45,Barcelona,2019-07-15
2331,67,Madrid,2022-03-25
2332,54,Barcelona,2023-02-19
2333,50,Barcelona,2023-11-23
2334,33,Barcelona,2021-04-14
2335,74,València,2023-03-07
2336,57,València,2023-08-18
2337,54,Barcelona,2019-02-16
2338,32,València,2022-05-25
2339,29,Madrid,2020-02-29
2340,46,Barcelona,2021-02-25
2341,39,València,2021-08-03
2342,50,Castelló,2019-09-06
2343,59,Barcelona,2021-06-13
2344,75,Barcelona,2020-02-07
2345,60,Madrid,2019-04-19
2346,49,Alacant,2022-01-11
2347,18,Alacant,2023-04-02
2348,52,Madrid,2021-11-23
2349,58,Madrid,2021-07-13
2350,55,Madrid,2019-12-16
2351,41,Alacant,2022-10-21
2352,70,Madrid,2019-03-14
2353,38,València,2023-08-09
2354,59,Barcelona,2019-11-08
2355,54,Barcelona,2021-03-13
2356,30,Castelló,2023-01-19
2357,71,Castelló,2021-02-01
2358,64,Barcelona,2022-03-11
2359,19,València,2022-02-16
2360,44,Alacant,2023-02-04
2361,37,Alacant,2020-01-23
2362,40,València,2022-02-22
2363,28,Alacant,2020-09-22
2364,33,Madrid,2019-11-19
2365,48,Barcelona,2023-11-04
2366,31,Barcelona,2019-04-15
2367,60,València,2021-01-27
2368,57,Alacant,2021-01-28
2369,59,Castelló,2023-09-04
2370,77,Castelló,2022-09-08
2371,17,Alacant,2021-08-26
2372,70,Castelló,2023-06-21
2373,50,València,2022-06-05
2374,57,València,2022-01-09
2375,49,Alacant,2020-11-17
2376,45,Castelló,2021-05-11
2377,74,València,2019-03-23
2378,70,València,2023-04-12
2379,28,Madrid,2020-08-28
2380,28,Madrid,2022-01-23
2381,33,València,2022-05-23
2382,47,Alacant,2022-03-10
2383,47,Barcelona,2019-07-25
2384,50,Barcelona,2019-03-12
2385,74,València,2023-10-06
2386,54,València,2022-01-05
2387,61,València,2019-08-15
2388,67,Alacant,2021-12-12
2389,44,Madrid,2023-01-23
2390,77,València,2022-02-26
2391,64,València,2021-09-22
2392,44,Castelló,2019-03-02
2393,77,Alacant,2021-12-17
2394,68,València,2022-06-03
2395,59,Castelló,2022-06-19
2396,72,Barcelona,2023-06-19
2397,31,València,2020-04-09
2398,71,València,2020-08-28
2399,59,Castelló,2021-03-18
2400,62,Alacant,2019-07-14
2401,72,València,2019-06-01
2402,25,Barcelona,2021-08-07
2403,45,València,2023-01-10
2404,40,Barcelona,2020-08-02
2405,78,Madrid,2020-05-31
2406,54,Madrid,2022-01-05
2407,35,Barcelona,2022-10-31
2408,20,Alacant,2022-07-15
2409,16,València,2019-08-05
2410,45,València,2020-10-25
2411,64,Madrid,2021-01-14
2412,18,Barcelona,2022-05-04
2413,60,València,2022-04-19
2414,29,València,2021-02-23
2415,71,Alacant,2021-07-26
2416,45,Castelló,2020-09-26
2417,65,Madrid,2021-07-27
2418,19,Madrid,2020-06-25
2419,33,Castelló,2022-11-04
2420,77,València,2020-09-17
2421,52,Alacant,2021-11-24
2422,40,Alacant,2020-06-13
2423,63,Madrid,2021-10-24
2424,16,Alacant,2023-09-07
2425,68,Castelló,2022-07-18
2426,61,València,2020-03-16
2427,30,Castelló,2020-11-17
2428,24,Barcelona,2019-04-01
2429,30,Madrid,2020-06-23
2430,64,Alacant,2021-12-05
2431,72,Barcelona,2019-02-10
2432,39,Alacant,2023-09-07
2433,19,València,2021-11-08
2434,27,València,2023-03-10
2435,74,València,2020-11-25
2436,73,Alacant,2022-12-02
2437,52,Barcelona,2021-08-18
2438,76,València,2020-03-27
2439,52,Barcelona,2019-12-13
2440,58,Alacant,2021-03-16
2441,75,Barcelona,2023-06-26
2442,21,Alacant,2020-03-23
2443,54,Alacant,2023-08-20
2444,71,Madrid,2021-08-18
2445,78,Alacant,2020-04-22
2446,61,Alacant,2019-02-20
2447,39,Castelló,2023-10-15
2448,26,València,2021-04-04
2449,77,Madrid,2019-07-03
2450,28,Madrid,2020-06-05
2451,49,Madrid,2020-03-26
2452,40,Castelló,2019-03-10
2453,22,Alacant,2019-11-08
2454,67,València,2023-08-22
2455,19,Barcelona,2020-06-05
2456,74,Alacant,2023-07-19
2457,23,Castelló,2020-02-09
2458,35,Alacant,2021-06-07
2459,44,Alacant,2019-05-31
2460,78,Castelló,2022-02-10
2461,69,Madrid,2023-07-18
2462,68,Madrid,2021-11-10
2463,66,València,2021-09-28
2464,60,València,2020-03-14
2465,61,Madrid,2022-07-13
2466,25,Barcelona,2021-05-11
2467,58,Alacant,2021-05-04
2468,49,Barcelona,2021-07-30
2469,72,Alacant,2020-01-05
2470,41,Madrid,2019-02-15
2471,56,València,2023-11-15
2472,64,València,2021-07-04
2473,73,Barcelona,2020-02-05
2474,18,València,2022-12-26
2475,71,Madrid,2023-08-03
2476,21,Barcelona,2019-03-30
2477,20,Alacant,2022-11-22
2478,20,València,2021-05-08
2479,69,Castelló,2022-07-20
2480,62,València,2021-01-28
2481,38,Alacant,2023-11-30
2482,64,Barcelona,2022-12-13
2483,24,Alacant,2023-11-19
2484,50,Castelló,2021-07-19
2485,35,Madrid,2021-05-04
2486,73,València,2023-11-15
2487,64,Barcelona,2021-11-13
2488,76,Madrid,2023-05-22
2489,74,Alacant,2020-03-13
2490,57,Barcelona,2019-04-27
2491,50,Madrid,2022-12-01
2492,65,Barcelona,2023-05-16
2493,33,Castelló,2019-10-17
2494,77,Castelló,2019-12-28
2495,32,València,2023-11-28
2496,39,València,2023-07-12
2497,18,Castelló,2023-05-13
2498,47,Barcelona,2021-11-28
2499,50,Castelló,2020-09-12
2500,53,València,2021-01-28
2501,28,Castelló,2022-12-20
2502,71,Castelló,2022-05-03
2503,76,Barcelona,2021-02-05
2504,62,Madrid,2021-06-09
2505,40,València,2022-05-01
2506,24,Barcelona,2022-02-18
2507,19,Castelló,2019-12-08
2508,29,Castelló,2023-07-31
2509,52,Madrid,2020-12-22
2510,49,València,2021-09-27
2511,26,València,2022-09-05
2512,56,Alacant,2022-09-25
2513,71,València,2022-02-09
2514,18,Madrid,2023-09-03
2515,74,Alacant,2019-12-30
2516,43,Alacant,2019-08-15
2517,44,Castelló,2020-03-01
2518,24,Castelló,2021-08-19
2519,18,València,2019-09-11
2520,40,Alacant,2023-06-17
2521,49,Castelló,2022-01-19
2522,27,Madrid,2020-01-04
2523,57,Castelló,2023-05-01
2524,24,Castelló,2022-12-18
2525,30,Alacant,2023-12-01
2526,55,Alacant,2019-12-18
2527,40,Barcelona,2021-09-10
2528,20,Madrid,2019-07-16
2529,26,Alacant,2021-10-26
2530,74,València,2020-07-21
2531,49,Madrid,2020-04-11
2532,39,Madrid,2022-09-20
2533,75,Alacant,2021-07-26
2534,30,Madrid,2019-07-05
2535,53,Alacant,2022-05-17
2536,23,Castelló,2023-11-01
2537,74,Barcelona,2023-03-24
2538,20,Castelló,2020-11-06
2539,63,Alacant,2022-03-23
2540,41,Alacant,2023-07-01
2541,33,Castelló,2019-11-11
2542,21,València,2020-05-16
2543,52,València,2023-04-19
2544,75,València,2021-04-10
2545,63,Alacant,2022-12-16
2546,28,Madrid,2020-05-28
2547,43,Alacant,2020-06-22
2548,20,Madrid,2021-11-08
2549,28,Castelló,2022-02-03
2550,32,Barcelona,2022-10-07
2551,65,Madrid,2021-06-21
2552,55,València,2023-08-25
2553,60,Alacant,2022-01-08
2554,47,Castelló,2022-05-24
2555,77,València,2020-11-29
2556,44,Castelló,2023-09-21
2557,66,Barcelona,2021-11-17
2558,73,Alacant,2023-01-06
2559,18,Alacant,2022-03-03
2560,71,Barcelona,2019-09-02
2561,55,Alacant,2021-09-11
2562,49,Madrid,2020-05-31
2563,55,Castelló,2021-02-13
2564,42,València,2023-01-03
2565,28,Barcelona,2021-02-10
2566,60,Madrid,2022-11-21
2567,48,València,2021-11-06
2568,21,València,2021-08-15
2569,39,Barcelona,2021-11-27
2570,34,Madrid,2019-08-03
2571,31,València,2022-08-18
2572,55,València,2020-08-28
2573,43,Madrid,2022-02-09
2574,48,Alacant,2019-12-02
2575,74,València,2022-12-16
2576,74,Castelló,2020-06-24
2577,63,Madrid,2022-11-14
2578,56,València,2022-06-10
2579,28,Barcelona,2021-10-07
2580,58,Castelló,2020-01-22
2581,60,València,2022-09-12
2582,40,Castelló,2023-03-25
2583,68,Castelló,2020-03-15
2584,57,Alacant,2022-09-11
2585,51,Castelló,2020-02-16
2586,78,Alacant,2022-04-03
2587,42,Madrid,2019-03-24
2588,53,Alacant,2022-07-11
2589,75,Barcelona,2020-12-19
2590,22,València,2019-06-25
2591,20,Madrid,2020-03-01
2592,58,Madrid,2022-12-03
2593,60,Barcelona,2022-01-14
2594,73,Alacant,2021-08-19
2595,72,València,2022-05-14
2596,66,Alacant,2020-04-16
2597,46,Castelló,2023-04-08
2598,38,Alacant,2021-02-22
2599,57,Madrid,2019-04-02
2600,25,València,2022-03-08
2601,47,Alacant,2019-02-03
2602,58,València,2023-04-24
2603,68,València,2019-08-20
2604,45,Castelló,2022-08-24
2605,54,Castelló,2019-12-17
2606,46,Madrid,2023-04-25
2607,33,Barcelona,2021-08-29
2608,51,València,2020-05-03
2609,17,Barcelona,2023-01-03
2610,29,Madrid,2020-07-08
2611,28,València,2021-10-16
2612,44,València,2020-03-24
2613,27,Barcelona,2019-02-18
2614,54,Alacant,2020-03-03
2615,17,Castelló,2021-03-23
2616,47,Alacant,2021-10-13
2617,28,Barcelona,2020-10-03
2618,61,Castelló,2020-12-24
2619,42,Alacant,2021-05-27
2620,64,Castelló,2021-09-10
2621,56,València,2022-12-18
2622,32,Alacant,2023-01-11
2623,55,Castelló,2023-05-26
2624,46,Castelló,2019-01-07
2625,49,Castelló,2023-06-29
2626,75,Alacant,2022-07-25
2627,79,Madrid,2020-08-03
2628,39,Alacant,2019-09-17
2629,60,Barcelona,2022-08-29
2630,50,Alacant,2020-03-18
2631,63,Castelló,2021-09-04
2632,21,València,2019-09-19
2633,34,Alacant,2019-11-12
2634,45,Alacant,2022-09-06
2635,22,Castelló,2022-04-11
2636,25,València,2019-04-06
2637,56,València,2019-09-12
2638,47,Barcelona,2020-08-20
2639,49,Alacant,2022-09-05
2640,78,València,2019-08-22
2641,43,València,2019-03-18
2642,75,Madrid,2019-09-30
2643,30,Madrid,2020-05-28
2644,45,València,2022-06-19
2645,52,Barcelona,2021-08-08
2646,44,València,2020-02-06
2647,37,Castelló,2020-05-03
2648,19,Alacant,2022-02-17
2649,35,Barcelona,2021-04-11
2650,47,Castelló,2021-01-10
2651,51,Barcelona,2021-11-25
2652,65,Castelló,2019-01-05
2653,19,Alacant,2021-05-02
2654,42,Alacant,2023-07-24
2655,79,Madrid,2019-07-30
2656,32,Castelló,2022-03-11
2657,27,Madrid,2021-12-09
2658,37,Castelló,2019-09-14
2659,32,Madrid,2020-10-11
2660,25,Alacant,2023-11-13
2661,69,Barcelona,2021-02-26
2662,16,Madrid,2020-03-02
2663,37,Castelló,2020-05-15
2664,41,Castelló,2020-01-25
2665,71,Alacant,2023-11-16
2666,74,Castelló,2022-03-31
2667,33,València,2019-11-21
2668,65,Barcelona,2022-05-15
2669,29,Madrid,2022-07-31
2670,79,Barcelona,2020-04-06
2671,62,Alacant,2022-03-07
2672,44,Madrid,2020-01-18
2673,27,Madrid,2022-06-14
2674,51,València,2019-12-10
2675,74,Alacant,2019-03-30
2676,50,Castelló,2019-11-21
2677,67,València,2019-05-11
2678,76,València,2022-07-04
2679,27,Barcelona,2023-09-07
2680,22,Barcelona,2023-09-07
2681,44,Barcelona,2019-10-30
2682,26,València,2019-08-01
2683,48,Castelló,2021-01-09
2684,21,Madrid,2021-02-12
2685,62,Barcelona,2022-10-05
2686,30,Castelló,2021-05-28
2687,47,Alacant,2021-11-22
2688,66,Barcelona,2023-05-20
2689,26,Madrid,2019-07-04
2690,73,Alacant,2021-04-07
2691,38,Alacant,2020-09-21
2692,41,Madrid,2022-02-24
2693,49,Barcelona,2023-02-20
2694,61,València,2021-07-09
2695,49,Madrid,2022-02-23
2696,44,Madrid,2021-08-10
2697,19,Madrid,2021-07-26
2698,32,Alacant,2019-07-24
2699,50,Castelló,2023-12-04
2700,28,València,2021-06-09
2701,56,Barcelona,2020-11-14
2702,54,Barcelona,2021-01-11
2703,30,Castelló,2019-06-03
2704,70,Madrid,2019-01-17
2705,44,València,2021-07-06
2706,44,Barcelona,2021-07-19
2707,26,Barcelona,2019-07-30
2708,67,Madrid,2020-07-12
2709,47,Castelló,2020-03-25
2710,17,València,2021-08-12
2711,62,Castelló,2019-05-25
2712,29,Castelló,2020-10-13
2713,35,València,2022-03-13
2714,37,València,2021-02-17
2715,26,Barcelona,2019-07-20
2716,42,Barcelona,2022-05-19
2717,18,València,2020-11-12
2718,32,Alacant,2020-10-19
2719,77,Barcelona,2021-04-24
2720,59,Alacant,2022-05-04
2721,71,València,2020-08-24
2722,43,Barcelona,2020-06-16
2723,44,Castelló,2019-02-13
2724,36,València,2022-01-05
2725,62,Madrid,2023-10-29
2726,31,Alacant,2022-02-24
2727,52,València,2020-02-07
2728,74,València,2023-08-25
2729,35,Barcelona,2022-06-24
2730,21,Barcelona,2021-12-09
2731,34,Barcelona,2019-07-03
2732,72,Madrid,2021-10-04
2733,20,Barcelona,2021-07-04
2734,18,València,2019-02-25
2735,74,Barcelona,2023-03-12
2736,16,Castelló,2021-01-06
2737,73,Barcelona,2021-08-03
2738,75,Madrid,2021-12-13
2739,53,Castelló,2023-07-06
2740,30,València,2021-11-23
2741,49,València,2022-12-03
2742,76,Alacant,2020-10-24
2743,50,Castelló,2020-10-13
2744,79,Alacant,2022-04-19
2745,64,Castelló,2022-02-09
2746,40,Castelló,2021-09-23
2747,39,Madrid,2022-04-08
2748,27,Alacant,2020-11-09
2749,33,Madrid,2021-12-27
2750,30,Castelló,2021-04-23
2751,59,València,2022-02-11
2752,31,Castelló,2023-09-20
2753,42,Madrid,2023-05-27
2754,23,Alacant,2021-08-07
2755,75,Alacant,2020-08-27
2756,61,Madrid,2022-11-19
2757,40,Alacant,2021-07-30
2758,32,Barcelona,2021-08-17
2759,44,València,2020-06-14
2760,68,València,2020-10-31
2761,23,València,2022-03-29
2762,30,Alacant,2020-04-18
2763,42,Alacant,2023-05-25
2764,61,Castelló,2023-01-24
2765,65,Castelló,2022-02-07
2766,67,València,2019-02-18
2767,22,Barcelona,2020-09-13
2768,18,Castelló,2019-03-22
2769,44,Castelló,2022-03-15
2770,79,Alacant,2022-12-23
2771,59,Barcelona,2021-11-26
2772,68,València,2023-12-05
2773,39,Castelló,2023-02-24
2774,75,Barcelona,2020-04-01
2775,73,Barcelona,2019-05-30
2776,18,València,2020-09-19
2777,35,Barcelona,2023-09-28
2778,61,Barcelona,2019-06-06
2779,30,Barcelona,2021-04-18
2780,40,Castelló,2021-07-28
2781,45,València,2021-12-05
2782,29,Barcelona,2023-08-11
2783,22,Barcelona,2019-07-18
2784,32,Castelló,2023-06-09
2785,77,València,2021-08-20
2786,59,Alacant,2023-05-23
2787,35,Castelló,2019-09-07
2788,51,València,2020-04-15
2789,24,Barcelona,2019-01-28
2790,53,València,2021-02-25
2791,63,València,2022-09-03
2792,72,València,2021-08-10
2793,75,Alacant,2023-04-21
2794,78,València,2022-10-09
2795,37,Alacant,2020-07-22
2796,69,Barcelona,2019-04-07
2797,68,Alacant,2019-06-21
2798,68,Barcelona,2023-03-20
2799,17,Barcelona,2020-04-21
2800,39,Alacant,2020-03-05
2801,23,Castelló,2021-04-01
2802,26,Madrid,2023-07-12
2803,79,València,2019-01-21
2804,28,Madrid,2020-11-17
2805,32,València,2020-10-12
2806,23,València,2022-06-22
2807,36,Barcelona,2019-09-03
2808,33,València,2022-06-10
2809,45,València,2023-08-25
2810,79,Alacant,2020-03-09
2811,33,Madrid,2020-05-11
2812,61,Alacant,2019-07-05
2813,62,València,2020-08-14
2814,46,Barcelona,2020-08-09
2815,53,Alacant,2021-01-13
2816,47,Alacant,2022-05-24
2817,26,Castelló,2019-11-28
2818,60,València,2019-06-12
2819,40,Barcelona,2020-04-17
2820,48,Alacant,2023-07-11
2821,75,Alacant,2021-12-08
2822,53,Barcelona,2019-06-20
2823,56,València,2023-07-13
2824,23,Castelló,2023-08-14
2825,26,Alacant,2021-04-12
2826,37,Castelló,2022-01-21
2827,66,Madrid,2019-09-20
2828,39,València,2022-05-30
2829,56,Madrid,2020-11-20
2830,32,Madrid,2021-08-18
2831,27,Madrid,2021-12-31
2832,72,València,2023-04-01
2833,61,València,2022-04-06
2834,47,Barcelona,2021-04-29
2835,30,Castelló,2019-11-18
2836,31,Castelló,2021-07-28
2837,69,Barcelona,2023-01-09
2838,37,Barcelona,2021-04-07
2839,43,Madrid,2021-11-23
2840,35,Barcelona,2022-05-06
2841,48,Alacant,2021-11-19
2842,25,Castelló,2023-02-20
2843,55,Barcelona,2022-06-30
2844,47,Alacant,2023-02-12
2845,65,Alacant,2020-03-13
2846,75,Alacant,2020-12-26
2847,48,Alacant,2023-02-15
2848,17,Madrid,2019-07-10
2849,48,Alacant,2022-02-06
2850,48,Madrid,2023-05-03
2851,56,Madrid,2020-10-26
2852,28,Alacant,2023-11-20
2853,45,Castelló,2019-08-30
2854,48,Alacant,2022-05-23
2855,28,Alacant,2023-09-13
2856,67,Alacant,2019-11-03
2857,41,Castelló,2022-02-13
2858,37,València,2019-03-20
2859,54,València,2022-04-03
2860,17,Madrid,2021-12-15
2861,53,Madrid,2020-01-05
2862,54,Castelló,2023-01-18
2863,41,Barcelona,2021-05-07
2864,61,València,2021-07-23
2865,73,Madrid,2021-05-22
2866,65,València,2019-10-10
2867,30,Castelló,2022-11-01
2868,49,Castelló,2022-01-30
2869,57,Barcelona,2019-09-16
2870,70,Barcelona,2021-02-23
2871,59,Castelló,2019-10-05
2872,64,Madrid,2023-04-08
2873,55,València,2022-07-24
2874,26,Alacant,2019-05-08
2875,76,Barcelona,2020-12-19
2876,18,Alacant,2020-06-18
2877,74,Madrid,2023-10-11
2878,21,Barcelona,2019-06-22
2879,24,Alacant,2020-03-12
2880,21,Madrid,2019-12-04
2881,24,València,2020-09-28
2882,54,Madrid,2022-02-04
2883,46,Barcelona,2021-04-02
2884,47,Castelló,2023-02-13
2885,56,València,2022-06-13
2886,65,Alacant,2022-04-01
2887,27,Barcelona,2021-05-21
2888,23,Castelló,2020-03-01
2889,23,Madrid,2023-07-05
2890,65,Castelló,2023-10-25
2891,43,Barcelona,2023-04-04
2892,77,Barcelona,2022-03-29
2893,35,Castelló,2023-05-17
2894,77,Madrid,2021-12-30
2895,62,Castelló,2020-05-17
2896,74,Barcelona,2020-11-23
2897,78,Barcelona,2021-04-06
2898,22,Alacant,2022-10-31
2899,26,Alacant,2021-11-23
2900,35,València,2023-10-26
2901,31,Barcelona,2021-06-10
2902,19,Alacant,2019-06-11
2903,21,Castelló,2019-06-07
2904,73,Madrid,2020-01-03
2905,37,Castelló,2020-09-13
2906,41,Madrid,2020-03-21
2907,78,Alacant,2021-10-11
2908,18,València,2022-01-03
2909,78,Castelló,2021-09-20
2910,56,Castelló,2022-03-11
2911,75,Castelló,2019-04-28
2912,57,Madrid,2021-01-03
2913,29,Alacant,2019-06-07
2914,26,Castelló,2020-06-29
2915,33,Castelló,2022-05-07
2916,69,València,2020-02-12
2917,27,València,2020-09-08
2918,38,Alacant,2022-07-23
2919,27,Alacant,2022-09-29
2920,28,Barcelona,2022-11-28
2921,40,València,2023-01-24
2922,60,Barcelona,2019-07-03
2923,66,Madrid,2020-08-05
2924,73,Barcelona,2019-09-09
2925,34,Castelló,2022-06-24
2926,70,Barcelona,2019-03-18
2927,61,Alacant,2019-03-06
2928,51,Madrid,2022-07-17
2929,60,Castelló,2023-02-15
2930,23,Barcelona,2020-01-18
2931,44,Madrid,2020-08-23
2932,70,Madrid,2023-09-30
2933,68,Castelló,2021-06-08
2934,70,Barcelona,2023-03-09
2935,47,Madrid,2020-05-01
2936,66,Madrid,2023-03-18
2937,59,València,2023-01-25
2938,33,Madrid,2023-02-02
2939,21,València,2023-09-02
2940,33,Barcelona,2023-06-03
2941,34,Barcelona,2021-06-06
2942,37,Barcelona,2021-07-30
2943,52,Alacant,2022-08-03
2944,47,Barcelona,2023-01-17
2945,71,Madrid,2021-05-08
2946,56,Castelló,2021-09-15
2947,74,València,2022-11-14
2948,18,Alacant,2019-02-22
2949,43,Barcelona,2019-01-02
2950,25,Barcelona,2022-12-28
2951,66,Castelló,2023-07-22
2952,50,Castelló,2023-02-23
2953,76,Alacant,2019-06-04
2954,44,València,2019-07-22
2955,69,Barcelona,2020-04-21
2956,78,Alacant,2020-11-30
2957,30,Madrid,2019-09-17
2958,48,Madrid,2022-10-16
2959,22,Alacant,2023-10-28
2960,27,Barcelona,2021-04-09
2961,64,Alacant,2023-07-03
2962,45,Barcelona,2021-11-10
2963,36,Castelló,2021-03-01
2964,46,Alacant,2020-05-30
2965,73,Barcelona,2022-08-05
2966,76,Alacant,2023-04-21
2967,39,Alacant,2022-06-23
2968,35,Barcelona,2022-10-19
2969,52,Barcelona,2023-06-12
2970,19,València,2023-04-04
2971,43,Alacant,2019-08-10
2972,59,Madrid,2020-04-25
2973,77,Alacant,2020-05-23
2974,35,Alacant,2022-04-13
2975,75,Barcelona,2020-02-28
2976,39,Alacant,2019-04-17
2977,65,Alacant,2020-09-09
2978,64,Madrid,2022-08-30
2979,66,Barcelona,2021-09-30
2980,47,Alacant,2022-06-17
2981,56,Castelló,2023-02-17
2982,51,València,2022-03-28
2983,73,Madrid,2022-11-15
2984,68,Alacant,2021-09-27
2985,49,Castelló,2022-07-24
2986,79,Alacant,2022-09-06
2987,51,Alacant,2021-04-17
2988,17,Barcelona,2021-02-06
2989,30,Barcelona,2021-03-21
2990,49,Barcelona,2022-12-29
2991,51,Castelló,2022-12-07
2992,21,Alacant,2020-04-06
2993,54,València,2023-08-15
2994,57,Madrid,2023-03-15
2995,66,Barcelona,2020-11-01
2996,66,Barcelona,2019-03-28
2997,73,Alacant,2021-07-20
2998,69,Alacant,2022-09-30
2999,76,Castelló,2022-01-07
3000,27,Castelló,2021-07-11
3001,18,Barcelona,2022-08-18
3002,60,Alacant,2021-07-31
3003,33,València,2022-11-16
3004,55,Madrid,2021-08-28
3005,36,Alacant,2021-11-16
3006,30,Alacant,2023-02-28
3007,48,Castelló,2019-11-14
3008,50,Madrid,2023-07-26
3009,41,Barcelona,2023-07-18
3010,23,Alacant,2021-07-19
3011,51,Barcelona,2020-12-28
3012,63,Alacant,2021-11-17
3013,45,Barcelona,2019-06-05
3014,38,Madrid,2020-04-19
3015,57,Castelló,2022-11-14
3016,59,Madrid,2019-02-24
3017,29,València,2019-09-05
3018,29,Castelló,2020-10-06
3019,17,Madrid,2019-12-13
3020,70,València,2019-04-05
3021,52,Alacant,2022-06-21
3022,20,Alacant,2022-12-14
3023,53,Barcelona,2022-05-22
3024,60,Castelló,2023-10-19
3025,56,Alacant,2022-08-10
3026,77,Castelló,2022-10-17
3027,69,Alacant,2021-12-12
3028,75,Barcelona,2019-08-29
3029,76,Madrid,2020-01-30
3030,62,Barcelona,2021-11-26
3031,29,València,2021-07-28
3032,71,Alacant,2023-02-18
3033,54,València,2020-08-14
3034,40,València,2022-01-21
3035,35,Castelló,2020-08-18
3036,17,Alacant,2022-03-27
3037,54,València,2023-06-24
3038,21,Madrid,2019-12-19
3039,32,València,2022-08-20
3040,74,Madrid,2023-07-26
3041,40,Castelló,2022-01-07
3042,72,València,2020-09-13
3043,43,Barcelona,2019-04-02
3044,17,Castelló,2019-07-14
3045,50,Madrid,2020-11-02
3046,52,Castelló,2022-03-12
3047,20,València,2020-06-04
3048,78,Alacant,2022-01-29
3049,16,Alacant,2020-02-09
3050,55,Madrid,2019-08-28
3051,27,Madrid,2019-01-16
3052,71,Alacant,2022-09-08
3053,51,Madrid,2021-09-21
3054,60,Castelló,2021-09-08
3055,38,Barcelona,2023-01-24
3056,62,Barcelona,2023-07-12
3057,46,Castelló,2021-05-19
3058,26,Barcelona,2022-12-28
3059,25,València,2023-05-06
3060,18,Castelló,2019-02-18
3061,69,Madrid,2022-03-22
3062,29,Castelló,2020-12-23
3063,31,Alacant,2023-01-16
3064,25,Madrid,2021-08-10
3065,44,Alacant,2021-08-15
3066,25,Madrid,2023-08-24
3067,27,Barcelona,2021-02-21
3068,45,Castelló,2021-02-02
3069,56,València,2022-02-05
3070,16,Madrid,2021-12-10
3071,20,Madrid,2021-11-30
3072,35,Alacant,2021-09-26
3073,23,Barcelona,2020-07-16
3074,58,Alacant,2022-08-16
3075,27,Alacant,2020-01-19
3076,16,Barcelona,2020-08-16
3077,72,València,2019-01-09
3078,79,Alacant,2022-02-01
3079,69,Alacant,2021-03-21
3080,35,Madrid,2019-07-23
3081,43,Barcelona,2022-04-30
3082,72,Castelló,2020-04-01
3083,58,València,2020-04-05
3084,52,València,2021-05-07
3085,62,Barcelona,2020-06-08
3086,52,Madrid,2020-07-24
3087,27,Madrid,2020-10-14
3088,52,Barcelona,2019-03-23
3089,64,Madrid,2019-12-08
3090,64,València,2019-03-11
3091,71,València,2023-02-23
3092,59,Castelló,2019-10-12
3093,71,Barcelona,2022-07-20
3094,43,Alacant,2022-12-27
3095,62,Alacant,2019-09-08
3096,30,Castelló,2021-04-12
3097,21,Castelló,2023-03-13
3098,59,Madrid,2022-03-12
3099,74,Castelló,2022-10-17
3100,76,Castelló,2023-11-30
3101,35,Alacant,2023-09-10
3102,65,Madrid,2023-04-19
3103,29,Castelló,2022-11-11
3104,17,Castelló,2021-08-29
3105,24,Madrid,2023-05-24
3106,78,Barcelona,2020-02-03
3107,52,Madrid,2023-02-24
3108,35,Alacant,2019-07-15
3109,41,Barcelona,2022-11-28
3110,44,València,2023-03-12
3111,16,Madrid,2019-02-06
3112,70,Alacant,2023-07-18
3113,50,Barcelona,2022-08-29
3114,21,Madrid,2019-01-21
3115,52,Castelló,2022-06-24
3116,68,Madrid,2020-09-29
3117,74,València,2022-10-02
3118,20,Madrid,2020-05-23
3119,48,Barcelona,2020-04-27
3120,64,Barcelona,2023-08-18
3121,66,Madrid,2022-07-27
3122,29,Barcelona,2020-07-24
3123,27,Castelló,2022-07-28
3124,57,Madrid,2022-08-14
3125,35,Castelló,2021-10-13
3126,68,Castelló,2023-01-16
3127,65,Alacant,2021-10-29
3128,39,Madrid,2019-11-18
3129,74,Barcelona,2021-10-16
3130,58,Castelló,2019-04-03
3131,77,Alacant,2023-08-17
3132,49,Madrid,2023-09-23
3133,40,Madrid,2023-01-09
3134,65,València,2023-09-04
3135,44,València,2020-03-17
3136,72,Castelló,2023-11-12
3137,54,València,2020-04-10
3138,46,Castelló,2021-06-14
3139,71,Barcelona,2019-01-18
3140,62,Castelló,2023-02-28
3141,58,València,2019-01-09
3142,65,Barcelona,2020-06-09
3143,38,València,2021-05-01
3144,59,Castelló,2022-07-03
3145,53,Alacant,2019-09-30
3146,35,Madrid,2022-06-29
3147,38,València,2022-04-17
3148,79,Castelló,2023-08-13
3149,77,Barcelona,2020-07-23
3150,60,València,2022-04-07
3151,67,València,2020-02-16
3152,31,Madrid,2019-02-22
3153,65,Castelló,2020-05-22
3154,57,Alacant,2022-02-22
3155,75,Barcelona,2020-09-27
3156,70,Castelló,2023-08-31
3157,23,Barcelona,2022-06-21
3158,65,València,2021-11-25
3159,36,Madrid,2021-01-06
3160,16,Madrid,2023-10-29
3161,70,Alacant,2021-11-18
3162,23,Madrid,2023-05-09
3163,44,València,2021-04-13
3164,47,Alacant,2020-07-08
3165,53,Castelló,2021-04-13
3166,20,Madrid,2020-09-27
3167,62,Alacant,2023-06-23
3168,37,València,2023-11-22
3169,62,Barcelona,2022-01-30
3170,49,Barcelona,2021-06-02
3171,16,València,2019-10-22
3172,70,València,2019-10-30
3173,70,Barcelona,2019-01-20
3174,41,Alacant,2022-05-17
3175,58,Barcelona,2022-03-02
3176,25,València,2021-05-12
3177,45,Madrid,2021-10-02
3178,65,Castelló,2022-09-23
3179,33,Madrid,2019-05-22
3180,32,Madrid,2023-05-30
3181,41,València,2020-07-23
3182,23,Barcelona,2019-12-20
3183,62,Alacant,2021-01-01
3184,55,Madrid,2023-03-25
3185,64,Barcelona,2019-12-06
3186,27,Alacant,2021-01-05
3187,42,Madrid,2022-06-15
3188,23,Alacant,2020-12-11
3189,40,Barcelona,2021-05-03
3190,61,Castelló,2021-06-30
3191,19,Barcelona,2020-06-13
3192,48,València,2023-01-24
3193,16,Alacant,2021-07-24
3194,34,Castelló,2021-04-16
3195,46,Alacant,2020-02-09
3196,31,Alacant,2020-06-23
3197,29,Madrid,2019-06-08
3198,68,València,2020-05-30
3199,63,Alacant,2019-07-18
3200,20,Barcelona,2022-11-29
3201,56,Barcelona,2019-02-28
3202,41,Madrid,2023-10-25
3203,77,València,2023-12-06
3204,43,València,2021-06-22
3205,17,Barcelona,2021-03-13
3206,65,Castelló,2020-10-27
3207,79,Madrid,2020-05-13
3208,21,Madrid,2023-06-15
3209,78,Barcelona,2020-06-26
3210,24,Barcelona,2023-11-01
3211,48,Castelló,2023-08-11
3212,56,Castelló,2023-03-18
3213,40,València,2021-04-06
3214,63,Madrid,2023-07-31
3215,28,Madrid,2023-05-16
3216,24,Barcelona,2019-05-01
3217,68,València,2019-02-03
3218,28,Madrid,2021-10-05
3219,46,València,2019-08-17
3220,56,València,2019-06-30
3221,26,Barcelona,2019-07-26
3222,19,València,2021-05-03
3223,49,Castelló,2023-02-18
3224,76,Castelló,2022-12-28
3225,53,Alacant,2023-02-07
3226,61,Barcelona,2023-02-20
3227,19,Alacant,2020-01-19
3228,53,Castelló,2019-02-27
3229,34,Alacant,2023-06-14
3230,21,Barcelona,2019-11-13
3231,49,Barcelona,2019-08-20
3232,33,València,2022-08-15
3233,28,Madrid,2022-11-10
3234,56,València,2023-06-10
3235,38,Barcelona,2022-02-15
3236,34,Castelló,2019-12-21
3237,60,Castelló,2019-10-30
3238,26,València,2022-05-22
3239,16,Barcelona,2019-03-16
3240,39,Castelló,2021-10-27
3241,77,Barcelona,2021-11-12
3242,69,Castelló,2021-04-22
3243,22,Barcelona,2019-07-25
3244,40,Alacant,2020-04-17
3245,36,Barcelona,2019-12-06
3246,30,Barcelona,2020-03-29
3247,16,València,2023-09-16
3248,27,Alacant,2019-07-07
3249,73,Madrid,2023-07-25
3250,22,València,2023-02-25
3251,30,Madrid,2019-04-04
3252,36,Castelló,2022-07-20
3253,34,Madrid,2019-09-04
3254,75,Barcelona,2023-09-24
3255,44,Madrid,2022-08-21
3256,40,València,2022-07-22
3257,48,València,2021-01-26
3258,64,Madrid,2022-05-13
3259,47,València,2022-05-28
3260,64,València,2020-10-03
3261,50,Madrid,2021-10-22
3262,59,Alacant,2022-08-17
3263,53,Alacant,2023-03-24
3264,41,Castelló,2021-02-08
3265,26,València,2022-03-02
3266,50,Madrid,2022-04-19
3267,23,València,2020-05-03
3268,61,Barcelona,2019-07-15
3269,29,València,2023-06-20
3270,25,València,2022-01-02
3271,17,Alacant,2022-09-21
3272,61,Madrid,2023-02-24
3273,24,València,2020-12-24
3274,18,Alacant,2020-05-07
3275,36,Castelló,2021-11-02
3276,41,Alacant,2022-07-09
3277,23,Alacant,2022-05-04
3278,63,Alacant,2021-06-01
3279,17,València,2022-04-02
3280,21,València,2022-05-12
3281,43,Castelló,2022-07-14
3282,68,Barcelona,2023-12-02
3283,44,Barcelona,2023-03-08
3284,41,Barcelona,2023-07-17
3285,40,Castelló,2022-11-06
3286,27,Barcelona,2022-10-17
3287,20,Barcelona,2022-02-23
3288,49,Alacant,2023-09-21
3289,63,València,2020-05-22
3290,52,València,2021-10-09
3291,30,Alacant,2023-10-24
3292,59,Alacant,2020-08-04
3293,51,Alacant,2019-09-14
3294,30,València,2020-08-03
3295,58,Barcelona,2020-02-20
3296,63,Alacant,2020-05-22
3297,38,Castelló,2019-02-07
3298,21,Alacant,2022-10-19
3299,61,Madrid,2023-05-27
3300,65,Alacant,2023-08-13
3301,59,València,2019-06-04
3302,74,Alacant,2022-06-16
3303,58,Madrid,2020-09-26
3304,60,Castelló,2023-09-10
3305,36,Barcelona,2019-11-10
3306,38,Alacant,2022-12-01
3307,58,Madrid,2019-05-15
3308,70,Madrid,2019-12-13
3309,31,Castelló,2022-09-23
3310,62,València,2019-11-07
3311,68,Alacant,2021-08-22
3312,75,Madrid,2019-03-14
3313,30,Castelló,2019-04-11
3314,40,Barcelona,2022-12-14
3315,51,Madrid,2022-09-10
3316,26,Castelló,2019-08-02
3317,66,València,2020-08-23
3318,30,València,2021-01-20
3319,19,Madrid,2019-08-19
3320,36,Madrid,2022-01-09
3321,28,Alacant,2020-11-22
3322,37,Castelló,2020-01-28
3323,34,Madrid,2019-11-17
3324,49,Alacant,2023-03-01
3325,29,Alacant,2023-02-22
3326,76,Madrid,2023-06-01
3327,19,València,2023-03-30
3328,63,Castelló,2021-01-16
3329,68,Castelló,2023-01-25
3330,67,València,2022-09-04
3331,61,Madrid,2022-04-04
3332,42,Castelló,2021-02-04
3333,44,Madrid,2020-05-24
3334,62,Madrid,2022-06-04
3335,43,Alacant,2020-02-08
3336,50,València,2023-03-04
3337,23,Madrid,2023-10-24
3338,31,Barcelona,2021-08-28
3339,57,València,2019-01-17
3340,51,Castelló,2019-01-25
3341,45,Alacant,2022-08-12
3342,33,Castelló,2023-11-15
3343,17,Castelló,2022-06-02
3344,64,València,2020-04-15
3345,28,Castelló,2020-06-09
3346,19,Madrid,2021-06-09
3347,41,Castelló,2023-08-30
3348,40,Alacant,2019-10-09
3349,45,Alacant,2020-02-25
3350,26,Barcelona,2019-04-26
3351,22,Alacant,2020-08-22
3352,46,Castelló,2021-08-30
3353,59,Alacant,2020-07-17
3354,25,València,2021-12-31
3355,54,Alacant,2022-12-25
3356,28,Madrid,2019-04-01
3357,46,València,2020-06-15
3358,22,Barcelona,2019-11-19
3359,78,Madrid,2022-01-29
3360,71,Castelló,2022-11-03
3361,64,Castelló,2023-02-12
3362,57,Castelló,2022-04-26
3363,76,Madrid,2021-11-19
3364,57,Madrid,2022-03-03
3365,71,Madrid,2022-10-11
3366,51,València,2021-02-05
3367,35,València,2023-02-12
3368,19,Castelló,2021-11-29
3369,69,Alacant,2020-05-20
3370,22,Castelló,2023-02-17
3371,69,Barcelona,2023-02-10
3372,16,València,2022-11-25
3373,59,Madrid,2019-01-25
3374,71,València,2023-04-12
3375,60,Madrid,2019-02-21
3376,57,Barcelona,2022-03-19
3377,62,Barcelona,2022-01-12
3378,74,València,2023-09-21
3379,28,Madrid,2019-12-29
3380,70,Barcelona,2020-04-27
3381,37,Castelló,2023-06-01
3382,69,Castelló,2021-10-28
3383,36,Madrid,2023-05-02
3384,37,València,2019-02-15
3385,43,Barcelona,2020-11-22
3386,24,València,2020-09-21
3387,41,Castelló,2022-02-16
3388,24,Barcelona,2022-12-02
3389,30,València,2022-01-20
3390,25,Alacant,2023-08-27
3391,39,Madrid,2021-11-25
3392,73,Madrid,2023-04-30
3393,72,Alacant,2023-09-17
3394,76,Castelló,2022-02-18
3395,57,Barcelona,2020-02-03
3396,23,Madrid,2023-11-06
3397,39,Alacant,2022-02-03
3398,31,Alacant,2020-12-23
3399,64,Castelló,2023-10-17
3400,41,Castelló,2019-06-09
3401,42,València,2023-06-29
3402,52,Madrid,2020-10-05
3403,19,València,2022-04-17
3404,65,Alacant,2019-09-14
3405,39,Barcelona,2023-05-17
3406,34,Barcelona,2020-02-11
3407,51,Castelló,2022-08-01
3408,75,Barcelona,2021-04-14
3409,54,Barcelona,2020-04-02
3410,25,Barcelona,2023-01-10
3411,40,Alacant,2021-03-02
3412,33,Barcelona,2019-12-16
3413,34,Barcelona,2023-10-27
3414,51,Barcelona,2023-06-27
3415,25,València,2022-04-20
3416,48,Alacant,2021-01-25
3417,70,Castelló,2019-05-09
3418,65,València,2022-12-10
3419,20,Madrid,2019-06-11
3420,62,Alacant,2020-02-04
3421,64,Alacant,2019-09-19
3422,50,Madrid,2022-03-07
3423,59,Madrid,2022-03-29
3424,49,Madrid,2019-11-21
3425,48,Castelló,2023-05-18
3426,70,Barcelona,2021-06-08
3427,36,Alacant,2019-04-22
3428,32,Barcelona,2021-05-15
3429,37,Barcelona,2019-03-29
3430,63,Madrid,2022-03-05
3431,52,Castelló,2021-10-12
3432,30,València,2019-10-27
3433,50,Castelló,2019-09-23
3434,43,Barcelona,2021-10-10
3435,22,Castelló,2023-08-28
3436,47,Madrid,2020-10-13
3437,26,València,2019-12-05
3438,25,Madrid,2021-02-22
3439,24,València,2023-10-27
3440,29,Barcelona,2019-02-05
3441,28,València,2023-02-05
3442,76,València,2023-02-24
3443,72,València,2022-03-24
3444,77,Castelló,2022-01-07
3445,40,Castelló,2020-09-07
3446,17,Barcelona,2020-01-12
3447,79,València,2021-12-15
3448,50,Alacant,2023-04-14
3449,22,Barcelona,2021-03-09
3450,36,València,2021-11-29
3451,33,València,2022-12-02
3452,18,Castelló,2023-02-14
3453,57,Barcelona,2023-03-15
3454,69,València,2023-02-02
3455,76,València,2020-05-19
3456,54,Barcelona,2023-08-21
3457,56,Alacant,2023-07-09
3458,64,Barcelona,2022-04-16
3459,26,Barcelona,2023-07-03
3460,54,Alacant,2022-04-26
3461,39,Barcelona,2019-08-21
3462,75,València,2023-03-31
3463,61,Barcelona,2020-07-14
3464,34,Alacant,2020-09-22
3465,19,Madrid,2020-02-28
3466,41,Barcelona,2021-09-29
3467,53,Castelló,2022-09-13
3468,57,València,2019-07-08
3469,47,València,2023-09-07
3470,54,Castelló,2021-09-21
3471,60,Castelló,2023-09-02
3472,61,Barcelona,2022-02-10
3473,51,Castelló,2019-06-11
3474,55,Madrid,2021-10-24
3475,52,Alacant,2022-08-22
3476,48,Castelló,2019-08-03
3477,51,Castelló,2021-10-28
3478,18,Madrid,2023-05-18
3479,24,València,2022-02-26
3480,23,València,2022-06-08
3481,48,Barcelona,2020-02-08
3482,74,Madrid,2022-05-23
3483,21,Alacant,2022-07-27
3484,56,Alacant,2021-12-09
3485,54,Madrid,2019-11-23
3486,19,Alacant,2022-12-03
3487,28,València,2022-06-08
3488,64,Alacant,2020-04-10
3489,75,Alacant,2023-08-16
3490,17,Madrid,2023-08-04
3491,75,Madrid,2021-09-17
3492,20,Alacant,2023-02-25
3493,59,Castelló,2019-04-18
3494,42,Madrid,2022-10-01
3495,47,Barcelona,2022-12-14
3496,36,Barcelona,2021-06-24
3497,23,València,2023-04-11
3498,53,Alacant,2022-04-26
3499,23,Castelló,2022-10-23
3500,65,València,2019-08-19
3501,18,Alacant,2020-01-20
3502,69,Madrid,2019-11-07
3503,59,Barcelona,2019-08-13
3504,76,Castelló,2019-03-16
3505,73,Barcelona,2022-05-19
3506,18,Madrid,2019-01-23
3507,37,Alacant,2021-07-01
3508,21,Madrid,2021-06-15
3509,17,Madrid,2019-11-01
3510,38,Barcelona,2022-09-06
3511,59,Castelló,2021-12-20
3512,17,Madrid,2022-08-08
3513,53,Barcelona,2023-02-21
3514,32,Castelló,2022-04-20
3515,50,Alacant,2021-08-21
3516,49,Alacant,2022-08-29
3517,38,València,2020-12-29
3518,45,Barcelona,2023-03-22
3519,67,Castelló,2021-05-07
3520,23,Madrid,2022-05-18
3521,37,Alacant,2019-05-19
3522,59,Castelló,2021-01-16
3523,73,Barcelona,2021-08-24
3524,51,València,2021-10-12
3525,20,Alacant,2021-08-07
3526,28,Castelló,2022-03-21
3527,44,Castelló,2022-06-19
3528,46,Castelló,2023-04-29
3529,62,Barcelona,2023-11-27
3530,72,Barcelona,2021-12-01
3531,70,Barcelona,2021-11-20
3532,31,Madrid,2020-08-31
3533,57,Castelló,2020-12-29
3534,77,Alacant,2022-02-24
3535,45,Barcelona,2021-05-13
3536,72,Barcelona,2022-11-19
3537,70,Castelló,2021-01-17
3538,31,Barcelona,2020-07-09
3539,27,Madrid,2019-03-03
3540,32,Madrid,2019-11-01
3541,31,Barcelona,2022-01-19
3542,27,Castelló,2019-01-13
3543,23,Castelló,2021-04-19
3544,35,Castelló,2021-01-04
3545,18,València,2021-09-01
3546,31,Barcelona,2023-07-21
3547,45,Castelló,2020-05-21
3548,60,Madrid,2022-03-24
3549,38,Alacant,2022-12-09
3550,43,Alacant,2021-07-15
3551,66,Castelló,2020-04-29
3552,55,Alacant,2020-04-25
3553,69,Alacant,2021-08-24
3554,20,València,2022-11-16
3555,35,Madrid,2022-10-19
3556,55,Madrid,2022-04-01
3557,71,València,2023-06-02
3558,59,València,2020-08-28
3559,16,Alacant,2023-04-03
3560,72,Barcelona,2019-07-20
3561,45,Alacant,2020-03-05
3562,36,València,2019-03-18
3563,35,Madrid,2023-11-17
3564,21,Alacant,2023-09-11
3565,37,Barcelona,2021-03-15
3566,33,Alacant,2023-06-16
3567,23,Castelló,2019-01-17
3568,54,Alacant,2022-01-26
3569,47,València,2019-09-06
3570,48,Madrid,2021-01-10
3571,68,Madrid,2023-11-13
3572,31,València,2023-06-24
3573,27,Castelló,2022-10-12
3574,53,València,2022-08-05
3575,67,Alacant,2021-03-26
3576,49,València,2020-07-04
3577,76,València,2023-04-15
3578,29,Castelló,2019-09-04
3579,51,Alacant,2022-10-11
3580,48,Barcelona,2019-03-29
3581,38,Barcelona,2019-03-13
3582,65,Madrid,2020-02-23
3583,60,València,2023-10-13
3584,17,Madrid,2021-04-04
3585,56,Castelló,2021-07-25
3586,36,Barcelona,2020-02-09
3587,17,València,2020-09-03
3588,42,Castelló,2023-06-08
3589,72,Castelló,2022-12-31
3590,24,València,2021-09-11
3591,16,Castelló,2022-08-12
3592,26,València,2019-07-30
3593,18,València,2021-09-23
3594,67,Alacant,2020-02-13
3595,77,Madrid,2019-11-19
3596,38,Castelló,2019-11-30
3597,41,Castelló,2019-01-07
3598,19,Alacant,2019-06-12
3599,33,Alacant,2023-05-10
3600,70,Alacant,2021-12-25
3601,21,Barcelona,2020-09-02
3602,50,Barcelona,2019-03-10
3603,37,Barcelona,2020-06-16
3604,58,València,2021-12-04
3605,30,Castelló,2022-01-21
3606,37,Madrid,2022-01-13
3607,75,València,2019-01-22
3608,52,Castelló,2020-08-29
3609,67,Castelló,2023-06-28
3610,57,Alacant,2020-05-19
3611,27,Alacant,2023-02-25
3612,62,València,2022-05-24
3613,64,Alacant,2023-04-28
3614,57,Castelló,2021-10-27
3615,53,Alacant,2023-02-07
3616,33,Barcelona,2019-05-02
3617,60,Alacant,2023-10-12
3618,50,Castelló,2020-08-26
3619,45,València,2023-07-01
3620,39,Madrid,2022-02-08
3621,57,Alacant,2022-08-20
3622,45,Castelló,2023-04-24
3623,29,Madrid,2021-04-16
3624,21,Madrid,2019-10-24
3625,18,Barcelona,2020-05-22
3626,31,Madrid,2019-03-19
3627,22,Castelló,2019-06-13
3628,67,Castelló,2020-12-15
3629,29,Alacant,2019-06-28
3630,24,Alacant,2020-10-18
3631,30,Alacant,2019-01-06
3632,36,Madrid,2023-05-05
3633,50,Madrid,2020-03-14
3634,17,Barcelona,2021-12-30
3635,42,Alacant,2023-10-28
3636,17,València,2020-06-05
3637,50,Barcelona,2021-05-05
3638,33,València,2023-05-31
3639,29,Madrid,2022-01-28
3640,35,Barcelona,2022-06-27
3641,33,Barcelona,2020-10-24
3642,79,Castelló,2023-10-01
3643,25,Madrid,2022-06-12
3644,40,Madrid,2021-08-17
3645,17,Barcelona,2023-09-01
3646,40,Madrid,2022-01-18
3647,76,Barcelona,2020-12-19
3648,69,Castelló,2022-09-04
3649,48,Barcelona,2023-03-02
3650,51,Madrid,2019-12-04
3651,46,Madrid,2020-03-16
3652,29,Barcelona,2023-09-07
3653,16,Barcelona,2022-09-10
3654,61,Barcelona,2019-05-08
3655,31,Alacant,2019-08-07
3656,69,Madrid,2023-04-16
3657,61,Madrid,2020-12-17
3658,76,Alacant,2022-10-14
3659,67,Barcelona,2021-05-22
3660,18,Castelló,2019-07-09
3661,50,Barcelona,2021-08-04
3662,56,Barcelona,2022-07-03
3663,21,Alacant,2019-01-17
3664,40,Madrid,2023-05-22
3665,28,Barcelona,2021-12-29
3666,68,Madrid,2020-03-28
3667,49,València,2022-03-12
3668,23,Madrid,2022-08-20
3669,36,Castelló,2021-10-03
3670,49,Castelló,2019-01-10
3671,19,Barcelona,2022-08-01
3672,40,Madrid,2023-03-29
3673,30,Barcelona,2022-09-03
3674,19,Alacant,2022-04-18
3675,60,Castelló,2021-02-10
3676,75,Barcelona,2022-12-12
3677,27,Alacant,2019-12-17
3678,47,Barcelona,2021-11-16
3679,79,Madrid,2021-10-26
3680,47,Madrid,2023-10-19
3681,43,Madrid,2020-08-01
3682,28,Madrid,2023-11-02
3683,46,València,2019-06-29
3684,29,Alacant,2022-12-20
3685,35,Alacant,2020-07-13
3686,33,Madrid,2021-06-12
3687,44,València,2022-09-03
3688,75,Madrid,2019-08-24
3689,78,València,2022-07-31
3690,21,Madrid,2020-11-24
3691,47,Castelló,2020-07-12
3692,44,Castelló,2020-05-12
3693,58,Barcelona,2022-01-03
3694,77,Madrid,2023-08-08
3695,17,Alacant,2021-12-17
3696,75,Barcelona,2020-11-04
3697,38,Castelló,2019-02-07
3698,34,Madrid,2021-11-10
3699,46,Barcelona,2021-06-24
3700,66,Madrid,2019-08-09
3701,20,Castelló,2023-04-01
3702,34,Barcelona,2023-10-09
3703,49,Castelló,2023-06-25
3704,25,València,2023-09-13
3705,40,Castelló,2023-05-27
3706,17,Madrid,2020-09-17
3707,77,Alacant,2023-05-28
3708,26,Castelló,2019-02-11
3709,65,Alacant,2021-06-24
3710,76,València,2023-10-10
3711,46,Barcelona,2020-08-03
3712,71,Barcelona,2021-10-12
3713,30,Alacant,2022-04-29
3714,24,Barcelona,2019-07-31
3715,38,Castelló,2023-07-18
3716,34,Alacant,2022-10-02
3717,24,Madrid,2020-06-02
3718,50,Castelló,2023-01-02
3719,36,Castelló,2020-12-18
3720,24,Castelló,2021-05-27
3721,43,Madrid,2022-11-26
3722,77,València,2021-10-14
3723,61,Barcelona,2019-01-03
3724,66,Alacant,2020-02-06
3725,22,València,2023-05-08
3726,31,Alacant,2022-10-31
3727,31,Barcelona,2020-07-02
3728,75,Madrid,2023-01-16
3729,48,Castelló,2022-10-26
3730,19,Castelló,2021-03-04
3731,19,Madrid,2020-05-15
3732,54,València,2020-07-22
3733,55,València,2019-01-12
3734,32,Alacant,2023-10-29
3735,52,Madrid,2022-11-22
3736,54,València,2021-06-17
3737,75,Madrid,2022-07-15
3738,67,Barcelona,2021-12-02
3739,44,Castelló,2019-08-16
3740,67,Castelló,2022-02-23
3741,51,Castelló,2021-09-28
3742,75,Madrid,2021-10-14
3743,53,Madrid,2022-03-26
3744,54,Alacant,2023-11-22
3745,65,Castelló,2021-11-30
3746,78,Alacant,2023-03-19
3747,52,Castelló,2021-12-11
3748,67,Alacant,2022-01-05
3749,78,Alacant,2021-08-29
3750,77,Barcelona,2019-08-26
3751,79,Alacant,2022-02-14
3752,76,Madrid,2021-06-04
3753,50,Alacant,2022-05-20
3754,22,Castelló,2020-04-13
3755,42,Alacant,2023-01-07
3756,43,València,2019-01-07
3757,37,Castelló,2019-06-04
3758,29,València,2021-07-05
3759,22,Castelló,2022-06-26
3760,52,Madrid,2019-05-09
3761,76,Madrid,2021-02-10
3762,37,Madrid,2019-10-16
3763,20,València,2019-05-26
3764,77,Barcelona,2021-02-26
3765,70,Castelló,2023-09-19
3766,17,Madrid,2022-03-05
3767,77,Castelló,2023-12-06
3768,42,València,2020-06-21
3769,36,Barcelona,2020-09-18
3770,69,València,2019-04-10
3771,53,Castelló,2022-01-23
3772,30,Barcelona,2022-06-19
3773,36,Barcelona,2022-07-14
3774,25,València,2021-01-01
3775,38,Madrid,2020-06-04
3776,73,Castelló,2023-06-13
3777,71,Alacant,2019-04-03
3778,54,Alacant,2022-11-17
3779,20,València,2020-10-25
3780,16,Castelló,2022-12-14
3781,28,Castelló,2020-06-13
3782,36,València,2023-01-27
3783,41,Castelló,2020-07-14
3784,65,Madrid,2023-08-06
3785,60,València,2021-11-07
3786,36,Madrid,2022-03-21
3787,68,Castelló,2022-06-05
3788,33,València,2020-03-06
3789,52,Castelló,2019-11-06
3790,60,València,2022-03-21
3791,47,Castelló,2021-06-06
3792,51,Madrid,2021-06-21
3793,32,Madrid,2022-09-23
3794,50,Castelló,2023-05-21
3795,64,València,2020-05-31
3796,75,Alacant,2020-12-31
3797,26,Madrid,2022-07-20
3798,78,Madrid,2021-01-04
3799,36,Alacant,2021-09-30
3800,67,Castelló,2021-05-05
3801,79,València,2023-01-23
3802,70,Castelló,2019-09-21
3803,68,Barcelona,2022-09-18
3804,41,Madrid,2020-05-03
3805,77,Barcelona,2019-04-03
3806,19,Madrid,2021-06-25
3807,49,Madrid,2021-03-30
3808,67,Barcelona,2022-11-27
3809,63,Barcelona,2019-06-06
3810,75,Castelló,2022-07-31
3811,33,Barcelona,2022-09-07
3812,55,Castelló,2022-05-09
3813,50,Castelló,2022-12-17
3814,56,Castelló,2019-07-17
3815,44,Madrid,2022-11-25
3816,67,Madrid,2023-07-05
3817,44,Barcelona,2022-03-06
3818,53,Madrid,2020-11-14
3819,57,Barcelona,2023-03-17
3820,36,Madrid,2023-08-18
3821,57,València,2020-05-16
3822,28,València,2022-09-12
3823,64,Barcelona,2019-12-10
3824,56,Madrid,2023-09-19
3825,79,Madrid,2019-05-30
3826,32,Castelló,2022-03-20
3827,71,Alacant,2020-01-29
3828,24,Barcelona,2019-02-26
3829,56,Alacant,2022-05-20
3830,16,Alacant,2021-12-06
3831,17,Barcelona,2023-01-01
3832,75,Madrid,2021-02-09
3833,63,Barcelona,2022-06-26
3834,44,Alacant,2023-07-15
3835,48,Madrid,2023-10-09
3836,25,València,2020-12-29
3837,65,Barcelona,2020-04-29
3838,73,Barcelona,2019-01-07
3839,79,Madrid,2020-09-23
3840,75,València,2020-06-22
3841,55,València,2023-02-26
3842,36,Madrid,2019-01-04
3843,43,Castelló,2021-05-17
3844,26,Barcelona,2020-01-17
3845,70,Barcelona,2020-12-14
3846,49,Alacant,2022-05-14
3847,23,Madrid,2023-01-17
3848,74,Alacant,2023-09-23
3849,37,Alacant,2019-12-22
3850,23,València,2022-03-22
3851,64,Barcelona,2023-10-29
3852,30,Alacant,2022-09-06
3853,32,València,2021-11-06
3854,75,Madrid,2019-02-11
3855,38,Alacant,2021-06-27
3856,39,Barcelona,2023-02-07
3857,60,Alacant,2019-11-13
3858,34,Madrid,2020-07-20
3859,20,Alacant,2021-08-01
3860,47,Barcelona,2021-09-17
3861,59,València,2021-04-11
3862,16,Barcelona,2021-03-10
3863,38,València,2021-06-27
3864,52,Castelló,2020-04-20
3865,23,Barcelona,2023-08-02
3866,28,Barcelona,2019-01-13
3867,23,Madrid,2022-08-22
3868,72,Alacant,2021-10-05
3869,38,València,2021-08-21
3870,58,València,2021-05-23
3871,16,Madrid,2022-04-28
3872,60,Madrid,2020-01-20
3873,66,Alacant,2019-04-20
3874,39,Alacant,2021-03-14
3875,50,Barcelona,2023-01-19
3876,39,Castelló,2020-07-02
3877,32,Alacant,2020-06-16
3878,20,Madrid,2021-01-10
3879,35,Alacant,2023-07-16
3880,36,València,2023-11-08
3881,55,Castelló,2021-10-01
3882,73,Barcelona,2019-10-17
3883,46,València,2019-07-19
3884,61,València,2019-04-21
3885,51,Castelló,2020-12-28
3886,26,Barcelona,2023-10-28
3887,67,Madrid,2019-10-26
3888,30,Barcelona,2020-01-07
3889,34,Alacant,2019-05-30
3890,22,València,2019-05-15
3891,66,Alacant,2021-01-01
3892,43,Madrid,2020-09-08
3893,66,Alacant,2020-02-06
3894,58,Barcelona,2020-05-07
3895,73,Alacant,2020-03-28
3896,20,Madrid,2023-11-02
3897,20,Madrid,2019-01-19
3898,45,Madrid,2022-10-20
3899,69,Barcelona,2022-03-01
3900,47,Madrid,2020-10-27
3901,23,València,2020-10-28
3902,79,Madrid,2019-06-05
3903,25,Alacant,2023-08-19
3904,53,Alacant,2020-12-14
3905,62,Alacant,2022-05-02
3906,47,Barcelona,2020-06-10
3907,63,Alacant,2023-03-05
3908,43,Barcelona,2022-02-19
3909,32,Barcelona,2023-04-04
3910,46,Madrid,2022-03-20
3911,23,València,2020-10-24
3912,79,Madrid,2020-05-16
3913,55,Madrid,2020-08-09
3914,40,Barcelona,2022-03-15
3915,24,Barcelona,2020-08-15
3916,17,Alacant,2021-04-07
3917,30,Alacant,2020-01-18
3918,65,Madrid,2023-11-15
3919,18,Castelló,2020-08-24
3920,64,Castelló,2021-10-09
3921,51,Alacant,2023-08-18
3922,77,Castelló,2019-11-19
3923,19,Alacant,2022-09-07
3924,29,Barcelona,2023-10-26
3925,56,Madrid,2021-03-25
3926,56,València,2020-10-31
3927,40,Madrid,2022-04-20
3928,73,Alacant,2021-09-05
3929,70,Alacant,2020-10-28
3930,77,Madrid,2020-04-20
3931,78,Alacant,2023-01-18
3932,65,Castelló,2021-12-13
3933,25,Castelló,2019-03-23
3934,36,Alacant,2020-04-07
3935,51,Alacant,2021-10-12
3936,27,Castelló,2019-12-06
3937,42,Alacant,2022-01-10
3938,55,Alacant,2021-08-10
3939,17,Madrid,2019-01-08
3940,69,València,2019-05-23
3941,28,Castelló,2022-02-15
3942,68,Madrid,2019-12-13
3943,47,València,2023-10-29
3944,46,Alacant,2020-10-06
3945,31,Alacant,2019-04-05
3946,47,Madrid,2023-04-29
3947,47,Alacant,2022-09-07
3948,75,Barcelona,2020-06-12
3949,49,Madrid,2019-06-01
3950,26,València,2022-08-23
3951,25,Madrid,2021-02-25
3952,30,Castelló,2020-03-19
3953,32,Madrid,2020-11-06
3954,55,Alacant,2023-02-12
3955,33,Alacant,2021-03-15
3956,70,Barcelona,2020-12-29
3957,24,Barcelona,2019-08-22
3958,40,Barcelona,2020-09-25
3959,55,València,2020-04-11
3960,74,Barcelona,2023-05-29
3961,29,València,2020-03-14
3962,75,Barcelona,2023-10-27
3963,73,València,2019-05-30
3964,40,Madrid,2021-09-24
3965,65,Madrid,2019-01-27
3966,37,Alacant,2021-05-12
3967,67,València,2019-10-25
3968,45,Castelló,2022-06-15
3969,35,Alacant,2021-10-08
3970,36,Madrid,2023-03-05
3971,59,València,2021-06-05
3972,47,Barcelona,2023-09-14
3973,66,Castelló,2019-11-15
3974,61,Madrid,2019-11-19
3975,64,Alacant,2021-11-08
3976,71,València,2023-10-10
3977,36,Castelló,2020-04-12
3978,50,València,2022-06-29
3979,73,Barcelona,2022-03-07
3980,47,Alacant,2020-08-12
3981,45,València,2022-04-11
3982,70,Madrid,2020-02-17
3983,54,Alacant,2019-07-10
3984,64,Madrid,2020-07-16
3985,27,València,2021-05-25
3986,56,Alacant,2020-05-02
3987,62,Madrid,2019-10-10
3988,33,Barcelona,2022-03-30
3989,36,Barcelona,2022-03-11
3990,28,València,2022-01-22
3991,77,Alacant,2022-01-21
3992,36,Castelló,2021-03-27
3993,77,Alacant,2023-06-24
3994,23,Barcelona,2021-07-16
3995,61,Madrid,2023-08-31
3996,55,Castelló,2022-01-17
3997,61,València,2023-05-28
3998,22,Castelló,2022-12-09
3999,38,València,2022-01-20
4000,59,Castelló,2021-08-17
