consumo_medio_kwh,pico_consumo_kwh,variabilidad_consumo,num_personas,tamano_vivienda_m2,uso_electrodomesticos_intensivo
409.6056983613479,731.3061256619768,0.17782624466627467,5,94.91320591068937,1
333.40828385945787,592.6486147186868,0.2676820872139398,3,134.0665822551847,0
427.7226245720831,730.5743757580709,0.19533199154127345,3,58.511119338099064,0
532.763582768963,835.824507259097,0.22283448896739466,5,63.392786631639844,0
321.90159503319967,712.2150175814261,0.4173452090298537,5,85.1648140089476,0
321.90356516609836,710.1479228009706,0.3840461051790348,2,88.06767258663284,0
539.505537860887,524.5020780483112,0.12004187630724023,5,82.59050399560464,0
442.09216749834906,534.274770612263,0.33297324178791743,4,187.10041418992813,0
293.66307368780576,349.3486820500766,0.33113965544915924,5,167.21364515231676,0
415.10720523031574,1137.3941857967347,0.13517367112473816,4,105.46692761873652,0
294.38987686250454,389.0341911521787,0.33187776437548605,5,109.59402259176602,0
294.1124295715692,526.7737005510232,0.4037931918412553,2,86.72487369721466,0
379.0354725879241,520.3981836077006,0.13774551937555862,4,58.25610632686542,0
120.40637064106426,923.7310942361103,0.15824971789857362,1,88.62747158056618,1
143.00986009843606,626.262580426993,0.35176614668435024,4,121.98912130117188,0
282.5254964910833,1011.9355181684334,0.2771495310825648,2,140.69693665488032,0
228.46026555986913,531.6273439390329,0.3051476275239523,4,129.84979471829467,0
387.7096799114329,769.7485405559505,0.2840589216400497,5,42.1578997396026,1
241.0371109374547,491.16323668506067,0.2890695920928144,5,84.87703126462004,0
180.523555839765,1236.2872819433471,0.11735278716889169,2,43.589635229690266,1
525.8778522705865,403.1003952426218,0.35473177066214484,3,135.90952450909515,0
322.9068439416157,777.4551775567569,0.36695899924277736,5,80.56654618198836,1
358.10338456255084,858.4442202330247,0.22706092559319724,1,93.35114595291384,1
179.03021765438518,803.4497743628746,0.24565230501861376,2,111.80175938017507,0
284.67407305697805,653.678085280573,0.09688924974442778,4,191.81489719341647,0
363.31071076518396,667.5448250666435,0.3014254756017835,4,104.38962289263341,0
211.88077070932366,710.9528679947774,0.30720574417141444,1,86.66051367678119,0
395.0837622014806,663.2494995928779,0.2437808983000689,5,51.5635257578726,0
277.9233572097434,940.9697791987275,0.36243533598705024,2,146.0523806976087,0
314.9967500248068,1252.6307503978378,0.21659227690200594,1,88.64272374960237,0
277.7952065324724,560.6270537480416,0.30646059258936004,5,152.99998627246947,0
572.2733821410725,357.54925510523054,0.14803356613078844,2,133.6964589532053,0
348.38033303144795,677.9294879121863,0.2476447849125762,4,78.79653640870349,0
223.07468852529195,1344.9273344135795,0.2325645742097164,2,46.27033367004335,0
448.7053894523827,499.0813580075673,0.27253079220409415,3,104.53991910212623,1
203.49876200347734,1109.779201361017,0.21304730711666414,2,73.47837649299393,0
375.06363140057067,1119.4252035191103,0.23685274043283322,3,96.3771044859707,1
114.83958513442693,561.6029395730013,0.33260471714415063,2,131.71673623990182,0
190.61767413218834,842.2457697963189,0.20632357627617826,3,37.124625953130824,0
373.62334830429484,1107.0991557821344,0.08934228992613205,4,104.26148454238748,0
438.6159895994492,605.2180647531283,0.42495839042054206,5,121.58586668100078,0
370.5641937427965,649.1049099744096,0.38814540786904866,3,123.2838696614622,1
336.12220611341115,554.5797715128391,0.12077373048943812,3,47.276024008440196,1
313.86755652928537,446.3108173267833,0.31897078052451944,4,109.67677644208874,0
172.5773611559087,537.6806137334983,0.19970252294486568,3,137.12378036673425,1
263.61869499263497,394.0149333094359,0.27634872153310597,1,107.01318294400265,0
294.7233474848255,708.5208670648066,0.2794224129013494,4,90.95070278620122,1
476.8546671462699,507.50669223533953,0.2265592199683678,1,134.88645292007052,1
391.2341947482154,758.446477947687,0.17162343344136033,4,70.69884163464096,0
138.43518135647193,311.02608844909315,0.18094589476837405,3,41.45584821288554,0
388.89007632737537,782.7200580536143,0.15838080845187574,1,87.9790764774174,0
303.790126350042,908.3822404022312,0.1668177791769555,3,113.72658170963994,1
268.76935996328496,201.56608935713615,0.24328217099506447,4,131.36278665027518,0
423.4011546609041,793.514142461893,0.1784240010889248,3,113.56759009587762,1
473.71994269951415,1006.9172481183231,0.318205206571262,1,124.25373740537003,1
461.7536142939438,397.5897453271986,0.39872461553359273,1,131.5859000536386,0
249.29389721328337,1118.143096709426,0.1919946758629957,3,83.12180477956613,0
312.89451489785426,804.7547523415113,0.27394045005353773,2,89.82212443323435,1
389.75161176842767,523.7470360603978,0.29996851103029337,4,140.05087276024565,0
467.0654152546831,686.0577305855735,0.29720022709192745,4,52.64450415192594,1
292.4990914585652,839.5817281304306,0.25759552679160874,3,110.01965015328032,0
327.72092280034195,719.0013478531029,0.32426824183597225,2,69.91519098790425,0
217.23980311927662,834.6889981115924,0.2982248952680657,1,133.50915611308392,0
206.4552051103195,469.83160173015847,0.1262337577672702,5,94.37225817987012,1
447.50309868730375,742.3402060090195,0.3369156064389273,5,95.26578773823434,0
512.7488034284987,346.57137577375494,0.3387290837266742,3,155.510796058884,1
341.3587854103599,672.193484662825,0.17367138958214184,2,57.33850271929738,0
470.4239477470429,474.02308963380256,0.2537937835447602,2,102.55368156265111,1
393.3963230057161,516.1175143525584,0.318332899281107,4,88.69558541157626,0
272.5856294473851,1009.0232938026093,0.22906861804206385,1,113.6343960615061,0
393.3674726610097,972.8275301485672,0.35729780477660117,2,162.52657753411313,1
534.5643879759164,852.2845302267942,0.4863872494619361,5,73.81654715261861,0
345.7008753068058,426.92180883185523,0.17140139673650176,1,53.091080067608424,0
537.7572386976808,620.8978875762996,0.11189553968462251,1,66.67354010112979,0
80.0,1003.2744249947958,0.28038185956048756,3,86.85136712226785,1
448.6283005250269,735.4292284099762,0.3221562505126144,2,97.24807917961644,1
360.44564818858055,1279.8323849954236,0.2269133626155231,3,99.00850785253039,0
314.11911794409593,798.3294598485929,0.39532606633210343,2,158.0931332911402,0
361.0112931842603,748.012279122508,0.1161394200276751,4,151.86936656291945,1
111.49173024789286,622.7208839493746,0.3192918623031611,3,140.6031271173436,0
323.6393734594986,733.3852261955706,0.18941391792411066,3,183.00535228160697,1
392.8535085814096,661.8825409048641,0.42193779062072967,5,123.8434459831921,0
527.3472853689819,877.0271691721476,0.44925153531681183,3,133.7924279229424,1
287.8075738071623,939.175579198646,0.1733343412216652,2,123.16696826628181,1
252.9807676528175,503.50263487301265,0.19504428640914198,5,117.43168598278254,1
289.7891547698556,367.1917616105555,0.3359587886979802,3,108.80387834639946,1
459.8482541242489,240.94865672417586,0.21128693502104853,3,81.11000342796378,0
389.45013315916214,826.9978317281359,0.24545887820677617,4,51.36276132567474,0
286.42877554795535,424.1583484565316,0.25253884205424104,3,90.42711108632604,0
411.59209197360275,161.77735176187923,0.058032684380234345,1,114.80207948852222,0
361.64930592176484,797.144651132741,0.24861622539057626,5,97.52916653408965,0
466.23739886394674,1323.2498793581976,0.18102722259358262,1,57.71325070582604,1
265.7536287347177,698.4822721150267,0.2006877177600228,5,89.19409325058176,0
310.6805424082678,909.6226936129104,0.39436320034688144,4,87.36990169959017,0
302.9470216241411,720.4573396368912,0.12434931057207435,3,92.8175875310927,0
174.37820622414577,675.2775867022143,0.3313205186747977,3,112.18203721243307,1
385.5344332477491,929.7691207469421,0.22210370696681914,3,119.71903129186057,0
381.3266326615867,627.4313639528372,0.22202398315041655,5,77.49819921589066,0
350.6136147970953,766.8480785179758,0.32903718960517114,3,129.339241580438,1
321.84954399498235,780.4244515490034,0.28400512945688905,1,134.60733418839092,0
180.15551095395028,532.9773865892378,0.3070612997219531,3,106.21056765669908,0
299.5225612681569,948.0105873841308,0.34681846605328615,4,118.26625951835739,0
308.8742580167877,656.2600608261479,0.21686916168166773,1,129.44810048616822,1
253.72672769340573,511.0637101267888,0.18877632654922497,3,56.5824372647185,0
330.6457146000789,834.1274608926009,0.14148494734422018,3,131.91559672436284,1
398.4861028177446,475.38300455224066,0.16745894700210448,2,67.34786945907163,0
576.3423081452636,707.0452893422821,0.5449094425308725,5,70.75544271800675,1
370.9493375398207,697.7202508389491,0.37446795807367866,1,101.87012087351664,0
380.9060468867317,971.4738914578945,0.11489256337919787,2,30.0,0
341.06649010805995,818.6745582199882,0.11775420432564299,4,101.14671078790161,0
119.74745416411503,693.743260313714,0.29818660617184917,5,129.3623331434531,0
346.81833494609396,904.4415748000717,0.3047264797377967,1,37.392665374389416,0
357.2276251929232,1047.5518872543284,0.3048883835317364,3,133.1153263591258,1
645.5890534982343,839.4525765879655,0.22450442064463022,1,70.54243335153907,0
326.9166842262653,702.5881549608451,0.23745457399970998,3,102.24016231724802,1
386.1856810800335,372.0409419124601,0.28278795241593574,5,75.62489225480883,1
345.8345876353708,433.72158423115684,0.25858930062933305,3,115.05214694451661,0
209.75863548565616,623.6938239113331,0.05,4,130.87316446573172,1
487.13873774180246,547.6219494601792,0.22702003694248063,3,117.64536275338742,0
440.2319639224129,653.2571742536385,0.16485935657396864,4,94.86065976772049,0
444.92383364516564,714.1624812242768,0.2675211418908512,5,78.34506321923013,1
240.87350542463133,832.4231885891827,0.5485259002603411,5,92.57442897201105,1
518.3353173123319,682.3753054852272,0.28674816654743046,1,117.95900127358746,0
181.7778724649263,821.6254109565505,0.2186470313827602,4,119.15932397105216,0
420.42285125603246,716.1186037025301,0.34218015019772524,4,114.27893037616428,0
612.8546750971974,206.13335841153219,0.2982687887209213,2,50.10978604550345,1
231.1356409843174,465.16615154531144,0.2920094490451841,2,94.19421395476066,0
282.04427244766737,663.9781110695961,0.3106850593215671,2,72.82998625309969,0
361.95816381051696,397.5763142897231,0.45565435648295416,3,118.27251569670398,0
289.5829215060561,849.9821824990511,0.13691115646740842,2,68.22598863174912,0
163.9203882720641,1082.6877080859244,0.29736320768114544,4,110.82188153294787,0
358.2275569767233,1004.6904629243292,0.15736188700184617,3,85.12342837149146,0
222.52355435286742,646.639282267448,0.30555126463422483,5,30.0,0
406.8310916762218,1072.681534212488,0.15813134885139057,1,127.58357500607991,0
239.66909189194362,737.1668643005279,0.20826331863949155,2,94.11494723476147,1
535.9921286021047,615.7285072204902,0.22049100857620937,5,139.65920535179922,0
256.00960491965157,546.649334114765,0.3475816719344709,4,36.7141822462827,1
311.35261805531894,624.3825783779679,0.34184544439424136,1,84.79675411788764,1
447.62206608436037,602.9557953646928,0.12542826235536153,5,87.42584526640474,1
202.29628202792537,742.604055593872,0.25549341109998486,1,104.4572201933409,1
377.29519215249553,740.1434952624661,0.17904201452508273,2,48.61844435450502,0
506.8571305138914,700.7615050383536,0.12414950893246654,4,114.04132498708226,0
157.1020118526527,809.2345424365875,0.22829829495756296,1,161.90818421983616,0
372.1560630238765,997.6615686965854,0.21915172115441803,5,111.60880712629361,0
381.1859353098108,937.3885338603309,0.49267164863455226,2,98.25053406382293,1
443.81874461327726,328.7755078875241,0.2932959825360696,2,46.78899075411193,0
201.56591469463018,150.0,0.11223824992457626,5,67.90138602550412,1
191.54520642988683,933.5799778098184,0.19352259958290577,5,93.04542847120295,0
412.6329878740277,358.28032539614475,0.35213832954293983,1,76.45782352050098,1
385.6381607879823,643.8086495268291,0.4588442772869925,3,130.91897491948447,0
380.0591420415052,407.4717434851601,0.09140166877620415,2,113.67961203390232,0
391.5737851396371,249.50489060499507,0.062007561486095486,1,189.23325056764395,0
268.3970334105811,835.365682051197,0.43709651753717826,5,60.6699547251498,1
377.8704436593204,889.7887900756617,0.2889614177370904,1,96.15901139871065,0
385.16869679584175,555.8723998183201,0.16317072681236333,5,46.57776696129981,1
264.27782983683585,150.0,0.30346290861224356,4,30.0,1
573.8929413373708,563.4388879368794,0.05,5,120.29523428086034,1
406.8599505094145,797.9510013506366,0.2503375506597161,5,112.38153840385746,0
207.04358033568218,330.27210780646783,0.2827821172843085,5,65.08933478739735,1
428.7864330360596,745.8399799447889,0.342427013953783,3,98.25603668576983,1
233.03819957272142,696.1725377067511,0.14861040477074622,5,72.97563403760594,0
444.4501524490943,844.8228749002722,0.2585687161403359,2,77.70273908048534,0
489.0314694808885,729.8950921035383,0.15745753739404128,2,83.79003855318041,0
251.51812179779475,456.7327647796111,0.2755383755674317,1,63.620218790850274,0
465.60513550931864,999.1428754161228,0.16046536776369758,3,69.91725315630151,0
399.5337112323798,660.3676067432575,0.20918991608397794,1,70.9047594619511,1
448.6472191993388,693.173865122517,0.15041846052097707,2,109.80075963636658,0
577.6151579184736,466.683010231701,0.3151136241823657,2,30.0,0
320.55342607965554,589.1794372021225,0.33584511166566655,4,87.03297584803191,1
259.55166027710123,478.79932149327476,0.2265379430042586,5,56.93113432118144,0
243.2582684449372,656.7634850191442,0.2538237994960028,2,58.19565598211518,1
252.1027658041474,1127.9271200355859,0.10514085853664559,1,76.60213190706962,0
340.7477948703075,357.0247142671609,0.2200323351993213,1,94.49811015093947,0
390.93823697799724,296.6096505308147,0.24497953829582553,5,87.49558484026574,0
383.20289591960227,1067.792581873402,0.5120793091029976,5,57.75788215706285,0
449.2619898843229,647.6690807120335,0.13880329742258363,4,120.25937814559519,0
351.56022702534887,532.7318153350209,0.39641772387524377,3,63.40886045988283,1
524.424089258878,959.9761718490191,0.3496858773465808,1,69.28528104258588,0
318.2411800114453,548.596115065784,0.27806364044901366,5,104.95721250630808,1
676.4202999907543,1156.502428386734,0.42586204841951336,1,106.21289975024595,0
425.08008173180076,869.4814678348173,0.2872105472606863,5,73.59051186034574,0
247.1410932300461,578.0221479635743,0.28891591956679286,2,30.0,1
221.49290023266653,1239.327053316376,0.24468793469824546,1,64.00781896942532,0
407.89668982918226,548.5712692491654,0.37235688824186275,2,100.66608651840897,1
323.18446576089787,885.5238430023268,0.3596469233810884,1,119.10128187915106,1
435.68005929105107,774.823145101623,0.18743227125037876,3,92.22461698650437,1
406.78851494882537,1025.4353223496996,0.11807528054012326,4,78.23548835235346,0
341.2605304811753,1090.3777991817133,0.22970193626043428,2,175.26238519947634,0
248.3847538317914,708.0010372664417,0.16999614356023535,5,81.9629857473126,1
168.21833303769625,511.64553241345413,0.2436475425384645,3,116.4281440376887,1
296.4182057519575,814.9930357347791,0.3737438134684139,1,48.27317666005864,0
452.7678553188167,530.5711575619735,0.204269834491321,2,56.84412527768615,0
375.69124929562446,1203.3468118816559,0.2457176618688425,1,117.65639640117786,0
200.51134655456144,734.1338327706843,0.2558022734808395,1,131.55964465248798,0
370.78171110214186,608.6696121719729,0.33484308822052844,1,81.35990884323085,0
396.2380855674604,746.1700764662271,0.05,4,30.29775079293178,0
243.93710765586405,363.21842761757586,0.18932997052347034,4,89.13549312095711,1
368.4470127134633,457.09649037233714,0.27112836922794725,5,101.62920652728465,1
356.98504621352,1000.1034769861063,0.3700078956426861,2,98.45863136250885,0
212.84356426032522,535.7764302571511,0.2008097552493795,3,75.28136172636482,0
392.934483241794,438.2722543295151,0.06234472939581259,3,89.64905582586717,0
417.29414316418814,834.1631881318216,0.3119711445966136,3,68.7578104500563,1
479.96614918103324,996.4260386657493,0.18646376111743707,1,56.0856621692099,1
476.4562462441884,879.7383276662667,0.13103333409096385,4,121.44839822263818,1
184.67967584514906,949.0119214514541,0.1875654610286776,2,98.42294096909487,1
237.46099521018527,510.8012278576348,0.23154746423441505,1,89.72607544821845,0
411.8042320650392,344.54733331453906,0.18952553354617874,4,77.24982900297435,1
411.6543141094651,1075.3334129888717,0.05,4,88.6939255212722,0
411.80572235672577,619.3300402894661,0.33970661968871324,2,100.61107500754487,0
812.3277788785665,637.2917458862381,0.37748750412787224,2,155.50385515350072,1
418.50686128318006,1032.0485354622645,0.3151521991339506,2,117.90878974395004,0
486.26787682167185,839.057502350165,0.13623143295751833,1,71.67918073178198,0
464.4802116191843,813.9719430204019,0.2298508466052482,5,72.04826900530082,0
428.16695015669575,1241.250586225271,0.2493478684770542,2,66.59116148863916,0
312.16769064315855,539.1204424049643,0.309879438956191,5,87.9817814061459,1
441.0763064591921,931.9600320203093,0.3168340488718081,1,66.56419924156904,0
257.2609742554914,714.2532812242712,0.17658262012215042,5,111.6188310746369,0
321.58176719119894,767.1480697158142,0.25819955564135605,3,30.0,0
291.7563742605076,1082.117106603133,0.2957280404615241,5,113.73089082461604,0
359.8248967263587,826.9589390724059,0.3955822322146767,2,104.63821207319008,0
627.759028000821,834.5740197624082,0.3204506539824723,1,139.1959869101674,1
125.92817688899024,968.1268343274505,0.3289056687375519,2,125.68763440938835,0
432.3512228449416,608.7618176142787,0.2583826627929361,3,71.07057751610813,1
156.4740954572418,490.1975831652484,0.3910459145203504,2,121.75043283284775,1
293.368176105268,438.7977014947416,0.29097627959594974,2,89.11763829749947,1
480.6740716360839,208.41085265599958,0.16389120898264295,2,30.0,0
357.7136022914555,1214.0517824850806,0.3903369970125191,4,100.55911789051122,0
220.67062664848328,424.1979085695792,0.3197903272539028,3,73.15113028002568,1
264.1635548888038,644.686594103557,0.20569559788715178,2,95.007753073895,0
431.5517298721611,630.7966750277699,0.20205070326007565,2,152.80074405963353,1
262.3560041939436,776.8516744522752,0.2796575545140762,2,102.86754159562554,1
375.975030749837,903.9343031348242,0.2963184795267585,1,59.393280208350134,1
355.46862078845766,915.1183720899363,0.26972922656312065,4,128.75452519656713,1
271.807958287302,554.2306403577654,0.2811308673442885,1,107.68898995477535,0
607.2732907190391,658.2195715533971,0.4199957374576381,4,55.26933598388321,0
426.07028267816133,770.644987622075,0.35715431522348856,2,38.78167813838704,1
106.98288960108715,637.8272184541132,0.2690635591265024,3,60.793185427344774,0
372.37451777233133,1101.836394004998,0.3441310580767483,5,124.27056302351028,0
270.58562422779346,822.7437379095628,0.14674760964724604,5,84.44392532249339,0
452.2920001755469,883.7194465124544,0.2897927049946809,2,97.83998816343937,0
254.89751138807594,865.7203171668532,0.430930634973311,1,48.1514615228341,1
336.2316270239721,993.3684643713312,0.2281954104607626,3,125.21266426560982,1
410.59847347765486,745.2553896759267,0.16523660713809152,4,30.0,0
453.8906233004146,375.79201301103836,0.1847911111406939,2,72.06178693763103,1
205.96443115330686,799.9219879381604,0.14103669626576115,3,109.64623506898278,1
309.8598516990862,537.1607765520428,0.17152380918722965,3,55.70789942362291,0
293.0065626606853,567.8458295625608,0.2129491901409971,4,116.4945247807655,0
271.6004920911546,846.5910046887733,0.10944329808213579,3,64.57821075069393,0
561.8545088337316,1009.570767858409,0.2515618333949603,1,52.08752925142926,1
398.59780531531464,705.3178941840154,0.34022771737866475,1,140.0268722625566,0
198.6939254797946,777.2082531497409,0.15922438198530797,1,100.38755675846518,0
460.14343364657316,1125.5537361588094,0.4019283923641769,3,113.16626273173692,1
604.658743641516,760.188294872142,0.30107920885275946,1,130.6373354593444,0
473.89583126613763,1350.4207785450988,0.35305805856240574,4,30.0,0
167.6756040855184,841.377411407886,0.1842165446147863,3,117.21739239896118,0
291.89191125604987,259.80931021104556,0.3354525227066616,5,68.36411854269785,0
502.02933790239473,888.3354052761331,0.14080660996046868,3,72.975452322913,1
265.0796641257463,795.2895962206944,0.33902475008365085,4,110.31043771829553,0
403.2583313775474,1022.4381885206865,0.26718393397935314,5,82.29357293066916,0
442.9560864115204,868.2953378174896,0.3053251219984784,3,115.8082376409782,1
238.76834341063005,665.3860040040565,0.13244053943751483,1,93.57049613693714,1
342.856957272584,393.92544092765854,0.16049301577233954,2,100.887315513942,0
80.0,647.7441856784936,0.3097228218253385,2,77.84224427946486,0
227.07348303988522,487.36988644767496,0.1551651995775799,1,57.72733487946516,0
319.6918218328208,554.8691375488193,0.2963206292099123,2,69.08888502383732,1
200.26601816421805,847.1446011051523,0.11328621935397543,2,91.40115543320195,0
545.8893564717962,1117.4761260878515,0.3348174212666668,1,159.30334374710884,0
178.3830346447241,798.6678824557453,0.1267476685231491,1,146.51672396897396,0
297.1946615963619,401.0292344912039,0.30522999376795235,3,72.1346407749212,0
365.68886927433095,811.1506670550352,0.3125630933646001,3,97.10901870663663,1
522.9527946879339,999.1578716614129,0.18032281815704249,1,84.92969591188833,1
177.69654185846727,547.5542739201544,0.3082026567084727,4,99.55933166041585,1
489.57965025859517,666.4957083317706,0.27604422633335557,2,104.06194616399716,0
351.2279673223504,703.6720486822993,0.19611581438072617,3,113.46302555144604,0
232.2189618742459,503.77542172944004,0.14914453159237917,2,30.0,0
405.4524169115925,862.0701084609648,0.05373743083274207,5,107.8274533060429,0
373.8871634688164,669.7629628480546,0.2849650047299694,1,81.03776397741736,0
277.97397474094464,804.8831109767569,0.09351972286379448,4,70.32717300189387,0
358.37625019880227,478.126955549475,0.25953441994413085,5,122.79898373567245,0
303.76236837658877,590.6354249191475,0.2236551783917751,5,146.3388545741669,1
363.62208143014976,880.5953394569428,0.31791427754381957,5,119.11511004144924,1
429.4556809425256,606.7917119770583,0.21979545005101359,1,76.85069374761169,1
540.3220179374423,1131.7409628083512,0.21705522136529087,3,57.33980224513813,0
201.4621401407781,600.0909535963494,0.32318707042882955,1,30.0,1
605.964004958752,756.1711814379714,0.28350580290841176,3,101.38805988034746,0
115.74946405729978,933.1477079682725,0.2816155957182778,5,115.26556377280528,0
331.78578859573,345.40856676674207,0.29692675898085263,5,91.43477714656893,1
420.5980647781492,259.79779700480606,0.0964427876792894,4,127.68111730932972,0
383.7190241282039,318.5859213574763,0.3256788679986982,3,48.79334174586277,0
275.27605762152876,1015.6460258567955,0.31124687940136025,5,89.0066365240733,0
325.025329957127,562.0354635268883,0.1483316871423503,2,86.23946641442384,0
290.83988784094004,1339.549821417063,0.22559195263257986,4,91.14619605103768,0
279.27622916669463,558.9381003356528,0.24606927123723688,1,135.87760820338676,1
451.9522516425229,746.1378257992592,0.23655032155982672,4,91.33052215654331,1
392.84185831580567,1085.527488141969,0.2833859966568535,2,84.68226422296146,0
266.8508485687215,1201.5232220397806,0.39313667818311837,3,62.215728206631404,0
457.95198505199005,1215.3758941590995,0.3581766727672829,1,141.50028149975108,0
386.8759425051931,1002.0915576482856,0.11877808065685938,1,44.90813220974805,0
447.5434542606752,956.0156314528656,0.3122069990306049,3,75.64501985034056,1
425.5554610308335,848.1317373002958,0.38289333195354097,4,154.28779734841225,0
250.52059868935135,894.5902690416594,0.28868085206892025,5,111.38851543250371,1
282.77827517636365,562.2035709178666,0.35909804251859667,4,94.29381719045554,0
439.6752326147914,495.45027914442323,0.45122704457007656,2,95.75922194341994,1
423.2444318520158,699.156385647262,0.3523709546106981,5,61.87677044247638,1
347.49180872430225,657.4538443687679,0.2749308595641729,4,92.60154642998664,0
364.07928599705383,586.6929876681812,0.3545088474084753,3,82.75469563514724,0
503.319787494611,874.0968618641789,0.2644887833096891,2,101.28700098092514,1
279.0114333397004,938.8263021426277,0.2523903043284956,2,42.2815515030792,0
415.65168574040456,722.1017215729619,0.21485857642862674,2,108.92482027192618,0
325.7368817079327,1069.3825202638154,0.40634133588321086,5,130.5820386210208,1
323.87825561273354,414.57772146662376,0.16815713340579985,1,87.86619062077993,0
481.8532222384628,651.5851351800704,0.40323677246781164,5,117.64844376570325,1
449.0499618785636,520.7944198492987,0.2999864123740371,4,105.8621196195602,0
447.62115632007664,233.36584573173502,0.11006938251980583,1,73.72909509418804,0
506.6574568585195,679.3298285393251,0.28676492929914216,4,57.95160097400098,1
352.5204609959311,669.5631229041791,0.05,1,62.85640289477695,0
431.8343565553957,1078.3624358105328,0.31255080168310356,5,105.25123992041503,0
312.76798920878525,857.7029211386944,0.3385231482988991,2,93.03492038051785,0
388.89996229861305,443.9532939176988,0.19076440443479464,3,139.62825576585942,0
334.3828334758779,1163.523141583547,0.26235476959555826,2,122.6804539271363,0
361.6395157991262,1005.2584238813382,0.44541574337502865,5,122.60747440945555,0
421.4188430524296,845.5244258671539,0.19942532957380632,1,104.20782805992778,0
251.8135180119833,643.3789752875421,0.14410924129433994,2,61.32303677374174,0
601.0864730822552,460.14019081913005,0.39816634024625985,5,106.3868753591247,1
229.27791422003577,606.9483059822368,0.44625871905307946,4,97.2348607759878,1
204.29736646547215,972.1871549260466,0.25036956718478476,3,55.156651400548824,0
488.97330482000814,1171.1465764836523,0.35114630354083565,2,137.34822404955491,1
444.9995232755523,1085.8108820680472,0.3841475915530881,1,133.5801281225203,1
424.8943780462586,577.7876445534315,0.1757515767461616,4,54.95477994540288,0
425.4014611117136,420.0956416777472,0.20146941646321317,5,72.6771783209215,0
348.53038725837024,735.221561727801,0.3730874513154735,3,75.75174231958331,0
242.3294754217002,257.8901586092871,0.418501427870851,1,116.34480403298653,1
359.09654698324715,780.7919285461953,0.3062880860174355,5,112.31538131588988,0
268.7405946185466,663.0993534253329,0.16201856464979458,5,96.55425244752247,0
467.01436801013017,583.4908745329394,0.44870611116994413,2,104.58500481396938,1
332.35311421974336,301.32423318330115,0.19690291021880355,2,49.93287312440633,0
250.94033638489861,828.4000266424291,0.21648622188285482,1,108.34764484754584,0
311.4336990016408,566.8247900845222,0.28423378344896216,5,91.46901185588753,0
399.5517745130749,407.520791072428,0.4054160420714774,2,71.23348861044937,0
282.35305366352304,150.0,0.33539759765522237,3,41.362280412438835,1
251.33355253202822,693.121273737341,0.29148655003619106,3,95.94364046652233,1
379.24246537902945,1143.062899167436,0.2963288530118106,5,107.49359636762334,0
379.39598853304676,1115.3148036369676,0.2543514668643466,2,35.41313694026944,0
289.1668189554644,585.725935853432,0.30581395145185064,1,95.64701247297505,1
293.47540332580127,549.4469849095549,0.05,1,99.27839131469734,0
377.84599248291636,817.193564018756,0.22033925409302016,1,75.60196598983188,0
176.2298790203211,450.40364020292714,0.2741321934916781,3,108.2943370838311,0
181.10434707481338,775.4479749548665,0.1348985916380493,2,90.3568154302938,0
263.7866934497077,891.5200695961726,0.288632331781156,2,104.91098518677273,0
324.38634179457836,1006.7333059710769,0.22955287790138784,3,113.69864265062695,0
387.30890787176054,674.9614808800118,0.425547569831549,1,113.71824171526832,0
527.0427460339463,649.0815624557586,0.40730197252148564,1,130.58871727062757,0
452.9191547842423,480.50435331085976,0.20341944308818372,5,106.8413816074603,0
330.8073764043887,493.279911490035,0.23491622884333047,4,78.30357407281127,0
347.71805505167737,643.3802770246183,0.24260524343916073,2,72.32734843363811,0
229.69647624346294,791.8413767040445,0.20483405238403773,2,57.784193649598215,0
347.7784236809132,928.3961565583123,0.26950249840281265,2,100.29128750895171,0
315.3609633295834,499.2052623299138,0.17417179311124098,4,141.24591001283832,0
388.7262272405707,1073.1721422398805,0.13693846650624736,5,82.45415879044974,0
250.73228677372123,632.2190997393578,0.31227112239002686,4,110.73628866984859,1
412.3215817089407,694.658176412891,0.31295295842218107,1,68.67019984196938,1
533.9286695603093,513.1970802130442,0.16956842403400074,1,101.81817203062221,0
336.9487821851771,150.0,0.33953554307626,2,139.0771494826054,0
398.205406651873,921.0113490902625,0.18684222708346687,3,119.01867906661799,0
432.8172790053335,884.2109742731084,0.2753165238037981,2,40.02157884012951,0
301.85354337369967,629.6681107204466,0.3320344012612456,3,114.97431856124406,0
376.89109781725,716.747679306218,0.2466387435296287,4,116.56790225777432,0
351.5110880938154,828.9848044260249,0.29547409121411344,1,101.07204406294811,1
361.7211318258598,309.36353577836434,0.19835703561124282,3,118.36327394458195,0
257.238825937344,567.7368306634263,0.2303533416571903,4,65.82742860988617,0
352.9412209110731,898.5661699054567,0.22941405691196595,1,97.21421041814301,0
409.759794949454,386.42764420768765,0.1753421653459761,3,133.85608793283356,1
524.137232935405,773.3894830416573,0.2323225836884218,2,130.69823192132287,0
465.1124991302248,360.8545488441487,0.09513817011362533,2,114.18157409020898,1
608.3818949013868,816.6074956083816,0.20088462528578954,2,64.0951671774691,1
257.91829245343405,691.0896294256291,0.2215124506630329,4,58.58376802832525,0
454.67847640648137,296.21704602362263,0.22438202475046198,2,99.0090286055174,0
372.0010406886022,991.1848386142929,0.2258502554129221,5,101.32709835540442,0
612.7763519861207,516.3521058004877,0.2438235800139871,1,91.48698797029601,1
253.00420575738184,497.43689074640474,0.2979441518086064,4,66.83252576311716,1
249.23337893830688,750.1422993077357,0.33745170741325226,2,110.29363763866378,0
278.0728825467173,987.1593373571789,0.18502347731517327,1,98.85578720430895,1
95.13251308282318,446.04454525540075,0.12967991446108557,3,105.14385107926657,0
286.90939739830867,715.4199624619929,0.1457955587756897,2,115.77018158684385,0
258.90408061355623,807.2041250826433,0.20127970788050728,1,85.42225743126956,1
368.0472543771449,873.276401815786,0.21480786821834907,5,77.89345679171971,1
391.01071709325913,744.1103888193063,0.17300039338025425,3,133.7647863158018,0
575.1405007059063,608.2430402291694,0.12038833357501055,5,68.49245297144412,1
464.05086058232604,493.1024448378201,0.20438791725258118,1,78.57890301882973,1
280.77156132051164,721.5359707615937,0.26814266201139714,5,138.19867353996156,1
242.19023943819704,431.9652470035983,0.3095029465835565,1,75.8541512146619,1
409.0303005807807,150.0,0.19425769468916787,1,91.5483824725804,1
191.57201515752294,809.1399510394169,0.2087002177856566,5,80.58105458104401,0
569.7750519025225,925.9837102715488,0.15733016911526893,1,32.58724815506709,1
491.53281448655446,150.0,0.24685608296252237,2,90.68423217983211,0
293.6989217474354,447.5673238225156,0.16515713658091852,1,59.62823827475082,1
144.4238565090947,854.7885652512995,0.30731278132412,4,103.91031514252464,0
512.4646848998495,1214.3738674279248,0.07141335080658887,1,133.6973478514389,1
336.25521856968584,705.198426918852,0.21403703275475375,4,30.0,0
498.5379574368154,517.9992646927165,0.2801107339191742,1,80.75790555999019,0
158.66868094467594,654.27588972379,0.2683834516322504,1,110.83131315377435,0
278.07499724554725,1043.7191047870463,0.5193033663980497,5,30.0,1
350.629243966182,538.5089552188662,0.2849800024567908,2,141.7692876147781,1
355.63767125176906,500.20199833743663,0.14959454031579897,2,108.29622128812193,0
295.99214342249076,579.3141194544919,0.2404535752910927,3,132.91244876761655,1
424.74199188169985,461.6678479353219,0.07237536665335481,5,75.26182479109998,1
221.88554847408867,730.6675789986989,0.24194002507032392,5,79.48377304033332,0
332.9144617974448,1106.1696146173902,0.1666943942999241,2,89.36722758203257,0
364.43547580542787,780.7698182790073,0.3415390275560162,5,169.8373166643039,1
411.7326600870499,636.911624468428,0.1950459725404465,2,141.13368761739733,0
435.39378537066676,627.047182771114,0.23832340842047534,5,99.63216948280615,1
215.0429489794557,309.2022978258357,0.18644421585955967,1,103.90406200777744,1
165.90629951172534,920.7774442867898,0.4238851351853331,2,117.22163340547266,1
503.32121862782105,680.5407007467995,0.21787572338820882,2,178.70441873470105,1
389.877681437551,654.8800216023436,0.43325570434792016,4,108.39519275699678,0
260.1816156132136,1498.2768919612154,0.33141517621182665,5,96.60857886415695,0
536.1382370627027,774.6882270914216,0.2982066727335386,5,83.14905611847543,0
363.880956115143,512.0522374762039,0.286873314731752,2,103.22203366318044,0
491.51566208765917,593.4106009486142,0.2893797298216252,1,74.45423635770769,0
358.1022177692131,987.1114272991887,0.05723274206543899,1,112.36323183269056,1
597.2897509858385,728.3176026344411,0.22211166058492435,1,44.859117957296064,1
560.6409010931845,340.43050542065833,0.33451579711843216,5,85.88247937077836,0
320.1243021825112,929.8072336438008,0.24511028165258944,4,120.71214991545678,0
466.58851411452264,532.9639786152516,0.1094810153196425,2,107.91932790180739,0
427.4451139502177,1168.3244440543863,0.24475955494225304,3,78.80813829819219,0
514.2357869038818,970.0120164286622,0.42041055162554913,4,86.87914213541765,0
234.20918473038745,588.1695260853122,0.3746891715534719,3,131.2367140342274,1
432.3261751998127,1020.2540904337782,0.24379959906339682,4,52.63594063918026,0
477.0109384219505,716.9638776318508,0.3451449277058087,1,52.83922232310344,1
138.95126162922628,913.1934187805549,0.21334929796319482,5,62.4628116737876,0
208.00897848010698,821.1832043236187,0.0796128413173281,3,94.62627475066748,1
105.29213866878794,488.4108362522816,0.15755340118704456,4,47.51416764603327,1
317.67117986665306,539.1125419206345,0.4062888768508198,5,128.35505574680934,1
436.10507069551545,957.4902043952902,0.22260069181706957,3,62.64976394004471,1
530.2828462515233,616.3061669733647,0.2256616020624982,2,102.85244452100953,1
358.891373650373,599.0878841895009,0.22001618037251194,4,74.73244146782089,1
545.433865468555,461.21935516266177,0.44041365895730067,2,92.70760217060959,1
184.38782501421304,805.8997663983653,0.41259589153620635,1,38.882893161943976,0
145.59410727738145,1215.6312298107864,0.47187802334481344,2,130.04606858234848,0
343.33427613240576,433.1167714364318,0.23409547895999488,2,61.347570057000965,0
396.0878538727169,706.0548641681895,0.2795624488747095,4,57.68241476347041,0
346.07663022870884,1053.0551388538574,0.09833574505792086,1,178.26531546907324,0
101.90694799521481,680.0896521885712,0.3976934426118275,2,114.40075588351627,1
339.3055952584654,813.0929490624335,0.1332220448732065,5,128.68457428990763,1
193.46365993941762,434.40161796328005,0.2716775563762629,3,111.06119887266647,0
430.36070585960465,807.0767743019121,0.1402697472367156,2,79.16318040047594,0
393.9917895316218,653.2139337488628,0.1911133173261304,1,49.26025498907463,1
237.21442564071737,946.4324989199657,0.16627375689502996,2,84.54128644010194,0
288.3359699195968,996.8465128911878,0.18921247393241822,3,60.76442294160532,1
222.89437737332582,1347.3909105046534,0.19608772968510213,1,62.86596896479183,0
342.4785083272194,844.908293303394,0.1951731205074923,4,39.58844348606061,1
464.6170784601486,781.4490791455416,0.33333339117803074,1,99.00665859284237,0
231.71287443973475,748.596075394334,0.13951372069374798,4,150.06942516340462,1
410.4855818621413,611.7084267973279,0.27205414270138667,1,114.53478530592571,0
286.3690857953071,784.6209608654228,0.37179591523055583,3,91.29733642519007,0
254.8552601285187,626.1496474652427,0.1986803635486604,3,93.57998445164469,0
337.1563568054531,742.1152440674035,0.1782081109252398,1,30.0,0
225.77092130967512,1029.39938390199,0.2269475374819749,2,80.16576023352182,1
283.56208335833816,448.3643586800897,0.367972520836071,3,45.06634366728813,1
206.2546528893382,984.9696402822614,0.2694107630953358,4,99.70443847657968,0
585.7670159499667,1029.2787668349663,0.19687857053924016,4,85.9008403966118,0
354.23162623660744,670.4828682522303,0.298387665118804,5,64.57434105773609,0
266.03293904088974,169.53627524785134,0.13977078501635765,4,98.91638465710096,1
375.6775892881066,548.044503226392,0.3181359510442948,5,98.61477035524301,1
336.5206340371004,1024.2486366402773,0.29086073077017677,1,148.15184138097496,0
323.48364805601324,694.2829844252794,0.2192191528861116,1,119.02461251563554,1
423.70000400521104,450.17444192627227,0.1661414201552769,1,102.59404765129055,1
440.90092520567663,573.8062696929456,0.16133190777165426,2,61.83699342220127,1
286.3398622867367,910.1550066261383,0.303481733634591,2,57.42963083123791,1
280.9018111226384,836.6833920503448,0.3728980502489062,5,115.95968026028126,1
316.99379634180275,640.2669752075765,0.18626922529712053,4,87.99757196458495,1
80.0,608.2938970463281,0.29583867035514844,4,103.72779568943126,0
168.17707253617374,602.0604627390445,0.05,1,129.23001834600458,1
514.0249120933429,469.39745387537437,0.19153822693428005,3,42.040142870036654,0
547.3961256201541,1103.8439223673604,0.24689410671290982,2,143.8962384760148,0
320.1156752532346,619.419882697165,0.15903165830181665,2,128.92836254321486,0
419.18683556669197,1004.2896302063741,0.1563493625210404,1,30.0,1
387.3500185452243,1080.3290129806128,0.18322204435311137,2,177.3582357118842,0
719.4656970146285,949.5777245369901,0.2792192728326373,1,106.24817116785097,0
484.3489893721492,592.0949218204879,0.23126709815936253,5,78.25115948519662,0
334.649889022308,800.9325225841524,0.05,4,113.16717782617239,0
235.33514712794891,693.951098402271,0.05,3,60.788387707144246,0
157.2264415690913,474.07453481746796,0.18931348221428246,4,114.1144923617743,1
374.41563630406677,781.0898204304008,0.29576865860535523,4,67.2276239582641,1
259.23791056588357,405.2400522100494,0.05,5,165.712583741471,0
179.3295548482791,996.9198471153909,0.20002698238483693,2,97.10350678672404,1
272.41125389089683,583.8456756754017,0.1973752143482579,3,117.74380682254883,1
220.2142395662726,750.2899139682098,0.38883377782084483,2,67.48772151217514,0
552.4569962087078,770.8219678865355,0.21149781882871363,4,123.57736083626753,1
455.79677083393403,635.2737565739807,0.28829889847409285,1,94.55969777742608,1
349.0432830420059,846.6734503688187,0.26412571400874635,4,45.58519020873193,0
527.5932966668031,581.2740858443689,0.05,2,86.64330480391132,0
359.2841969177142,917.824324364311,0.3268207216631737,4,162.58888741018882,1
246.64589584060838,363.50507993831286,0.2715396505456288,1,125.06419591151578,0
532.7748892723589,731.5948948866029,0.30082686396745895,5,81.73587258827273,0
414.669205242159,1184.7322497645712,0.6,2,30.0,0
225.53046148082524,449.9171688486063,0.05,4,65.8628087619279,0
327.159358629967,530.5637573687872,0.4224696649761108,2,45.77340985879385,1
244.92580959382914,828.4769624147287,0.22125524805996444,5,30.424719774827565,0
184.06403228427968,744.8954454848995,0.2787328904403009,4,122.49568955578559,0
461.141305703797,787.6575248183898,0.24544877546987579,4,97.1835588733058,1
579.1299968564157,822.2967825369159,0.20757636666019563,2,157.82879569203794,0
182.17189114170304,858.6803671404425,0.19301670717612412,2,60.082533542082984,0
417.5563084028685,977.4249604890558,0.2829508735573009,1,94.92016728343044,0
271.9228917053808,802.4546642321282,0.09828263033283208,5,46.203897688858,1
291.54495394823647,639.6855863453644,0.32505791675217655,1,74.17943235918152,0
278.9127290913357,868.1434253006828,0.2083805595114746,4,87.22615133235949,0
246.32110763842206,1174.970483723804,0.13699306609596423,2,81.88711112659233,0
355.82259535337926,666.8415634043566,0.20499871420041862,4,96.87392207154254,0
250.28598603067547,456.3676738323396,0.3757149216862573,4,129.00633471379854,0
382.4548190935807,976.7701673217432,0.19646649129837768,3,125.3246154909094,0
343.97142686610357,669.9047090116004,0.28584536182096204,3,68.07328955680453,1
321.3262343760308,156.83261349649092,0.17690437242845267,4,93.93760573477228,0
241.09236055500827,911.8554192876054,0.32579218499236196,2,122.79337312358054,1
280.7874403318001,566.1679535115193,0.3185507738790204,4,131.25077776003272,0
440.6469470990907,677.3666794239598,0.4348608833296411,3,71.85951603710465,1
410.1100625149257,782.9950826422537,0.23244360545007844,2,119.78575591800839,0
232.6933706241739,747.6249199447666,0.31686548047579066,4,106.59012782156954,1
361.9198766515071,877.3629542847599,0.25980675395389446,5,57.69038102613749,0
440.16645480461466,591.1284073575391,0.37958717818630144,5,123.00552869050073,0
149.67136626543538,828.2764495440207,0.17811676123912695,4,100.30401229513642,0
415.2032230855922,635.1133306040207,0.3245005312877281,2,34.05132877857159,1
270.48514892649837,884.7026202218758,0.23053027038833182,4,84.71512537510208,0
418.4718402311791,853.8418710032633,0.2435811822891502,4,96.39501395547404,0
258.408901214898,466.1403244888512,0.2591752484448373,3,73.79614324138421,1
133.4141479202577,971.4955290437581,0.27522403964266773,5,137.98799489244837,0
154.6949074540205,566.009138721488,0.23837709568780419,3,139.2563971737337,1
355.7701935993658,902.0144495702863,0.2714713183170526,3,81.61284443805043,1
381.16670020657784,791.8218283503352,0.40781180575621845,4,77.77210675261902,1
241.482004987471,1159.5459191987807,0.34854496856152184,3,90.40678643207376,0
426.63109505328487,644.133504407037,0.3369154592496897,5,87.99718019676618,0
150.6175925277248,612.6708009704506,0.20444604739761293,3,74.2624337169327,0
342.070424162322,695.1450985280668,0.16107591717716757,5,30.0,1
204.6780560285052,624.2050542914311,0.3455300558237753,3,156.4184156459865,0
271.77966706374093,899.9854754855126,0.33760467925297943,5,95.01462873223498,0
355.6878405579697,295.922347890853,0.3972670675750982,3,88.75914608248232,1
246.7503961659257,436.5793952134115,0.18960193740307704,3,106.38091955181828,0
303.85333469242096,433.04926960520174,0.2270451344639653,2,92.19797880130685,1
470.75513710573284,937.5768979933939,0.08605158374745658,5,79.93894543740927,1
280.77297565722216,1127.6533431454814,0.2107528893939127,5,59.80239047628177,1
450.283053447817,673.8876953656321,0.34965705105794476,5,30.648552822650643,1
214.43517744108584,657.7945692024973,0.20335046207718022,1,47.596737451596226,0
413.57650134983396,717.5130407782954,0.3140479795200824,3,55.91640766514485,0
522.988234478948,990.4695756520476,0.23094968940021887,5,117.78227553143391,1
80.0,468.1617164523565,0.28240570282215605,1,120.3618101367538,0
254.37256934354278,759.5922456836963,0.13523086101843326,2,64.13703134366301,0
419.2486552616648,943.7994074456075,0.2585209449633901,5,30.0,1
325.6345536748409,825.2735424849614,0.05,5,95.31922518256567,0
394.53750480455705,747.3954041496859,0.2313103841838015,1,80.24602245192385,1
277.52177759410154,950.2615231417853,0.08695267562848596,3,79.38081296549541,1
360.390774496748,150.0,0.3705994516546816,2,128.45781165175276,1
331.31873175295044,869.4688298827269,0.32774073527645115,5,99.85284189154983,1
490.1338473991769,536.481079218144,0.2966670981966081,3,60.82671230179722,1
380.53050119614556,242.34177578588577,0.40210062271593805,2,52.775543811433266,1
390.5123194490243,827.8006498812451,0.15510834791751626,4,85.80860250552652,0
300.5747640653039,1043.4146362907395,0.4247363197915558,4,63.27555332336253,0
291.4872531113008,665.637871343077,0.3432191564260385,2,92.46608315903339,1
298.0930174616455,938.2186368007347,0.2263444712781054,1,130.9149715540688,1
397.3342570853956,1103.0695644971613,0.3635620147182944,2,46.707615594019245,0
299.4818623015684,1028.728613396012,0.1393706487588366,2,98.0722802183139,0
384.77298282756954,1109.9911323428482,0.16754858384723265,1,127.02674939342864,0
599.0480958374526,885.531872767973,0.18914102767602997,1,91.98344324636619,0
454.5349644118031,718.8584097253982,0.1971022291935985,3,120.25533132911787,1
310.87717613985905,299.50854702570786,0.1443442357239747,3,84.94546277595882,1
494.1456706596734,638.4843779675128,0.3723083067095325,1,100.97898277982729,0
301.0309552374138,489.18835117095205,0.22411455996301682,4,110.42747263197617,1
105.42505577865754,1242.7356793744534,0.28525049683568793,4,74.97991466079029,0
229.0296426899115,656.0285468919159,0.19296486335863194,2,164.67366060164997,1
125.50496947689732,730.8012016961214,0.06793966994514827,5,115.21530631161725,0
307.81838191504295,837.8713440101169,0.27700573583914223,2,140.60449245509224,1
352.2102055027462,710.9006115931135,0.05877450245802229,2,132.4858381226269,0
551.172477473034,1123.7627601076883,0.24313659539145313,5,106.45512442491939,0
389.2312848516995,544.337659566387,0.11316849611671895,1,143.50262978259326,0
323.7079365429363,748.6518638093107,0.4487275999230808,4,101.57701489171711,0
449.5286697420187,514.382353575488,0.34113627221747217,2,69.4578650888973,0
84.6637629190538,369.99437219482354,0.26057537912714807,5,95.51867310470371,0
378.2737469730279,547.0577272736787,0.3763706677654669,3,59.7841580654704,0
442.50382326643603,690.740800737897,0.16536840225342642,2,30.0,1
172.569650506419,592.674443870685,0.3043479378670093,4,65.16102149293411,1
487.2504851848315,526.894755031536,0.26998104337187134,1,97.55085365398061,1
390.6195688993297,348.42063408204154,0.276402008133367,2,132.16736749208283,1
300.16545033190386,679.2236068428263,0.37723535001067676,2,65.0568278398276,0
425.9338239327542,323.81990649224946,0.32324921027798026,5,130.3556858734504,0
622.4831429365274,890.0139909224006,0.27887236628250234,3,52.626095496759305,0
371.8239506070194,720.6099382336258,0.08451125637717039,3,62.81671368511924,1
379.78647035604035,335.61212513376734,0.15399537047205364,1,145.7204811188758,1
294.8766920551707,622.6977307375341,0.2377291066404276,4,96.66673569868735,0
248.018675664225,511.9608986023542,0.2593372374276651,1,88.92323191503748,0
449.6402979853095,779.7936276047951,0.13697962753260762,2,103.23479964677394,0
247.2699408909359,1035.1126115057862,0.49116766755784214,2,52.7758862248684,1
358.5879484663271,231.20688258856387,0.40163940552535726,3,83.42031549991621,0
292.681106388186,728.7565197868543,0.31021183203924835,4,95.09314053442931,0
407.47757908956703,659.96680110834,0.25720368612837446,5,138.09833276628012,0
390.0394526344338,867.8350191126165,0.22877910300988483,4,36.53540012445096,1
474.5047933109479,753.2991570594223,0.15480815399777642,2,156.70466103815198,1
288.79803213743037,512.0076670652952,0.25774805185188626,5,90.63732915862349,0
317.61500776479545,620.2365160833455,0.27577525401427505,4,56.13053128615468,1
232.5483541061231,500.99353579912776,0.12582394245183756,4,49.792784935296304,0
296.6848087908666,969.0017846496496,0.28341764172448974,5,104.56022609514721,1
395.27605916538226,705.3279121679856,0.23447409511752512,2,47.8476681976016,1
440.83863399744223,1175.2976714382519,0.05921924421226088,4,75.39567592174154,0
239.34016109868494,684.8347965463448,0.1639614989220498,5,86.25339286927706,0
454.35271041267924,522.8983082723843,0.20863944665783557,2,135.0286508791689,1
512.6765430565941,321.5714018467932,0.438768765734019,5,130.64587107423907,0
399.6121883868441,249.21508093601375,0.30565531245337585,5,72.49526634583643,1
575.215497506968,303.9660142486276,0.11645184309001086,4,87.55608904226773,1
257.14529610757126,766.7816627528708,0.29860362894176373,2,39.161528493848905,1
200.64143560262997,827.1812558074835,0.09526960110616345,4,30.0,0
136.55357013148657,304.70232449196664,0.3582691053887073,1,51.98316433425831,0
529.525317378702,923.7595785190289,0.20288753481821215,1,134.30840764640337,1
428.5238787624869,579.2347370791401,0.2406363811260829,2,122.3028252777511,0
343.32983949074537,736.6982529963873,0.382579664754219,5,108.42026919088148,1
383.5962351583784,1103.055157063856,0.121283643141575,4,43.98314296827981,1
214.94131432419482,924.2098289663829,0.11028818148870087,4,70.0919147913099,0
643.4902375540191,632.867338023542,0.1916400673653995,2,64.97626401374825,1
365.50654183702727,477.20194364617817,0.35383788510193165,2,89.19005702828032,0
363.12737535258714,162.04614966767372,0.09806539245231574,1,86.98312551787595,0
437.091994867843,520.2116701893949,0.05,3,59.931510015646,1
407.7211078084056,647.2174402930764,0.20488411415910013,2,107.22258827644902,1
376.86608291349575,453.205118212204,0.30517407999109203,3,103.01312330714836,0
255.14306534656257,667.1857582269238,0.3700261749738829,2,69.49119153174686,1
406.57620285631947,719.2129707396921,0.20368386379146008,5,105.6497437071386,0
575.842939577004,643.7860045479804,0.20885733928839975,5,134.34998789156822,0
511.45040553859735,537.4993547941351,0.3653900734255747,1,144.9821271993136,0
541.1823951967276,742.1636679916819,0.06302583003045792,1,112.17317548134507,1
288.65411882825777,810.4851623923523,0.21114792248169906,3,111.14437801932746,0
231.2474215689703,427.4002306392885,0.26904238899250577,2,86.5951380091491,0
334.9055695880422,1052.7330949365676,0.2949218721285034,4,131.03995134373056,0
356.6869894746433,675.3529669289346,0.19901933068091174,1,57.53769920310745,1
481.3029822165138,704.712405736212,0.25344410117058414,4,126.98475501928577,0
146.90424443422168,877.0536058141392,0.05,4,84.9338343036719,0
533.5460383352736,758.3040328158754,0.18417515876661517,2,147.18278895206055,0
331.03905217052124,938.2841584783113,0.29535087125544673,3,115.5872242464026,0
298.7742716063096,771.7810413004561,0.15177059657453204,2,92.62468191244149,1
228.5474749687799,546.8906563398905,0.25589842215895975,1,86.72293228835044,0
151.41719937610767,790.3758813015254,0.2946872500802698,4,113.39644990569529,1
448.7804700754298,414.06844816983454,0.2157450799142235,2,111.69935216901193,0
358.7981560626085,727.1399264441308,0.26704637709965706,2,81.05799484248153,1
195.20469203107353,691.6925023388848,0.15372674347153875,2,98.21425153939212,0
194.59054735236606,647.9707856818651,0.22933887203039532,1,126.37365305720107,0
309.7058360851846,667.8656221402673,0.3110216169589223,3,47.28253097419125,0
550.2825830347272,229.53773862559024,0.26569729609684345,2,120.40573771937997,1
318.8490378363674,562.8187730647596,0.19134687304360645,1,113.24251024257738,1
169.62284562582727,723.2112252852787,0.2724216404290793,4,136.53266164465217,0
320.5108323096867,739.9640979993501,0.3214609790636618,5,69.95212045438667,1
317.27317163027953,443.08121476851045,0.05,1,95.20006301325118,0
80.0,1016.4269602161752,0.3659074064955898,5,102.17739316017135,0
343.48461601786255,483.4562879463748,0.21637452613189279,2,120.85787810200824,0
322.28785637495866,942.3643001316842,0.292548993324023,2,110.01909252063501,1
433.5447637776102,806.7985904679213,0.36972469236452277,1,51.61557154157039,1
571.8747313934414,538.4431725390492,0.1128326302769534,5,105.18654115015761,0
485.1878035457309,1143.827723152378,0.17905589975724534,2,165.14800709946428,0
317.7333571334203,401.59079206088,0.2211451304124295,4,116.41151515864603,0
217.21689095099956,929.7885434025004,0.17162464788755716,3,152.331643058781,0
658.8031763899833,950.1455795107446,0.42349365758368085,3,131.50714820531843,0
357.1062120817386,532.3449477308388,0.16432279061732072,2,142.68406774034432,0
351.6715150295535,1048.116325016082,0.19444532205131335,5,105.84890313446468,0
347.10498954679963,637.4883713502618,0.2704389031602977,2,113.26457883642409,0
373.7701712921426,772.1734073199642,0.1297850473923911,5,103.94312148244812,0
332.6767505691269,765.0804596928052,0.21043192882437362,4,95.1519302767333,0
281.16055917437166,666.422814632363,0.2817453261250175,5,120.97682430241866,0
284.37692705115296,902.7020682899455,0.21671395956174888,2,76.76493213474797,1
346.0696075740802,898.3721801380532,0.24066131411000516,4,160.98838106051215,0
284.7890274639482,262.8670066904548,0.19706678875516292,1,62.51954613091042,0
264.45850607874024,1026.0850607195382,0.09855296908192329,3,123.39858419710055,0
362.77162732302764,284.37700299108144,0.28215932113392383,2,143.25349960562562,0
319.4027339094974,958.1365510854143,0.42549330716472417,2,88.8182386113859,0
530.4791586299226,981.6762842068958,0.25184016307834384,2,56.045794110164266,0
80.0,427.25839244620045,0.27252641172475495,4,135.44353562488243,0
480.9808222306954,597.2964280113538,0.31927227551168597,1,102.11883585175893,1
499.5302230997155,423.57383287851604,0.12306695034533008,5,123.466062541061,0
101.19317211102208,646.2697424278161,0.4202514658129606,1,91.16908904069389,0
308.87748871035814,622.9914289535647,0.2702328796422802,4,155.6173638812839,1
305.427096080505,894.915133067335,0.4131856899089109,2,30.0,0
181.09859663386146,1027.577186529902,0.17669670044760105,3,108.16621429493071,1
256.661997489095,1048.9209526974892,0.4318061922557825,2,141.96123193130592,0
216.73089854410054,559.4579933554245,0.3275155494034783,5,98.68686656902887,1
560.2724532108348,647.694531563868,0.3053040085852359,3,105.5825542555919,0
462.2814071776953,279.14045194476245,0.2734024454353148,2,79.80958656015471,0
502.58661139929904,498.5324833759528,0.22514713819255505,3,95.72409777533161,1
436.6006476851882,941.2129082743644,0.37005316584738723,1,36.48501854022932,0
214.51378745393248,1103.8957058870578,0.2640359869848047,4,69.85490335831079,0
287.05756804642715,391.4127820300195,0.05329302964128477,2,67.46357055142201,1
408.72494734735017,551.8839352117765,0.13828135382929974,5,118.41933968602544,0
203.34466293296654,693.3985607602682,0.23141542478072527,1,75.00205842492929,0
435.55981162068656,770.0402897049017,0.28099989831655553,2,76.01335575210629,1
321.1609522210238,497.59912001958844,0.24434115111001042,1,81.77268239002011,0
305.0215030940483,806.0152611160224,0.3718970789793663,5,68.79743541196389,1
435.315196184419,581.540163232271,0.05488981359613751,2,104.41577942415941,1
403.3115973783248,696.3869322804302,0.264358793650516,5,108.21710143015183,0
306.68406010171043,836.5710620009249,0.06820207746128451,3,123.87565029026158,0
489.11957640370974,701.6055674527345,0.32597122954841684,5,117.84625288007798,0
220.2724006880123,590.9035273683578,0.24055412855579972,3,114.34652107446452,0
423.91227283331165,672.5975490185423,0.2919609972024118,2,83.48610831008948,1
421.17215095620605,677.9092601986662,0.16361170394102337,3,81.24136873817424,0
312.8544272823212,607.497242529468,0.3779464931657751,2,64.50761491780403,0
389.13596266905415,635.3009843332244,0.3541724664058851,2,63.87647088870645,1
199.86637083376365,1099.6617926261792,0.30835443030118875,4,101.79914933877411,1
460.8832423048281,840.2298619853096,0.2370482753136559,2,69.82043857269717,0
327.8117436268413,626.12992049271,0.3079857285295132,3,146.39134466745855,0
287.27323753771526,874.238601127684,0.1793107432012651,4,93.68747119239274,1
475.88110710042673,616.5451275609976,0.3355555659020712,4,147.54865375058392,1
265.4787571348689,993.2811593966603,0.41494808943239214,2,115.01184690999085,0
180.98464443637283,792.4105480495235,0.3570610559979186,5,67.7967247934901,0
163.20449917713154,673.1744639989428,0.17703975301925906,5,92.82838339963638,0
422.7211941614768,811.9292314525694,0.2861417317273103,4,36.42916806087993,0
196.34847770044604,307.28096198287517,0.12068584562413523,2,101.66488742728498,0
560.5753018381238,418.3081327725487,0.30723903111756756,5,70.9981057254139,1
100.16847105395334,401.5187484002361,0.2950603412862539,2,56.02896971246586,1
553.5747641948046,735.7357736909266,0.06301836604678357,2,148.27513654918164,1
375.3220960643142,1133.128749871273,0.1338216156087636,4,131.07057093445007,0
338.3944265755529,1257.825036548158,0.2216861103256233,4,130.1063642566862,1
284.60970958292603,859.5127753601893,0.21991402528591736,1,122.37389468278305,1
397.8963337222485,825.2111187361143,0.12905230645811946,5,51.778883455597594,0
345.4838357090182,249.73556646181527,0.2888978729352184,5,80.98321775176069,0
482.3962258419826,564.3315500664946,0.27514736089405123,5,83.11737254855396,0
363.7073178394448,503.0540620229403,0.23057308680214805,3,35.1592024065374,1
368.0362113754253,544.788100437221,0.17442084998416368,2,75.50496168046038,0
306.3665345343373,657.9640453538026,0.35487071264165637,4,75.88657085340347,1
343.1665251534719,581.9773555757182,0.4155407113088295,5,99.40996316232368,0
386.9362122670471,205.17504740605307,0.2016438516153463,1,183.63356600834203,1
144.77979288120494,886.9775640293834,0.18878330828451792,5,94.26863031883414,0
188.21774934731445,431.8142435650484,0.2991207665411996,2,99.42800590993835,1
439.1916912827258,759.8117160277874,0.21419706202530137,2,86.24264045325504,0
370.503852575353,1218.5206674374933,0.2360602799336766,4,120.81995080188105,1
327.9219996376785,470.1538521033941,0.3239653151724671,3,57.4128976973978,0
352.2120719678472,150.0,0.05906439124927071,4,161.36131233038788,0
391.7098046434005,628.4989445299723,0.38183023248526693,5,90.65442773866133,0
285.2288383628766,975.2399087496428,0.25726805243293416,1,81.16835584391275,0
256.6034329517225,1189.5868635551485,0.20885068554378197,4,128.95129757823298,0
373.5014306117218,392.6126013868958,0.2410765845778551,3,63.81770927843013,0
232.59526668619617,824.1748058091305,0.24624293550205187,4,120.17378440693668,1
398.99033068573664,583.6723858049867,0.07687986965550744,2,144.18095194583762,0
145.68996749145916,673.5129114239661,0.39949382274532363,5,86.55300296589468,1
473.49867647907723,1361.0858367542587,0.25413256322706185,5,166.8494564577955,0
406.71169788956513,324.2574179012117,0.2943002130447375,5,117.55020341914388,0
380.7235681176651,763.4349153736433,0.3451549770574043,5,117.98429908825503,1
467.9229180734617,816.9232929413583,0.14788375424397,5,142.80528673150963,0
549.8569333355092,971.4465812348368,0.2973471899035228,5,152.07572341227308,1
471.7244078021756,724.4957883677239,0.22323589091012064,1,104.1643645242233,0
129.09509224020258,777.0126348760256,0.3346770775216494,3,122.89169044819282,0
196.4507639917158,602.0878581445522,0.05,5,143.87195226063247,1
275.02177067651854,767.2817353112769,0.2400905699758731,3,54.3366123273497,1
353.1309260253,614.2019311256474,0.18971793442160384,5,34.46741601285733,0
412.1190824562948,855.3929724640127,0.2932262950634156,4,92.98561278579332,0
262.91074242158413,607.5974159890915,0.2970044187368202,5,33.627802490321706,1
372.4120117372494,794.2750984755467,0.1792374105177974,2,84.01017162922167,0
259.3540481176013,692.6842965787554,0.17878261358239564,1,106.0030736969698,1
276.6178636409662,981.512562693042,0.23893346314426706,4,85.35264318807057,0
181.20066837821332,687.1515691028784,0.1603357772684792,4,90.04424331637082,0
239.21201046669148,256.7418829482796,0.3341983695452127,2,59.94167202326762,1
187.79784732603997,1015.480375178498,0.21307927995525539,5,122.58502403898305,0
232.8952096427201,473.56692478434525,0.05,1,57.77878215071811,0
476.4370155929407,536.558415337795,0.2125177943378194,4,30.0,1
236.07213334016683,551.084676489127,0.14614561791560277,1,87.7431429613373,0
665.8858477804869,1043.6095232927044,0.08687241845390545,4,127.02569737219847,0
409.1981481057067,166.08144650532608,0.12625733617774276,5,97.79407771590418,0
372.18033484338486,1484.4371334149985,0.260940847183297,4,54.23210447219178,0
246.99706637825437,964.0142022665129,0.3828640828248231,4,98.56828385922176,0
434.03718552907895,755.8097285322899,0.281318447386498,3,110.34062966689224,0
280.9234608514671,686.2764998459284,0.18934966117842603,5,98.16108420316242,0
364.64117775744336,771.3885187144142,0.29559041951707027,2,85.73955135889948,0
657.2101445922553,830.2806070948345,0.2040909689781008,2,112.0113538574962,1
338.47281203304203,861.3038964875143,0.18053996308368553,5,34.155058401294916,0
487.91279915428106,838.9011165008621,0.13456373317670156,2,63.71156132330968,0
265.6188289848935,722.3951703138122,0.07481711932482807,5,49.31771657681414,1
345.8013811403646,650.6653949231685,0.21100762934405548,2,142.19352301958548,0
562.4960762762612,662.1816790866221,0.2658053489920132,3,119.92111023459356,1
274.76395306546794,651.2729299118298,0.24033763299851102,2,101.47937620099061,0
567.4938269596314,983.4425242167661,0.20840330720526412,4,44.228242132651715,1
434.9302322546571,848.3891805702154,0.1554253939303219,5,121.04517261318416,1
282.50398689268786,150.0,0.31082461916849685,1,143.52890472471358,0
425.8889286866625,863.9751941324403,0.1182868080053415,1,115.00231577622468,0
466.7065339552076,748.6840486796937,0.32760279138434756,5,93.7687904223755,0
424.61719546606355,695.3228108885256,0.1497782981073275,3,117.11013111477153,0
161.57303361314524,602.8703867277785,0.17475647626469648,2,104.55206399884412,0
262.74353890101577,981.0281799965034,0.1033214809384323,3,127.41266817739086,1
320.2977637338194,936.8816155307145,0.19985978531143633,1,126.62899746275336,0
341.06798850799447,506.78058304409774,0.3475312458477979,5,87.26270621863857,0
424.48065170608135,801.7630717811338,0.3015628088443957,5,71.87755159905615,1
371.32412011199045,457.0858163646785,0.3478422112028035,3,81.00619707598378,0
189.75867695478786,355.0954588027674,0.30221425459339357,3,113.7547617251727,1
395.6237421207156,543.3206938525087,0.13963301714696308,2,83.11961218707671,1
423.2702894340588,915.5983680956897,0.21692107756724427,4,68.73146336461618,0
417.17485375172475,938.2812613440217,0.17198008708825374,4,94.96663200613777,0
479.6936870665546,828.2713550243233,0.383057490403904,2,133.76099257341332,0
450.07065854586847,881.2739467119993,0.13032113535736883,4,99.72878234969222,1
405.1016095074124,829.0445717787396,0.3393697689389111,1,85.33237013998504,0
341.58011462496233,539.6296011942619,0.3392953870108769,4,106.21511275313678,1
150.68468797808103,807.9806361684851,0.43296202017160873,2,97.94137231674537,1
401.5541862959103,900.1023813069205,0.20903134073705026,4,30.0,0
374.9225224595733,888.5728324533936,0.3212322159580162,5,119.38657000567056,1
382.5894604634448,997.2283428686608,0.4781651836538843,3,109.26104539814882,0
196.79017090156287,877.075961800266,0.18823583230663032,1,95.5660129631011,1
220.27321515100851,787.8620518853958,0.09649597524676401,5,132.18248452530221,0
476.37834239994845,967.5375595791069,0.06199899660922362,5,137.45497774875693,0
345.2533815372014,693.369685187735,0.32127120288613314,2,122.9569031515743,0
431.7800836847149,479.53133719307056,0.06168497919414162,3,65.23947143875631,1
353.39820513565536,659.2332590140591,0.21276809470620772,3,66.4501111280564,0
353.5707367394894,513.7743387983877,0.29373131870389607,1,134.10674390006943,0
462.5940567171197,531.2054312564046,0.2685175536829914,2,30.0,0
288.0746326139151,663.8703323211205,0.29254448641841724,1,89.79033696932602,0
361.534493232918,501.8950197500097,0.2722289855800854,4,110.39390324608789,1
294.5269653553949,623.0096175902399,0.37788658133133934,5,33.73572925933734,1
297.8604527081221,226.59633326155358,0.1547683619261203,1,103.20201335976047,0
312.8993451837633,753.3234268432346,0.18230048615414685,5,128.40501768050834,0
376.6560525960455,700.301368840556,0.1727340554729176,2,43.00483754637835,0
292.55016540038275,495.72784223295236,0.333019181186261,4,153.03595723429555,0
500.6907350688225,864.8114171081013,0.3400398588395064,2,59.65594733653815,0
242.64712373365953,934.3925344066396,0.29512253193185084,4,115.11576862669605,0
327.5754027006369,298.1100339077565,0.36834936668899276,4,92.07412500744785,0
297.232273007099,509.3188053584464,0.1321959132623619,5,97.4330468295158,0
523.637346122448,507.7144125531754,0.4167224111551137,2,50.07767025140452,1
373.586573181389,465.02422472278386,0.40232386217122584,2,139.11655368235705,0
473.8213447362362,907.3687104829371,0.3235621997245747,1,106.40592121725817,0
171.73275523556336,651.5434653067991,0.428179890877106,2,151.72940619161045,1
382.04603190431106,633.8712896723473,0.0843376792322226,1,50.99039727973406,1
456.75569547481246,199.03440889831165,0.19755518637373481,3,88.65678781424572,0
359.8740787130509,858.8545075523066,0.17646965393180475,3,102.33352338957725,0
477.85764500784217,390.1854012866319,0.32214793237573436,3,97.11341015532237,1
287.92538598795534,714.983157566582,0.14498592603978544,2,118.33748706353471,0
519.1216928222696,769.344234489548,0.32574951493374854,2,88.21285103266435,0
625.86777483431,1040.1646489596628,0.38705361439967134,1,169.270911620524,0
306.45937274724093,372.79490022022196,0.31952029000839993,4,96.39448127658629,0
296.53969743190737,150.0,0.2783751023661501,1,30.0,0
524.4061372541241,745.9623861884237,0.15121266590992508,3,97.94703529187802,1
539.5486574876854,1150.1277953777135,0.16531490338746352,1,139.1512394703164,0
287.2567967416078,1009.7365882348593,0.37496189052966666,4,62.684286435231314,0
299.57758194849714,752.4148538186564,0.32793490039053325,2,60.46356837900672,0
316.18584693673915,577.0909535919882,0.24609804806224558,1,65.58636027811434,0
188.66593867588676,901.7806491593276,0.20820904542341095,3,57.32331165080048,1
239.7617664218962,456.61345007388286,0.05,3,78.22094002029021,0
229.50310798975187,819.0894423390548,0.14291475813155613,2,126.82540292222271,1
257.8642921875046,826.3675397916567,0.44114190871397235,1,148.42164549444428,0
345.83781351358624,965.05247687472,0.12195444289975332,4,30.0,0
378.1057679043825,1389.9150097277693,0.2689479821221081,2,81.754087124789,1
536.0600591376892,798.1039917946918,0.35074439731951984,1,105.59442980318565,0
230.19751511134507,572.7590935731253,0.12450773319977074,5,102.09374271848168,0
468.11868781719005,693.6064219520014,0.26847104747810835,3,161.4978883318011,1
324.3213386929389,257.73102377772045,0.3437915537510655,4,30.0,0
344.06435484170805,526.3217172277355,0.25124993219072506,4,30.0,1
430.97833905999244,597.679390471724,0.5368403055666768,4,167.17743834133896,1
215.27335741252418,568.9779005163518,0.08314007411218047,3,121.37017926365678,0
395.88916954208605,738.0887180084305,0.3558728529883879,1,75.00199445664815,0
369.9742649855667,494.39501690444985,0.23271982626035356,2,101.00595705737842,0
409.0941516809779,980.2576668311178,0.3271920154836675,1,103.51261678963732,0
384.70023726893817,700.0517662295492,0.2941307151699246,2,74.15677233824073,1
644.6360167893073,697.6749197153464,0.17668438028900035,4,99.9622429742002,1
273.47120188984206,618.0263208717705,0.272899639245934,1,107.41846811310418,0
286.2803653997819,738.7976709647448,0.06420985486017128,4,165.5435591476989,0
275.22313682902825,906.2745661669087,0.3103247500571394,5,128.72079277999393,0
283.34274570076946,483.2174460722749,0.27981584659905256,4,155.87630990847262,0
273.5135447232179,535.4708777311859,0.31386601686431026,4,47.9749980714487,1
492.68198373290625,624.0684928058338,0.355811832508715,2,82.84809591337498,0
520.4605097587826,363.5322691316963,0.2867619840209711,5,103.47864443760689,1
281.51044475006285,495.18553506962553,0.26480894197982763,4,30.0,1
250.11733122749257,580.9447816138353,0.16189316633387077,4,136.36507683382482,1
406.5698667663685,918.5972951781819,0.1787779236350949,5,117.47734203089418,0
283.7332346862835,765.6403322504813,0.3686734620177331,5,82.14945180161476,1
425.9518181306613,748.397477841886,0.39363354057059785,1,88.58329797747253,0
374.350762502156,912.7244905419931,0.2261889563687946,2,138.88534110883117,1
168.11070620033217,665.6570529001508,0.2546002747253274,5,67.15967183270621,0
535.7006241596074,797.6162124822224,0.15953856250062337,5,140.29648723818005,0
565.5053207714626,674.194561766876,0.3672756845267445,3,86.17864421947992,0
276.46535714187365,766.3405873499071,0.3165416823691779,5,121.45986184719209,0
303.4758128076819,554.3103355971045,0.4441217436463749,2,98.03674719526455,0
384.3038468869886,150.0,0.1621676922820261,4,173.1617846327915,1
390.134814798443,666.4302094534239,0.21219921009817827,4,63.941266346236596,0
429.02531272073963,1055.687034024985,0.2731445922525572,4,74.93510820980731,0
591.224544651962,931.5538505603981,0.31464895377257707,4,42.28560828089091,0
328.7663327007141,941.3493711477927,0.22843323624523676,3,56.61349915397376,0
254.20433065538555,1009.0326804515545,0.16270389095462995,5,119.95948376930806,0
184.48169263825673,722.1643977403594,0.3381407528923571,4,151.00572736027715,0
262.2883952069697,749.3289268513989,0.3221135362545582,1,123.92683046260969,0
346.02476325514436,545.5870261414125,0.15837258994362752,4,94.81129750955968,0
565.3469436221345,620.9817859932375,0.3855442801105496,5,63.72349244203812,1
287.8866441156594,853.9427874427854,0.3670198709196604,4,126.44465350695026,0
376.85455419666783,1000.9711092922041,0.2634296497247793,3,61.798933318495685,1
348.02925247126973,665.1384310797501,0.2579597862376036,2,47.78668929929842,0
492.6071928137701,587.4526837871471,0.3054057771115907,2,84.20357333765334,0
653.2318911048346,700.1319897141493,0.16382969297437416,5,30.0,0
286.29574724956154,850.3016872322787,0.2530031479164082,2,46.65152939067129,0
291.26726689781333,339.03629596661455,0.05,2,161.00966175589872,1
475.29930524828865,150.0,0.33764556455029354,1,40.16170514395592,1
431.82697875515737,562.365787627104,0.09385067775581404,5,53.414806663396604,0
571.604879088324,394.82189352146037,0.4003419828428999,5,97.51415176973325,0
420.0713822391157,572.9649505881723,0.21698799060335497,2,99.33663580105053,0
306.88494910555283,663.0549202956321,0.2288333018068823,2,86.78814959174011,0
420.87857968307713,586.6878977442467,0.18722660939154945,2,30.0,0
483.04442966994895,1063.1168836176864,0.22119611260779237,3,124.69712646732265,1
448.4578617436837,781.68619115058,0.39185313451480364,4,79.49313100847012,1
410.8728837328757,775.1185899027071,0.05,3,137.71573327612154,1
478.0009627506985,855.5517860108505,0.3776965386088188,5,72.43138324649034,1
490.31547085348075,415.29172055480774,0.2838023481101708,1,129.38730186992018,1
515.8590789245033,959.7779468550672,0.12929783521427846,4,140.36292071778024,0
427.8451865107571,681.058928366135,0.1424687606950762,1,78.6570203486163,0
329.94583036197747,867.6201543103032,0.4176393027208203,5,125.81575679369764,0
367.6056423719987,432.0356917399611,0.15544931200572687,5,48.5009362659261,1
494.7810759810028,311.5603084959839,0.13466494894040404,1,104.22913204743227,1
251.96771948153167,904.4724145062571,0.3637314542364729,1,137.77796979241938,1
394.24079706474816,794.1023815243791,0.2838552876285914,1,113.14724960874433,1
302.7993425207167,474.4871114106224,0.1562074423463601,5,179.2178372998634,1
353.4493787521781,482.5842296813264,0.2716624975404619,2,115.10252973019045,1
503.4142235128759,981.3586961036924,0.14742473163597225,1,82.21550615873747,0
372.9318881623884,402.64702678316803,0.3600821398422605,4,194.43102375505242,1
355.57238577873784,1110.668238313991,0.35613709648731334,5,152.17953560716427,0
186.81726308240968,474.84481633803284,0.3032006198821943,3,38.898235337056114,0
439.5504279232665,859.5979814020957,0.28616610612470167,3,67.554273827509,1
427.45810173692905,617.8453810627539,0.4261188124867374,4,58.66446625355368,1
609.5905667966553,850.7968577705858,0.24996863273882253,2,117.59703615781694,0
313.0666118056399,563.9714994714518,0.13181258745791988,1,114.9905312885876,0
376.2980393196727,659.3017734819265,0.29494739128323066,5,114.72081763384247,1
379.9260420452906,710.2297938489303,0.4586047049537114,1,37.95316891753672,0
539.2943935716169,449.45313605463184,0.14852405068141478,5,72.66679586882327,1
338.56453611356574,885.2060863550314,0.21385372333060143,3,89.77501608467244,0
383.4825830924407,571.6966083821037,0.2916446038101453,1,31.232780773774728,0
422.94758116598473,642.8500211649954,0.24460951509942608,4,64.48602817047382,0
372.393094778763,451.4126563478719,0.15176964196226855,2,142.47517985580063,0
296.42796625393663,150.0,0.3621857856230471,4,40.60734007106441,0
373.2907991477969,652.2430593499578,0.4820040722017259,2,145.93411728014684,1
478.8358099831727,1303.153855403229,0.2696131459023907,1,133.19021823874257,0
226.81816407067276,896.151071974506,0.15959317102639997,1,84.82419730684316,0
365.95636089762513,695.1849050664014,0.09510394749465248,2,72.28944502213103,0
265.9855022072992,634.277292697933,0.27579759812211807,3,124.11396677508552,0
493.4055954709811,705.6164732030117,0.36038773433162574,5,67.42909436865293,1
167.21757142594703,836.7797787938025,0.2975167746495382,4,69.17007175188567,0
282.9293783274094,404.7967961727888,0.24975961590811463,4,94.16460585983451,1
395.2654250077425,978.580423667218,0.19107283482106938,4,30.0,0
537.8628835081208,878.845328860311,0.14078363672819103,1,44.25085405594028,0
342.10996867124146,879.5464314269836,0.33347513263248824,4,83.9518562849481,0
283.3760567968162,809.6189347024318,0.34137716213855857,5,111.64936112744098,0
575.7388483328708,704.9041644234975,0.09542702133092668,5,66.94491216724624,1
176.2383319500507,868.215308991705,0.40898389781806843,2,88.08363326924112,0
86.14328520559019,847.9535334353445,0.30740712208940013,1,38.52892071518288,1
402.8017340063999,611.489822264744,0.38995946451457936,5,127.63693482946121,0
289.75349307768664,556.5995567757748,0.11578722515148848,3,102.70288153463436,1
227.4520619443144,725.4640738154967,0.1134175844584561,1,105.7991065923726,1
435.0027736759224,1087.255037873797,0.2351030690232703,1,112.08877162947132,0
379.25608565254385,390.2232310865248,0.3002784426895194,5,97.7344626223175,0
282.3105643115926,333.11868356189,0.42963608229269634,3,78.06795344991002,1
196.36347215949266,741.1902103091292,0.32060789138151313,2,134.53790920521078,0
454.6948793936174,712.7219254640045,0.22573187231879666,5,100.49084017162706,0
428.0241413550393,743.335416092602,0.1473630792334108,3,89.19981999643014,0
338.0988963464741,760.9882994771251,0.373000057271915,1,94.69708711278236,1
571.5964395257199,644.1994363412987,0.15352945742492852,3,93.95122267289409,1
221.5898280408617,1072.4658596505205,0.4128468554772322,1,88.84820386261407,0
166.93697948903133,299.77400538087113,0.22156153503934906,5,110.61372268777676,0
266.97103161425065,492.8757438049385,0.40905820726178505,5,62.244892225717095,1
344.52967803734026,674.1863099627382,0.3178931290059278,4,64.80231374908922,0
379.200733918723,289.2027972114582,0.23630045105575417,4,114.57422913000224,0
321.0516730572404,656.0363988919822,0.19806036281738734,4,89.91662307452714,0
392.2466475817156,1115.3675414320046,0.215909212265392,5,128.99875857500837,1
199.8152690971467,705.2216220739905,0.29283166923752374,2,109.31076502211523,0
523.2517524887911,757.6752264296708,0.2577156496217717,5,75.65802314733187,1
340.14185859289177,384.95880870685494,0.1906188591931295,3,115.12837270950361,0
484.07549979057535,545.9096479901307,0.23343685896823677,5,136.90168352856276,1
391.1270415653245,606.2009049190158,0.25785770297191496,5,110.64428446424388,1
404.8103862984541,620.5712258109415,0.05,1,118.29547300733788,0
418.37207362786444,1020.4109487509422,0.29581681147886985,1,88.98802022888088,0
403.7250272020778,839.4227651812812,0.1520278775283193,1,129.7563959008176,0
427.12673118410527,422.135510765742,0.13466675967942549,5,74.67583547746247,0
509.49830361589176,761.6261946080012,0.08126556528892895,2,106.84900590091807,1
373.5825403641764,824.5554371241963,0.07061075021321095,3,184.93271533525765,0
435.0804509106215,985.0372596303166,0.11445524968877108,3,113.8608369608981,1
339.2317166855328,1095.1351716420934,0.17909790423695093,2,80.2751069292846,0
522.8140658539368,446.22645204303285,0.44532591375265684,2,80.18477154080101,0
268.8329237528876,497.2856221974155,0.1974120324104796,3,92.50304059483794,0
566.1128519492979,385.60553527134596,0.26777501062680314,4,124.79360236052938,0
345.1810459226788,641.4950352232547,0.2900481386506329,1,100.10221282085837,0
178.30698774583422,816.5895936115836,0.26310651862158485,1,72.30152653665611,1
365.37252978929473,946.8336291472755,0.24225565392740064,3,72.23960525239585,0
268.2738011030143,681.0122440893693,0.13047062364007553,2,100.32172658580431,0
450.87722587864687,620.038119186289,0.39509275482792117,4,96.48382453585768,1
271.6851224837131,737.9394980621851,0.4307196643637885,3,110.92416591916573,1
296.45798801422643,491.21427459249423,0.08173413058773141,1,127.11214635247131,0
123.25511228653627,1222.3846804236932,0.14759714091136206,5,190.45758958433248,0
295.7232416901108,298.08474322048534,0.2220189657622994,2,43.82882691313399,0
80.0,746.1851447239311,0.15354622050898087,5,119.04017445502544,1
159.9316611817132,1205.9015548074099,0.30059655534558655,3,98.44076979359016,1
441.2497587373157,701.6999611399995,0.1771727797593387,1,30.439831911129403,1
444.29601903809987,652.4902412496264,0.4665056067806602,4,138.73357532781046,1
401.0549074141958,610.6386442973932,0.3690548594343596,5,109.74106293036816,0
233.96286282449444,654.9020795593981,0.2712574030632215,4,122.99322024870548,1
344.2746372629624,1043.2121186691325,0.35269862633197324,1,35.520336921581105,0
349.5676953091318,150.0,0.3605900424357309,5,87.2854075375627,0
210.99623729689486,1083.3584253240815,0.19360525119417568,4,57.22810692869964,0
530.4077962120581,344.01071188746374,0.16837827554580354,4,170.7085329938214,1
455.2834748690806,633.3369176913964,0.2578143062969647,5,135.05926210105335,1
323.4842991404403,592.6888949253346,0.3361636124497944,1,71.16612758500884,0
353.2263006793437,847.13831744268,0.2639060398653418,4,41.21763846676392,1
375.0059369537063,300.4689120290631,0.09230035178090026,3,101.79192732343142,1
104.99181578908514,815.5431665204857,0.16971755560491575,5,133.2347700803026,0
320.3387140975284,1206.077405821713,0.24260271364056218,2,34.27312380974247,0
268.16189024026414,359.2064988517974,0.24243343956741698,2,62.38788651523907,1
229.80559881261013,747.426541902599,0.4472542176789808,1,56.304535184511444,0
316.2679648536854,534.5044555508478,0.11140120576010018,3,125.34311580687054,0
565.7223832219427,806.4718015482589,0.3005589241835875,4,82.05598190094206,1
426.9011433520412,704.786944353938,0.39891131083282894,2,83.52222171678731,1
281.45852122606436,539.6282727389225,0.4771449745422796,1,101.11291382236386,1
418.709933762739,821.9680712177685,0.20956025768160386,3,64.26017156848451,1
517.9226523903203,1151.0870274466859,0.29914294527202,3,44.470964214535236,0
460.9560419495323,652.2740520681754,0.3069760357198647,1,142.93898068260998,0
357.1556443904209,879.9394855370455,0.2695481731553291,1,146.18699979678578,0
272.36758667533115,376.68176053220907,0.2401154798760694,4,101.28538608121124,0
433.7867976336308,460.8909057954978,0.2935975389500046,1,103.82544269836669,1
397.2182462506099,818.1015694700943,0.05,4,139.13548918030028,0
457.42318640332786,1071.0290071339912,0.3182069490062631,4,100.4828744811309,0
426.2206162018363,788.903337196415,0.2626177903661967,5,80.3322732919724,0
475.9463258383202,621.7354923692114,0.22775251032217347,3,96.37686943721121,1
285.77177461273186,699.8228513558386,0.45468621957195576,3,143.76090230086155,0
508.0872878761191,387.3980665075706,0.18250659812094477,3,96.8662583950082,0
373.71195256308795,851.1288315888416,0.2096924010934969,5,71.57161128712566,0
599.0313047150319,920.5832655808523,0.4491553302204734,4,100.14507172497841,1
267.29746182925186,586.9774167917299,0.16679386951501435,4,117.96780981375174,0
558.31565637983,582.4894630601246,0.19498847170634612,1,113.76887232169945,0
373.74929401551776,766.4695574130121,0.235297457656915,5,114.34883818250634,0
271.8298395662662,590.8200659898512,0.3340734482129549,1,66.06628123032995,1
291.9336999134814,683.4668463435444,0.27078025073533135,5,121.95362482954599,0
311.5583230166816,1224.9304472916288,0.12073746528477372,1,95.99630787243012,0
400.89991356823,638.2435748135008,0.19678314368728106,2,70.08730913856908,0
412.74025856425993,610.4149619946944,0.18926455667877887,3,121.67530997782117,0
281.1559995273705,538.1145485912102,0.24227789547769543,3,79.12264028791327,1
347.07744892868203,886.0479928749842,0.2925843658629829,4,39.89959280055564,0
607.0724430334236,654.6939566954743,0.2918205755887972,2,59.97891666113873,1
557.3051804120853,537.6567404196435,0.07239882459515978,3,88.6427073433521,1
402.35884036088385,1030.326008068253,0.35639409875608563,4,115.24057987389476,0
354.56041738018405,1054.9007511284094,0.27525688459966235,2,64.75755167691682,1
364.40375920619135,549.8941085653237,0.3884532047593906,3,86.57681388468629,1
423.62215672765,233.36501215984595,0.2944198327290672,1,52.41874689179297,1
227.26489217619132,951.8784224592305,0.3601322957735762,5,129.3711520683934,0
319.1148155091986,528.8425435599991,0.2966545311450127,2,155.10658898844432,0
149.76991113468927,897.6563997906921,0.3846225756202748,4,151.32488835709123,0
397.90677471263353,207.47404557204112,0.30222506360177787,2,128.77428426701482,1
427.6635127643289,923.1493345748273,0.2402084753557096,4,125.18784849920915,0
292.01762452407513,397.2070176798047,0.4772434720446882,2,30.0,0
538.878411594804,882.6910297666311,0.3389037122279892,4,101.20106312770368,0
202.90812043971906,703.5682669591085,0.3073744421004413,3,77.63675817190321,0
174.27501437482158,461.51514515083875,0.12236955834616639,1,125.81632263657153,0
376.93421822719665,598.2409217683048,0.12116923825364623,3,30.0,0
475.65179631345853,871.5796142391752,0.2792715482141853,1,101.75386959695624,0
552.0713229749442,726.4736132788086,0.2645521197768241,3,87.49446756586592,1
294.9338884557272,846.1032451181211,0.18858774349916838,3,134.14504765259915,0
479.4417000117555,1194.1101461288713,0.264098269961206,2,149.17954687861584,1
345.37898365991515,308.9395970722372,0.4088626928043596,5,62.49038940455311,0
329.28472400710166,1104.303143742156,0.31954024745502985,4,64.07013474361148,0
456.03919249840067,726.0889843808033,0.13589914902472616,4,103.06738174240998,1
428.27874540961034,475.30398791921795,0.23884911728570563,4,155.68169420325395,1
160.83294116189006,367.4215935652525,0.16950335191474392,1,97.10506370490556,0
527.1848419671076,652.7199023057416,0.21123000835914388,4,50.22935046259843,1
515.6109624976941,930.4125279811149,0.20863843343703573,4,73.79460438428475,1
274.93247581885646,668.1127199056165,0.20223544173959948,2,102.09324575622115,1
397.4964240124891,1077.788732561837,0.12448646280266051,3,103.40708499973847,0
409.28362235392865,337.2060774871103,0.237234531848181,4,70.35693275426694,0
381.28085189886883,696.9777630384864,0.193939236315269,5,73.09732571771323,0
283.9633815385496,386.9016388967202,0.05,4,60.64512019052606,1
269.4051958474338,790.907970656242,0.4552972024501663,1,134.94099143488285,0
346.9335114810266,921.7218475243251,0.3588769654216672,1,65.78286872473136,1
490.72748231112377,594.8095515797366,0.2123699275075004,1,78.73220286286006,0
415.23201855133186,150.0,0.2518819049740598,4,77.73614792166167,0
305.5262801496673,749.7370366991237,0.13283456526824383,2,38.7914963369613,0
442.6038452778014,809.1846379333774,0.4195722877810866,5,64.78046433137645,1
80.0,801.0736887404244,0.43972886947731116,4,137.98481597502882,0
487.8518840446524,1008.9455479555386,0.26566937282465247,2,52.67492553732452,1
141.23434654662805,432.23658008773776,0.3523530644185345,2,61.27251943607713,0
306.5070870316241,870.0540263626124,0.2675286778933924,4,48.36089791772593,1
215.63961264486272,998.1268781194938,0.11632745611240694,4,91.82859539190586,1
194.63822291349132,255.35310399837078,0.20881766310363425,2,160.99168524432014,1
489.29921448542234,779.9129564797443,0.2631927966771957,2,90.3557022465525,1
293.87585584257306,573.9550422480821,0.20454522812565556,2,97.33667438740363,0
391.58046580768587,679.6193317245885,0.2281346722564964,4,67.1593467446554,0
344.3695305344979,786.9191208845841,0.24086004424908855,2,92.84336843227047,0
407.24489926677455,578.1928589716119,0.24191215021345386,1,138.01676072216657,0
359.2186269272306,531.0729802095971,0.2552258490497483,4,100.00182856733608,1
196.04093309737164,708.5381043720062,0.1439394933603399,1,169.61195287217572,0
469.5520183336568,428.18851528429934,0.17829838508720636,3,139.0817899306992,0
290.7492100206425,428.54371777870364,0.12154157343000307,4,91.97892790942734,0
163.21017216082987,869.8433207391258,0.34778155496862007,3,91.29742435427596,0
298.6261806840905,412.801491210336,0.05,2,152.0823098168271,0
530.0911748761173,866.578125227303,0.36535903433169253,2,99.80639515493301,1
452.02660905361915,815.6478232134878,0.3886349397262844,5,144.3122546095103,0
308.1617438710569,268.5483178023508,0.21978194130173787,2,165.10175690443333,0
308.08907548178854,530.6088369160863,0.05,3,87.85232212615618,0
311.40379385391407,998.5273507618431,0.21386894380327096,2,107.31843780772554,1
599.209758027301,454.7086172150796,0.24358158387111808,4,129.30014645982328,0
395.8322542677864,583.898934422653,0.14894017800710865,2,121.86250136578819,1
401.6049976629283,815.5152233129741,0.19847816061917573,5,121.61717565221754,0
473.63401448382103,895.8476273206488,0.4030195198863351,2,48.32841604877928,0
378.65469908318164,637.1152784888761,0.3164927162301741,3,65.30541451433703,0
318.9149425015156,550.6224513270896,0.15754358856219,3,77.66565426705844,0
326.4380181098026,1055.5924654246269,0.09024008304045678,2,137.50472812140367,1
341.4078488703123,1134.7249159493947,0.21729826823902287,3,51.761878250558986,0
345.53333161881903,944.7145126954489,0.22865432206495617,3,148.31293475125938,0
437.3155452364376,721.329535641256,0.29961991873633165,5,122.2941939927539,1
356.23350629687593,497.9335695897684,0.1964683287432341,4,135.3980578652971,0
437.9168092658695,492.38889836085866,0.3011499575361861,5,62.46634229642504,0
340.3140103869701,830.6285263164393,0.44351540400602296,1,97.53058269415456,1
359.43622283793087,804.5995552221709,0.33155010224442627,5,105.46299751459607,0
110.21591785614709,1050.3996482366074,0.24519114926692273,2,103.92384507079427,1
459.9593209642978,862.6125231340347,0.23168495289467053,4,105.34800902963511,0
391.5786171077591,324.2299245600455,0.21433268658201288,2,85.3215731861711,1
469.76121318315825,962.9869044307296,0.36806409124521444,1,99.73224783722807,0
80.0,450.48484317139673,0.1872686554048697,4,131.17473842728154,1
600.6049645736873,604.0071820119122,0.25452227089999824,3,54.17206920456884,0
333.24924462137915,762.5500515629236,0.25511979018810854,5,149.1467541616891,1
482.98193800850197,1198.916872445991,0.19982158071884681,2,129.36646347289565,0
225.2112887449363,1477.4796390013403,0.11275344521158992,1,61.21793375608334,0
423.53286860750836,851.6807647840457,0.2822974503617668,3,108.43426152093626,0
223.59013241916125,654.200845319903,0.24389960281446166,5,126.55245716553156,1
275.1477247165034,833.6264121201375,0.300024046943657,3,51.764733664001064,1
579.6837624640143,921.913856468459,0.1966399693560833,5,96.46924516818103,0
327.1181119083984,619.8330936107021,0.3720821298813048,4,92.25196447077478,0
376.0919447815667,1148.8028389780807,0.16232262187881552,3,72.40468101225869,1
454.4081276826505,757.5176897978505,0.4212040284017893,3,98.23248928674046,0
409.4818265567126,824.4357722728486,0.07523634901717383,3,73.98996984130234,1
368.05026861722916,866.4810630136153,0.29347700645568914,4,143.1007474139758,0
393.795320295947,805.396652653614,0.29754306825266236,1,73.06744875354065,1
638.409870228593,909.7351251174031,0.17044429320591176,5,122.71926290046054,0
343.0857443559698,545.6867033632692,0.2924393937861013,3,37.061476433294246,0
374.1318856057961,560.4245615134923,0.3779518669760159,4,89.33665686525136,1
476.07852752091344,424.9614417570763,0.05,1,95.43089050729756,1
482.663111954958,809.8753076550566,0.3002744807490815,5,88.19981322845643,1
492.44363666724564,894.7341258780285,0.05,4,81.12885959816131,0
426.6476266435021,814.4432165379715,0.1534335196476792,5,71.63697411292071,0
212.83941047234197,1118.6231083368843,0.4129166364900945,3,121.40892730052161,0
546.0117838761315,698.6009952927384,0.1918217966607946,1,129.9810249283383,1
212.43855283775744,867.1854138981282,0.13261200355910274,4,92.12436899501724,0
386.316255828684,427.07478096517144,0.23020622710153182,1,56.61768721924261,0
259.48689799767703,603.2250743813997,0.4567906338163552,3,157.78822659853898,0
342.3033984088409,873.8844393914444,0.06683177527939738,1,64.20708984822417,0
389.4514892364177,912.2755276857861,0.14486900883606554,1,43.920220953089846,1
388.5628658540328,626.5082630839545,0.39974316831796264,2,30.0,0
400.6304905082342,682.1001870354833,0.43577023435377327,1,98.48081639194312,0
543.6453522870377,320.5315633297976,0.2396568775709716,5,87.39042650696672,0
404.42411618167756,610.7426997983476,0.12609472974733577,4,131.08348272012188,0
320.70120376512216,922.5957908799465,0.4595843501809159,2,116.38795972059415,0
465.6904601946029,843.8012540266416,0.4094442391749197,4,105.15704286047632,0
492.73645867095684,825.1664303453024,0.3178946987762233,4,85.50214815880376,1
202.6870621835609,712.44342179524,0.168759765106258,3,133.84920452691833,0
421.68800838198297,701.7657896570441,0.24509706591619632,3,160.35864656133865,0
434.1407290773078,534.9197151316382,0.23396399189551692,2,130.31427196954664,0
314.29237959680097,874.7071050506337,0.28308513046155775,3,78.77639292027766,1
515.0848175973944,805.2432360973474,0.39510014381313363,3,122.35479438587613,0
331.9933295560968,823.0047119981998,0.3379417041137403,3,80.92685960864748,1
365.06917441658504,568.4912893331049,0.14226239230152415,4,56.322643944900896,0
329.23138108593565,161.66427003218894,0.38764964500195376,2,63.533632825731914,1
351.8694857097761,974.2881779384239,0.28131321400131554,4,82.4637558551789,0
218.44698957257577,580.290635997899,0.31870657958589166,5,98.63858876372404,1
177.1938940886847,484.3060589892199,0.39665408592786033,4,167.12034034014107,0
541.3406075869966,873.3697279784984,0.13884197504864487,5,64.14086835358464,0
248.36463820180066,601.9968400202176,0.2464174421293537,1,141.3220971391965,1
231.03291806524314,964.9840960116555,0.1968545448640785,1,83.89591569076009,0
91.59318636755421,854.2514873941743,0.0932140574634544,5,30.0,1
273.32459027725974,870.8923308001195,0.284670997760492,5,77.29958989743818,0
191.2292247911002,358.5110721998664,0.5011556551584424,4,136.18439476086917,1
547.0418192163643,1002.9859963466001,0.06599222554942472,5,107.06343317652326,1
471.1780507211161,765.3126328084641,0.24677193889505297,2,109.15579195323849,1
267.4219585786731,607.6807151884492,0.3140542935074774,1,141.4976403095533,1
620.2922966413171,735.8471168355628,0.2623078201656181,1,58.72822988724953,1
467.8118584389913,255.94119177542,0.23868719474842595,5,58.18873494677124,1
311.0202339789653,802.1632028701677,0.12007836365541757,3,30.0,0
80.0,442.65712295448213,0.27327867429401637,3,125.69787249349747,0
624.913108710889,361.8324285391164,0.17432360229840738,5,114.6869481770361,1
183.25130398836848,319.4102034455272,0.05,2,120.33882818568898,1
152.552150365173,978.1720937474813,0.36945922205137305,3,53.594607158012685,1
472.70845184115683,542.6841515768028,0.34583858198420425,5,38.851286542805155,1
642.7702887607127,1083.4319274791249,0.255166097685108,2,48.81335920483336,1
516.1127382212621,566.0496342369256,0.27290746882057026,2,62.70997046744535,0
417.66909440628314,273.1605106017633,0.35743180127155616,4,149.3885618119499,0
421.3705209998343,420.8688900128352,0.27243396567780825,2,130.00443533238757,0
452.40986705363696,1008.9529050017347,0.34040175547613144,3,78.96227757828879,0
441.07143077441185,661.0254555158331,0.220251779912615,3,105.47381976409947,0
383.7429708763251,562.9281758773498,0.38119837385739463,5,71.25732138482914,1
362.5041324742251,740.0045564631969,0.2820785725932684,5,107.749791627358,1
342.4888246520573,825.4456840418862,0.2694051943605874,2,55.16664917903006,0
259.52424933599883,979.3497039756153,0.1229938911287968,1,121.25880060908759,0
316.3189907759871,1062.1248074732316,0.27869558543017087,4,65.26038458454624,0
146.84518229655373,610.0578385527285,0.16680450825055487,1,123.20702599901048,0
338.19924478463,368.4880784794904,0.1861717273471506,2,80.04019821319802,0
231.3690671418899,596.633709719181,0.16846243716838788,2,67.34734162406042,0
217.5692819341075,765.0701266457215,0.1433765068100775,1,151.45488510373798,0
371.5872981384174,459.0602684473473,0.4624771403016962,4,101.1931164712818,0
517.040274361352,460.7122712762393,0.38313390619884036,1,83.7236520133005,1
460.19799272027757,785.9469703874713,0.4420367502144261,5,121.53624079229425,0
161.53992756521876,687.8369121073872,0.12771049804444362,3,48.10031256487902,0
231.2446236115595,708.1992488528966,0.25712537499108923,5,133.74022562411255,0
462.8925425585859,510.3761663249826,0.12064923747959042,3,90.11943527570428,0
232.10151277540285,642.3998214485582,0.1804305122802936,2,116.02757004839532,1
323.044022000357,468.9417139329239,0.1581873016583425,4,40.82442886419198,1
416.00625188294623,922.5496027811967,0.37395840064415614,1,81.61509146534516,0
233.79866541636375,958.8123336809381,0.210377032189824,4,95.16030487709195,1
362.64506073751517,238.45303444047653,0.3568379333694016,1,131.0604724766485,0
189.91694060981547,467.6222849518975,0.3104120889588518,5,118.8143872378119,1
277.8358827258544,325.86768622748025,0.4803638752104789,5,81.2633036833904,0
388.37383209710447,537.4940163982754,0.1020555776860276,1,106.12817150631835,0
158.8407519761997,679.1405075524098,0.3759233239786799,4,138.97991856044436,1
402.8569685552479,337.58869507536747,0.3646440870400728,1,88.00040308021039,1
347.64346412879826,469.5350467186717,0.15266211619729653,2,84.18972638476424,1
416.29879453005776,449.01065697962537,0.35071333364731594,5,30.0,0
376.8696960877594,751.8168323497359,0.28361449630262286,2,85.23246826300165,0
513.6968515968613,717.3360842590627,0.22725237400465922,5,34.11305364604174,1
