dias_anticipacion,noches_estancia,precio_noche,num_huespedes,historico_cancelaciones,CANCELA
102,12,147.8841142363309,2,1,0
348,6,167.29815306421216,2,0,1
270,12,143.38012864477236,3,1,1
106,11,137.98623626503402,4,0,0
71,13,89.31781973717294,4,2,1
188,4,128.47268315897912,3,0,1
20,2,87.19034682205194,3,0,0
102,14,119.03888567677585,1,1,0
121,2,54.38933443098736,1,0,0
214,9,54.69766388031627,2,1,1
330,5,112.3580924021188,2,0,1
87,4,98.0624131269204,2,0,0
99,10,124.27148773896694,2,1,0
359,13,114.60925683539524,1,0,0
151,1,121.20763148840621,4,2,1
130,7,144.3442976942696,2,0,0
149,3,101.46924177356671,4,0,0
308,6,111.22224753420548,2,1,0
257,5,178.20084891052656,3,0,0
343,5,120.12336507300108,2,1,1
293,11,112.83158101498445,2,1,1
191,5,123.30050797292758,2,0,1
276,1,113.54542507961878,1,1,1
160,1,91.61710828187101,3,1,1
313,3,80.07880651281118,2,1,0
21,14,89.46274639399981,2,1,0
252,12,154.91676747083147,4,1,1
235,10,94.8037898112635,3,1,1
344,4,113.80301592654894,2,0,1
48,5,148.0294514053159,4,1,0
58,2,108.86435316756086,4,0,0
169,8,145.3344525937461,1,2,1
187,11,58.368278302765326,4,2,1
270,11,114.69933281832414,2,3,1
189,14,123.15584386394035,1,1,0
174,2,120.92554892392671,1,0,1
50,9,53.88325208644464,2,0,0
363,2,168.12450585723218,3,3,1
54,13,85.81308220114333,4,0,0
243,9,133.4014850104987,1,0,0
319,7,120.31857130589322,3,0,0
130,8,160.1483809524271,2,1,0
306,11,207.49955317496824,4,1,0
134,2,68.38542061828656,4,0,1
20,7,94.04344474910005,1,0,0
328,12,127.56369975356208,4,2,1
166,6,75.78586729788833,4,2,0
273,4,151.2873043182304,4,0,1
88,7,153.73490488628235,4,2,1
315,14,142.3779630398015,2,1,0
13,13,129.46327003504788,3,2,0
241,4,174.78835111879124,2,1,0
264,2,73.77498073324551,2,0,0
345,10,122.61072781370214,1,0,1
52,12,90.44788525079113,4,0,0
339,7,155.59665330260674,2,2,1
91,8,46.66635341974269,4,1,0
263,2,118.8766453762808,2,0,0
34,5,133.40954748279793,2,0,0
205,1,82.10031460104902,1,1,1
80,7,94.95239871113733,3,1,0
49,8,120.61515925488423,3,1,0
359,13,158.20385517765905,2,0,0
1,6,78.68523085651785,1,0,0
53,5,85.66200238501256,4,1,0
105,6,165.02351084161376,4,2,0
259,2,109.0809840032066,2,1,1
309,1,88.8984384062009,3,0,1
190,7,149.14739188867662,1,0,1
217,7,100.47212011071012,3,1,0
43,10,161.09686141355095,4,0,0
161,11,93.45118492081151,3,1,0
201,10,113.61621752700016,4,2,1
269,14,157.79886661554926,1,0,1
350,2,110.94956515304995,1,0,0
303,2,150.24213288314587,2,2,0
270,1,117.3780957287598,2,2,0
214,10,199.26767225600116,3,0,0
251,8,182.75114416411395,1,1,1
189,8,66.87614950265008,1,0,0
295,1,140.8897472499204,2,1,1
212,12,87.34384055595834,4,2,0
207,11,127.66027755170923,3,1,1
236,8,122.73482517241044,3,0,0
337,9,77.7845193163005,2,1,0
52,14,162.339381741213,1,1,0
279,4,128.132117742763,2,1,0
216,1,108.61267857309666,2,2,0
251,1,102.47560703025621,2,0,1
187,3,125.59107879064942,2,1,0
40,14,136.3170007005714,4,2,0
156,5,115.00096854566935,4,0,0
14,5,40.0,1,0,0
300,9,120.67562864969935,2,1,0
64,10,62.3407175356089,4,2,0
344,14,111.62189737403698,1,2,0
326,12,63.81742971721433,2,0,0
8,2,63.3400945968213,3,1,0
343,2,169.40487287794113,4,2,0
128,6,107.19632076222439,1,2,1
135,9,104.13351360712329,3,2,0
62,1,139.30096195314366,2,1,0
138,9,105.17637907710193,2,2,1
80,9,204.15224368509638,2,1,0
162,13,109.07920957095922,4,0,0
288,9,134.60501647932043,1,0,1
260,5,158.83765325507443,3,1,1
230,13,184.0901290242764,1,2,1
40,9,90.3197545736944,4,0,0
27,11,103.28145984645421,1,0,0
134,4,170.9836750117406,4,1,0
200,2,152.40249216210765,2,4,1
327,13,163.00703742673835,3,0,0
267,6,65.25181825761327,2,1,0
32,14,181.91999015696075,1,1,0
47,4,89.5436982686078,2,1,0
61,6,127.69171912567583,3,1,0
215,3,114.07108489632918,2,0,1
292,6,84.8606865380772,3,1,0
98,2,63.49856946315988,3,2,1
171,2,50.24607533468409,2,1,1
359,13,124.76073624215898,4,2,1
213,9,58.98723639066177,1,2,1
34,7,74.64737619652468,4,2,0
226,3,111.2785648720712,4,2,0
100,13,40.0,2,0,0
130,11,151.15918848176005,1,1,0
256,1,40.0,1,1,1
4,8,116.90510434668909,4,2,0
217,14,120.60076906377158,2,1,1
254,6,141.52246880727236,1,0,1
358,7,118.33276790440425,4,2,1
282,9,200.71631855332953,1,1,1
206,5,128.65267526274002,2,0,1
14,1,162.1444959697464,2,0,0
345,12,91.06148764518849,2,3,1
41,10,124.8302722475787,1,0,0
178,7,181.90280380115706,3,1,1
62,5,110.49219501241437,1,1,0
351,3,127.68939056780924,3,0,0
230,12,159.234137965499,2,0,0
240,13,90.31081919233462,4,2,1
51,9,40.0,3,0,0
95,1,130.22294614849477,2,0,0
221,1,159.5467667743201,2,2,0
230,1,65.94216940432115,3,0,0
236,3,146.80879589109355,4,1,1
142,12,147.0786554935815,2,0,0
170,6,40.0,3,1,0
28,10,82.5484547037291,4,0,0
35,11,104.16684877073351,4,2,0
12,3,112.81503999059052,2,1,0
159,8,90.27462940928065,1,0,0
326,14,88.11988785671272,1,3,1
186,14,186.8593156472837,2,1,0
242,10,115.69763472564367,4,3,1
85,2,92.19825359401042,2,2,1
283,14,118.353220923498,3,0,1
65,9,141.48363332244574,1,1,0
169,3,122.06505506844832,3,1,1
44,5,111.77089636688108,2,1,0
61,10,93.99933325318187,2,0,0
133,8,93.51476618129604,4,2,0
283,2,96.08766454058562,4,0,1
27,6,133.55258403242948,4,2,1
107,12,80.23279630392851,3,0,0
43,5,135.73076893880886,4,4,1
339,13,176.5197902250732,2,1,0
285,10,133.02829431252798,4,0,0
330,9,105.21657884331452,1,1,0
127,12,68.07492459781479,4,2,1
347,5,183.12427231646058,3,1,1
230,2,73.1992939760435,1,1,0
189,5,153.9424813790299,1,2,1
224,12,145.54071442377943,1,1,0
282,4,110.52925588143762,3,2,1
120,11,109.48084784877288,2,1,0
115,7,46.57154903835918,4,1,0
232,6,133.20260003250485,1,1,1
258,14,144.7970532958322,1,0,1
358,2,76.43679535408782,1,2,1
197,12,113.76714102683589,2,0,0
136,11,121.51447660035801,2,1,0
317,11,143.38290511798272,3,0,1
164,13,120.15212304492749,2,1,0
224,5,54.947225841536635,4,2,1
306,7,98.80248922150042,3,2,0
233,11,128.98503141556077,3,0,0
171,7,153.66113368159037,4,1,0
151,5,95.29453562423012,4,2,1
314,12,207.50599498200077,4,3,1
159,9,44.22107724652142,3,2,1
95,4,97.45199299768396,3,1,0
232,11,116.67865586028907,3,0,0
179,3,111.97003345788544,4,1,1
112,4,70.7143068074067,4,0,0
317,5,137.91446991007174,1,1,1
51,13,134.84376205255688,2,1,0
267,6,121.91845783926186,1,2,1
294,3,133.27375453034063,4,3,1
112,2,103.04894354207877,3,0,0
100,14,55.30548199565729,4,1,0
112,13,91.33440519791021,2,1,0
80,4,126.28218325637765,1,0,0
186,5,126.50977659385583,1,0,1
112,4,121.65516210343391,3,0,0
1,14,141.94833071940127,1,2,1
129,11,96.75415818199934,1,1,0
219,13,121.06724228442144,4,1,0
53,12,142.88371113619687,1,4,0
342,3,116.60440725990587,1,3,1
223,8,70.26704286375605,1,0,0
224,10,81.5404652137785,3,1,0
125,4,153.23409297117468,3,1,0
129,14,175.6988865177029,4,1,0
52,2,167.01132431296196,1,0,0
171,2,129.2862379896814,3,2,0
217,1,71.87469591933228,3,1,1
159,13,119.74593772908526,4,1,0
197,4,182.49020527801687,2,1,1
246,10,144.73953521825902,1,1,1
323,9,111.7008990926451,3,1,0
202,14,145.14500931364864,4,0,0
183,11,69.22419173537581,4,1,0
122,7,92.17314488607192,4,0,1
254,12,76.63234435910701,3,1,0
293,10,138.7828727339373,1,0,1
279,7,148.5641399888037,2,4,1
324,13,113.84695891206533,1,0,0
97,7,85.08281293041736,4,3,0
197,8,119.2100362586149,4,0,0
239,1,100.5368043730477,2,3,0
143,10,88.1531718122502,1,0,1
96,13,133.55974741236986,4,0,0
200,10,89.68031109925306,4,1,0
123,8,57.3460106814363,1,0,1
186,4,66.23542118547252,4,1,0
325,4,55.86958132736201,1,1,1
348,4,129.90047666304818,4,4,1
258,6,126.01621752704656,1,0,0
147,7,124.02080378032647,2,0,0
251,6,143.5092660991977,4,2,0
345,1,167.67835424468467,2,1,0
146,12,96.30933876699538,4,2,0
147,8,136.25909908953673,4,1,1
351,13,56.815379703764926,3,1,0
198,10,175.14838985053402,1,0,0
307,11,70.20675047127372,2,1,0
127,13,91.5967552383825,2,1,0
38,7,96.0916194506763,2,0,0
337,6,58.94916013111151,1,2,1
359,6,121.30302309634247,3,0,0
128,5,128.55615472805925,2,2,1
266,6,112.423453160738,1,0,0
150,12,58.39009471875693,4,0,0
297,9,199.33544939406846,2,1,1
98,10,141.96923186006592,2,0,0
262,9,225.36888174599835,3,2,1
251,10,87.7956304045483,2,1,0
143,8,158.31528912707907,2,0,0
345,10,151.17095549576655,4,0,0
111,9,108.37699587610551,1,1,0
59,13,176.44203604236895,1,2,0
1,10,103.78359969544886,3,1,0
303,8,105.56434322301571,4,3,1
253,8,40.0,1,1,1
139,1,136.3611221497055,4,1,0
36,10,66.97960353270375,1,0,0
159,11,97.97115217217956,4,1,0
8,5,78.9512144501989,3,0,0
232,4,105.35073842726953,2,1,0
98,2,137.75520920869744,3,1,0
146,8,120.4456625219503,1,0,0
303,3,148.3856516202323,3,0,0
207,4,170.62518142342526,2,2,0
130,12,105.24816253288658,3,1,1
151,7,100.85731031935545,1,2,1
53,10,158.3091061464804,1,0,0
119,9,161.48189154959718,3,2,0
160,2,149.62363472412187,2,2,0
115,3,81.91284773042602,3,0,0
74,4,136.90620262006416,2,0,0
112,10,124.37882416189156,4,1,0
103,1,162.10115765398655,2,1,0
339,7,97.08511641849006,4,1,0
253,2,53.33558835400336,3,1,1
226,5,147.60947201521088,2,2,0
111,1,40.0,4,2,0
98,3,90.7394638441468,4,1,0
152,12,79.07217954726822,4,0,0
348,2,78.80261316377013,1,1,0
337,1,90.03874116179617,3,1,1
193,7,168.6949427900652,4,2,1
309,5,152.82221676025492,2,1,0
162,1,109.9307727202998,4,2,1
207,6,165.34493887436196,1,0,1
168,5,77.50811379334505,3,2,1
160,3,72.06866457011367,1,2,1
67,12,154.54386636986362,1,1,0
288,7,143.1857291729059,1,0,0
276,11,101.58946393666707,2,0,1
303,10,74.58156425207477,3,1,0
134,9,178.3892750015176,3,0,0
194,14,51.19589796208727,2,0,0
127,13,96.06296258625758,3,0,1
32,13,129.1430611007159,1,1,0
175,9,192.08659233725783,3,0,0
21,14,135.3240084829288,2,3,0
237,9,139.21218612053195,1,1,0
157,2,97.22465199407492,2,0,1
37,3,142.73920901098393,4,0,0
229,7,124.21237283516348,1,1,0
364,5,56.461418383297676,1,0,0
50,2,151.7173941397243,3,0,0
263,3,158.81573559387405,1,2,1
282,10,152.1346019528465,2,1,1
26,6,121.33311702663208,3,1,0
225,13,81.75292467401411,4,1,0
276,7,40.0,2,1,1
285,9,126.28214421605803,4,1,1
96,1,163.27768238963398,4,1,0
283,11,159.82129876332323,4,1,0
316,7,152.64291373575392,1,2,1
303,8,117.03156085802436,2,2,1
146,12,163.49856696125988,2,1,0
3,14,156.9664729542361,1,2,0
34,3,103.09465757113767,3,0,0
191,4,147.06392066463388,4,2,0
48,10,98.56163418362833,2,1,0
16,6,141.60096926467688,1,1,0
171,10,68.03533422795732,4,0,0
219,7,71.11152765308314,3,3,1
157,13,162.3282818777563,3,0,1
45,14,157.5024048881906,4,1,0
5,4,145.34446162303325,3,0,0
98,8,123.51875284211322,2,1,0
232,5,40.0,2,1,1
36,1,117.00496247174041,2,1,0
279,4,138.16732668759352,3,0,0
348,3,98.61067009761634,2,0,1
301,9,91.5002322876705,1,2,1
180,8,177.77681552614766,2,0,0
94,1,117.58844034433552,2,1,0
98,11,138.19180678569523,3,0,0
187,6,150.9652584647746,2,2,1
115,9,79.94251693979689,4,0,0
190,7,127.72829690856776,1,1,0
252,4,172.78577977909197,3,0,1
160,13,192.76892733198883,1,2,0
255,1,121.59745588858762,4,2,1
322,12,110.48225810611702,3,2,0
127,2,130.76096272550134,3,1,1
17,12,129.74548188110083,2,0,0
280,5,175.47032264524614,1,0,1
222,12,80.14433243331732,4,2,1
53,11,108.80507655335913,4,1,0
57,5,75.31434692493958,3,0,0
322,8,79.51620456809692,2,0,0
359,6,135.06296060556497,3,0,0
173,8,152.39431366548106,3,0,1
279,2,94.0243322502502,3,3,1
113,3,150.88379155901157,3,1,0
287,6,164.46314628527873,4,0,1
341,12,197.38823993733558,4,2,1
150,13,122.78987395364196,3,1,0
126,10,94.40941890223468,3,1,0
154,3,79.9011227357642,2,1,0
272,6,75.92827208320426,3,0,1
103,6,169.99122805614428,4,1,0
298,2,59.396186281773986,1,0,1
245,7,168.709939426048,4,5,0
175,12,85.26235882991405,2,1,0
38,2,92.59175208562377,4,1,0
169,6,113.93778179960081,1,1,1
246,1,91.85381801733955,3,1,1
25,3,157.279190198383,1,0,0
354,2,192.533758079311,3,1,0
305,7,93.70271369787449,3,0,0
12,14,102.71048643341493,4,0,0
315,4,113.46716770864407,4,1,0
312,8,141.64227053970552,4,2,1
35,6,113.86062884176575,2,0,0
172,12,175.49029644210384,4,0,0
19,10,165.86495666247708,2,1,0
320,4,72.581505856196,4,0,0
263,5,140.83872662299314,3,2,1
141,13,180.8135694923801,2,0,0
142,13,100.20876216932467,1,3,0
91,9,108.22940512825774,2,3,0
353,7,98.87852008588179,2,1,0
321,10,99.71697537905978,1,0,1
287,14,53.26193792355808,2,1,0
214,14,66.86740194139797,3,1,0
341,9,123.0989487494892,4,3,1
50,7,180.54391898611112,1,0,0
152,12,95.46556749926869,4,1,1
185,1,94.28970788205768,3,2,0
62,12,188.0608428168294,1,0,0
189,8,75.66970152736053,4,0,1
124,4,53.55027349174313,4,1,0
149,3,86.8593825545,3,1,0
313,14,93.48862084822535,4,1,1
57,13,50.10187661219739,3,0,0
341,7,114.87833174901554,2,3,1
304,12,157.93785399446142,3,0,0
179,3,68.56180905140695,2,1,0
169,8,123.50312875814356,1,2,1
325,6,135.83742702507092,4,2,1
270,5,116.66462898902827,3,1,0
53,4,127.42770358964238,3,1,0
100,8,127.89309050380844,4,2,1
263,8,87.49088172326272,4,0,1
52,12,179.94330288047473,1,1,0
59,1,169.91027336304862,1,2,1
107,9,167.5964558896467,3,0,0
4,14,160.54702962175455,1,1,0
102,5,57.00082122267904,2,1,0
195,4,157.04249511247866,1,0,0
261,6,146.22405710198032,1,3,1
364,6,58.539055402248664,3,0,0
349,2,111.40358579399687,2,0,0
46,8,131.07173797301152,1,1,0
354,7,186.5726839249854,2,2,0
310,1,148.98895431577034,2,2,1
307,5,85.41737090886794,2,0,1
143,12,187.8155383380785,4,0,1
268,6,121.75119050855557,4,1,0
123,4,109.76635452387633,4,0,0
105,2,106.91527213644751,4,0,0
157,13,55.05779047907467,3,1,1
146,14,115.60921984735431,1,0,0
144,4,139.89941029222632,4,0,0
119,1,104.58466689899137,3,2,0
318,7,136.81809908990235,1,2,1
274,2,85.42435716343277,4,0,1
91,13,114.3628834288952,1,0,0
57,2,132.6616130643453,4,0,0
345,9,127.58643508253684,3,1,0
228,5,55.78139641123815,2,1,0
116,2,102.43976196515086,2,1,1
317,11,187.09851721250425,1,0,0
278,9,100.30215702677928,3,1,1
126,9,120.63230176447358,2,0,0
128,1,116.52976997804222,4,1,0
57,11,182.72959035678605,2,2,0
121,3,171.61472488778682,1,0,1
0,4,152.3012399927524,1,1,0
238,14,81.07030746509865,3,2,1
289,7,134.3673219676832,1,2,1
95,10,142.71766972300526,2,3,0
125,4,92.05580657615783,2,2,1
117,2,85.17931576609244,2,0,0
47,7,188.2005658882812,2,1,0
88,6,107.96786751132285,3,1,0
236,3,184.59907275644593,4,1,1
271,6,159.88375021978135,4,1,1
188,11,136.31507129501284,3,1,0
191,6,138.10125745437938,1,2,1
68,12,63.98321758676929,4,2,1
277,5,128.27099119337666,1,0,0
348,4,176.68081651926505,4,0,1
246,10,147.25358012742436,1,1,1
75,12,126.17346748257641,3,1,0
153,1,188.4774878326812,2,0,0
143,10,112.59837109356783,1,1,0
85,6,95.21777299913262,2,1,0
184,2,126.15327664313028,1,1,0
284,13,150.65869472446383,1,2,1
219,3,51.28823616766957,1,0,0
68,14,131.3947457396167,1,3,0
46,8,152.4138006214524,1,0,0
93,10,109.21433498812556,2,1,0
237,14,164.27859065210566,1,0,0
203,14,145.6474664964428,2,0,0
217,6,205.6553247404431,3,1,1
340,3,89.9758840967514,4,0,0
38,7,153.22839401984356,1,0,0
99,4,79.30704368810382,4,2,0
288,14,55.38534194893096,2,1,1
253,9,40.0,3,1,0
221,5,141.53296089587707,3,0,1
356,3,127.3699165577641,3,2,0
22,2,100.83795770552985,4,1,0
249,11,49.05982664201548,2,0,0
9,2,92.38453495445296,1,0,0
245,3,120.16372030701825,1,0,0
324,2,151.72677467172392,2,0,0
99,14,119.33856999009497,4,1,0
289,4,130.0824137082111,1,0,0
179,2,104.95470476103456,2,2,0
222,10,189.96896810108618,1,0,0
249,9,79.27001422687088,3,0,1
146,2,92.03047130859488,1,2,1
95,9,100.30567704025948,4,3,0
256,13,141.70817591906896,2,0,1
324,6,78.44560840852478,4,2,1
3,1,125.42874362191995,2,1,0
15,4,126.5964057370623,3,1,0
279,14,92.2256811706648,2,2,1
335,1,133.1991784382743,1,1,1
246,14,79.68744405050275,1,2,1
257,6,75.31703430153016,3,1,0
159,14,123.98423026085763,2,1,1
339,13,53.609776580877494,3,1,0
151,4,40.0,1,0,0
177,3,141.31333203187202,4,2,1
162,3,161.9587977036468,3,2,1
32,9,101.32787525229884,4,0,0
178,6,93.27717391608918,4,1,1
100,9,160.2214090389824,2,4,0
267,13,74.1784712800432,3,1,1
322,5,65.46509501115366,4,1,0
64,2,148.3054569483395,4,1,0
167,8,120.3615274604923,2,0,1
329,5,162.5950695716095,2,0,0
42,2,40.0,1,1,0
43,4,63.97304035525748,4,0,0
284,9,120.57328239376626,1,1,1
11,4,136.70694793935147,4,1,0
94,13,153.87988350757834,1,2,0
301,12,126.9927107523511,2,1,0
252,12,126.58620621434275,3,1,0
241,12,104.42393827879206,2,0,1
34,13,183.63619619618072,1,2,0
214,14,75.87906178118008,1,0,0
336,4,134.36080610223755,3,0,0
89,2,80.48764661647921,4,2,1
263,13,141.3911418322004,1,0,1
92,12,78.51929722448935,1,2,0
89,6,149.75262794001833,1,0,0
114,13,124.48419787298069,3,1,0
104,11,189.78556693034727,2,0,0
195,14,108.75921410913658,1,2,1
313,2,136.99864464990182,3,0,1
113,12,88.8137487815716,1,0,0
74,7,108.48427974234822,4,0,0
216,3,124.22997917777411,3,1,0
276,3,58.911203101145034,1,2,1
248,5,63.29504263260912,3,0,1
163,3,143.9943719934258,1,3,1
356,2,114.15652713873281,2,2,1
191,10,96.28293867807912,1,0,0
226,9,90.52055278332978,3,2,0
176,2,92.06044817105226,4,1,1
98,14,124.50202860032914,4,0,0
35,11,137.8014345646476,4,0,0
95,2,40.0,1,1,0
151,13,176.51336227079568,2,1,1
150,8,173.6680305176797,1,0,0
189,9,40.0,4,1,0
223,7,163.4370678529119,3,2,1
36,3,162.2087540532417,4,0,0
267,9,120.0178197675018,3,1,0
182,3,68.11325512460495,2,1,0
12,5,160.6091236666029,3,3,0
278,9,110.35075734810594,1,1,0
216,12,141.95515375275826,1,1,0
354,14,208.76805087847114,1,2,0
360,14,130.07347002494475,3,2,1
285,3,83.32461233125753,1,0,1
272,7,106.57076020321114,1,2,1
61,12,88.4221855903605,1,2,0
83,1,137.3395886979409,2,0,0
216,4,87.75729765000781,3,2,1
341,4,101.08594310601427,3,0,0
186,7,68.62278502369601,4,2,1
18,8,114.71651977923426,3,1,0
176,1,127.07019173208198,2,2,1
99,5,40.0,3,0,0
232,7,130.38294245920883,2,1,1
75,12,118.17199075612882,2,1,0
264,4,89.4003220497549,3,1,1
283,13,201.14515697079491,4,2,1
205,4,158.3390611041902,1,1,0
222,4,76.14390055394395,1,1,1
51,12,153.5294751828456,3,1,0
338,6,169.7799230408423,3,2,1
143,7,125.28083690470228,2,3,0
68,2,134.457681477893,3,0,0
98,5,133.53386667686362,2,1,0
24,4,40.0,4,1,0
52,14,112.52521612598403,3,0,0
150,13,110.44348632063885,1,1,0
143,3,177.20622546239514,1,1,0
56,7,133.34911454247492,3,0,0
38,11,108.09556151533221,2,0,0
108,12,116.39501036035955,1,1,0
180,6,160.93542326509606,2,1,1
41,14,112.61661347018737,3,4,1
185,7,92.07217867633564,3,0,0
222,5,108.97191228316535,1,0,0
121,13,157.6278457529073,3,3,1
132,6,139.84659622391746,4,2,1
162,5,121.77071893396456,4,1,0
214,14,127.6615719777932,1,1,0
220,7,97.61030105618072,4,1,0
234,2,112.24202398229386,2,2,1
330,14,93.46782712901931,1,2,0
145,11,108.20882862801025,1,1,0
238,5,173.847130545065,2,0,0
75,6,76.88512754491241,4,2,0
8,6,92.45129334308339,4,3,0
73,5,69.82804548256993,4,1,0
252,10,61.16364971249607,1,1,0
229,7,112.52912343218834,1,0,0
6,10,95.29563272796854,4,1,0
173,8,190.4675572316877,3,0,0
140,7,108.68613815288826,4,0,0
167,5,171.57587453720097,2,1,1
169,1,158.72025899762534,1,1,0
282,13,111.64183379103943,2,0,0
121,5,204.4054232834249,2,1,0
193,10,130.74135945859234,1,0,1
4,2,180.52037064015957,3,0,0
28,13,175.86387566325055,4,2,1
164,5,136.58591940419132,2,2,0
338,5,150.04523391223404,1,0,0
135,2,144.96285660477903,2,2,1
364,5,74.22954274433167,4,0,0
320,13,122.29161417812065,3,0,0
341,4,162.96988935778643,3,1,0
144,1,181.04745269446647,3,1,0
326,3,91.17441312672202,1,0,0
216,1,141.1532520725208,1,3,1
300,12,126.03480853110138,3,0,1
131,11,115.28503741673617,4,1,0
291,5,134.24010516900105,4,1,1
69,4,128.7198964266455,1,1,0
251,7,141.65630275490352,3,1,1
274,5,177.6686704380021,4,1,1
363,10,151.36510363458802,4,1,0
181,14,132.42365035490812,4,2,1
166,4,194.58500227292316,1,1,1
90,2,164.39718383521344,3,2,0
201,4,116.30406245586606,2,0,1
345,12,71.3151839058838,3,0,1
18,2,80.48677276318138,3,1,0
38,8,157.32929793262537,1,1,0
125,3,94.78750082988074,4,1,0
172,9,79.67778091552208,4,1,0
140,13,89.67658693251202,1,1,0
241,4,92.504627516372,1,0,0
219,13,154.02590671129005,1,0,1
125,6,113.73031696870896,1,1,0
57,10,65.10501598802378,1,1,0
147,5,121.24179591049426,2,3,1
316,10,128.89064529792967,3,0,1
360,13,100.82652554236594,3,0,0
0,1,166.235403367708,3,0,0
347,9,103.16244457230862,4,1,1
189,1,164.333507465486,2,2,1
190,8,143.87131118699907,3,1,0
311,9,157.06422032177628,4,0,1
116,9,76.0579663677442,2,1,0
133,1,123.9324076895241,2,2,1
57,2,117.88687981700924,4,0,0
43,12,63.119739003698676,2,1,0
172,13,164.20242919211637,4,0,1
159,1,87.30396412370601,3,3,1
172,10,95.61728684656069,4,2,1
316,2,79.46736657609097,2,2,0
302,10,148.04745304281494,3,1,1
148,12,58.96281124909617,3,1,1
79,8,144.71499201858273,1,3,0
212,5,161.78055944973843,1,1,0
202,12,141.48713710503043,2,0,0
251,11,148.50513935385715,4,1,1
228,7,150.38185878312171,4,1,0
163,2,82.02302693096944,2,1,0
226,8,177.38939918657377,3,3,1
146,11,101.59694983466005,2,0,0
19,6,117.34449529640112,2,1,0
46,8,106.69450726596163,3,1,0
232,1,139.6616848350924,4,0,1
304,1,98.47851027450311,2,2,0
13,12,122.67662896949474,4,0,0
142,7,70.5862473141598,2,0,1
0,8,166.58660834006287,3,2,1
53,13,146.82963783800813,3,0,1
258,3,108.30960952392923,1,2,1
143,5,101.23403879896759,3,0,0
11,12,145.78512985270788,1,0,0
329,1,91.70826477456153,2,2,1
223,7,125.01461263060676,4,1,1
271,5,166.45595149725625,3,1,1
357,8,87.5497152345123,3,2,1
155,13,134.74403316480812,3,0,0
7,8,132.6290106774197,2,0,0
121,9,116.10652725349269,1,0,0
347,7,99.84841663584254,2,1,1
163,11,168.5918822757754,4,1,0
89,1,96.09725456932135,2,1,0
135,13,47.5184439548152,4,0,0
185,3,145.62134366524134,3,0,0
315,8,71.94786600928664,4,0,0
177,3,147.67524579420348,4,2,1
27,8,173.39612991373775,1,1,0
219,1,145.18999513594696,4,0,0
356,5,162.85645207549965,4,0,0
40,4,200.8019642771859,2,1,0
227,5,158.67041850435788,3,0,0
191,8,133.22293570501742,2,0,1
144,10,185.35792734094593,2,0,1
200,14,190.1910217938634,3,1,0
211,4,190.7508713303768,3,0,1
219,11,100.3142593921599,4,1,0
239,4,65.83926566006383,4,2,0
45,3,97.87231266260453,1,1,0
34,7,148.14566463172702,2,1,0
252,3,126.36635781328422,3,0,0
81,12,111.74076059292612,4,3,0
255,3,142.41925595219743,3,1,0
196,11,61.16779673306931,4,0,0
302,10,125.64677194766165,1,1,1
9,5,164.73830579391506,1,1,0
311,5,141.97262578232915,3,1,0
285,14,147.67239287334914,1,2,1
241,6,183.89491159810058,3,0,1
250,8,117.35426860505332,4,1,1
364,10,93.87633354598654,2,2,0
4,6,167.58060170660167,1,1,0
118,12,166.84482524135709,4,0,0
288,1,142.33166699023187,2,2,1
64,8,113.58515997670207,2,0,0
145,8,120.0551860403194,2,1,1
223,9,68.92908191475654,4,1,1
238,9,164.5178612082881,4,2,1
176,2,163.10605238116574,3,1,0
266,2,67.53268998132864,2,1,0
340,3,154.70528335624545,2,2,1
281,1,136.16406620036034,2,0,0
62,4,79.12103558436814,3,1,0
216,14,71.75999195710122,2,1,0
341,4,134.9397307760689,4,1,0
314,14,104.09183544372328,2,0,0
282,9,192.7979540219868,1,2,0
176,9,158.10393578595625,4,0,1
97,9,138.94772546928908,3,4,0
104,10,140.9231601600958,2,0,0
98,7,173.2346872146867,1,2,0
310,14,153.86072366909352,3,0,0
5,2,139.9906575398409,3,1,0
196,10,80.7895529480996,4,1,1
350,5,242.47787861624874,3,2,1
132,4,75.87268970767067,3,1,1
357,12,107.49829051599342,3,1,0
258,11,53.8108689436001,3,0,1
22,8,141.5519263507705,2,0,0
52,2,126.0444174913923,2,0,0
164,6,150.6110575345904,2,0,0
201,13,50.437374755822646,2,2,1
82,5,164.51622669523726,1,1,0
144,12,87.70258394121541,2,1,1
84,2,114.03979202544538,3,0,0
77,11,157.26285074724257,2,0,0
0,10,130.450667365276,2,2,0
50,1,133.27770226667457,4,0,0
172,8,151.96715279621597,3,1,1
204,2,137.15162559754896,2,3,1
259,7,106.35568389805131,2,1,1
287,9,113.34123487059084,2,1,0
33,9,128.4751471460729,1,0,0
347,8,84.17775625814662,2,1,0
94,11,159.8403463755468,4,3,1
71,14,131.54615723229935,3,1,0
38,12,122.99105071687875,3,2,0
153,10,167.69986236125885,2,1,0
249,9,115.19545427154522,2,0,0
161,2,112.70316011390332,2,1,1
117,6,100.61484943984142,3,1,0
258,4,133.7226803570374,3,0,0
305,14,132.33800433326059,1,3,1
267,4,93.34863197960374,4,1,1
53,5,112.89224091546399,1,0,0
235,12,93.61590925923068,4,0,1
221,3,91.80526184738038,1,1,1
250,14,50.804086730926116,3,1,0
312,1,110.76358985273778,1,1,0
111,8,51.91146935679954,4,0,0
254,5,101.48737254641955,2,3,0
302,3,95.49221416489566,4,1,0
206,10,162.07580229062415,2,0,0
228,14,79.40260774761433,3,1,1
340,7,89.55254460742097,4,1,1
65,7,104.7390344323371,1,2,0
74,1,96.79425393988896,4,1,0
102,12,174.77019189687505,2,1,0
191,9,74.45730507801522,3,0,0
251,2,104.82382004056632,1,0,0
225,5,133.28260996657627,4,0,1
293,13,155.24733372168026,2,1,0
305,14,104.79033776279186,1,0,1
97,5,43.276015979848296,3,1,0
337,14,113.99583113657981,1,2,1
285,8,174.0811390472286,3,2,1
334,14,131.28749629721707,1,1,0
346,8,129.45671449439732,4,2,0
307,14,77.47928033692014,2,2,0
248,7,73.37313638845342,4,1,0
165,7,120.72166594536397,4,2,1
334,12,62.94484310874368,3,0,0
29,11,151.2544888945004,3,1,0
246,6,86.1341500453455,3,0,0
105,6,119.01370877074025,4,1,0
50,11,44.56932324983032,1,1,0
80,9,104.24792526225973,1,0,0
132,6,72.56557811479188,4,1,1
284,12,40.0,4,0,1
137,13,141.6736835734527,2,0,0
183,13,185.64638156366294,3,1,1
329,2,165.17894357375786,3,0,0
272,2,147.26762759615218,4,0,0
339,13,103.43515328217816,4,3,1
68,5,152.23560914191305,1,1,0
33,4,168.95412794294913,4,1,0
261,11,125.47287318685173,1,2,0
52,2,72.6255931075191,4,0,0
204,3,100.02462805634516,2,0,1
125,7,188.10785953391746,2,3,0
234,8,117.01023327399335,1,3,1
42,12,40.0,3,1,0
239,13,61.243061453192254,2,2,0
110,6,103.02205187430074,1,0,0
248,11,161.43300953670274,4,2,1
150,5,109.07510590372353,4,1,0
182,13,162.1772661989304,1,2,1
335,1,98.95350585810043,3,0,0
94,8,41.42829911057548,1,1,0
7,3,100.33755365607661,1,1,0
359,6,133.7978000618514,2,3,1
183,3,130.47801397365254,1,1,0
280,7,69.79569002973457,1,0,0
194,13,105.95215192784939,4,3,0
351,14,227.38696952256294,2,0,0
194,7,70.66924694812494,4,0,0
154,12,146.42893577854994,4,2,1
92,9,40.0,3,1,0
159,5,154.55167298278647,3,0,0
60,8,84.30698439246214,2,0,0
121,10,136.0835303281176,2,1,1
50,10,68.33897592927195,3,1,0
276,8,131.6341120070683,3,3,1
4,1,83.65398817034247,3,1,0
91,12,91.39807268133498,3,2,0
169,5,137.67944025580124,3,0,0
316,3,102.78458094411936,4,2,0
21,1,135.21525792865245,2,1,0
325,4,112.36634725426597,4,0,0
0,8,122.699747249891,4,1,0
132,3,137.80345885413607,1,2,1
232,10,105.99926181635436,4,1,0
11,2,80.15800855992904,3,1,0
345,11,98.7075093628084,3,1,0
45,9,167.80556719333742,1,1,0
33,10,124.64692336306199,1,0,0
77,5,86.20406186358105,1,1,0
217,14,136.06242433550875,1,1,1
300,7,138.73262339756553,1,1,1
72,11,140.79996303191243,4,1,0
281,11,80.88651198514857,1,1,1
248,2,92.7043602285642,4,2,1
46,9,92.92683134451954,2,1,0
120,13,105.57408351735234,1,1,0
213,9,141.55676740574938,1,2,0
238,4,131.84739218924054,4,1,1
55,4,135.0086782862865,2,1,0
349,6,174.1607656948609,4,1,1
106,10,147.5556372996652,4,0,0
318,10,114.3279350001565,1,0,0
47,10,72.64459295790002,3,0,0
60,6,91.41811966116519,3,0,0
336,12,109.53179729287092,4,3,1
25,1,153.16519309344454,1,0,0
291,14,118.90672263575627,2,1,0
256,14,93.75216180446228,3,2,0
7,9,90.68428457091096,2,1,0
112,2,117.21687164315095,3,1,0
354,5,155.59950248868398,1,0,1
252,9,183.6407722310047,4,1,0
179,4,111.7692560788133,2,1,0
206,11,118.21027276949607,2,1,1
302,3,71.44233175370468,4,0,1
126,7,197.56770276397864,2,0,1
55,6,63.95988647375664,3,0,0
213,8,166.86649247122202,4,0,1
13,3,105.38656187950117,3,1,0
27,5,96.02534024638723,3,0,0
77,10,75.59985712456293,1,0,0
215,4,216.40194597628533,3,2,1
364,13,128.85966493113577,1,0,1
153,4,120.85121748416253,2,0,1
13,4,155.46929438218172,2,0,0
186,10,93.96669097480148,1,0,0
311,8,120.07383820924024,3,1,0
6,6,122.25345147248484,4,1,0
2,3,99.51417070607468,4,3,0
110,10,167.98552316743655,1,1,0
237,5,111.25382354016384,2,1,1
362,6,57.87471786524682,2,2,1
238,5,107.94010545916505,4,1,1
273,6,129.9671468685559,1,0,0
293,8,84.26027064449566,4,1,0
226,7,87.41620827318243,3,1,1
14,5,98.14963847495838,3,1,0
191,10,168.84942640267843,1,1,0
118,6,100.51367909417175,1,2,0
27,14,177.16468074204124,3,0,0
201,4,95.40198247406657,2,2,1
38,12,133.0005654502617,1,2,0
272,9,102.15029303120996,3,0,1
230,13,150.16332681161887,3,0,1
85,4,75.26903381738883,2,2,0
125,1,149.71437918308925,2,1,0
299,7,124.55477601238735,2,1,0
24,7,94.40032732890204,2,0,0
144,4,113.35114061159398,4,0,0
12,13,181.354197641287,2,0,0
211,14,125.51378019523133,4,0,0
24,3,91.89087936349445,1,0,0
67,8,71.81226868687548,3,1,0
66,5,140.2161709372399,4,1,0
232,10,127.83380988042742,1,0,1
108,7,147.80082780352893,1,0,0
145,4,61.51101041240631,4,0,1
110,4,73.10958188434,1,1,0
227,8,165.87516797007598,1,3,1
110,14,133.2536658711736,4,1,0
33,8,141.33603404950247,1,1,0
110,2,81.49251871568187,2,0,0
263,14,80.76051206684326,2,1,1
235,2,159.65034632768354,3,1,0
82,3,161.53510619060597,1,1,0
41,12,76.46722051883785,3,1,0
100,12,68.8251801658862,2,1,0
5,3,115.65628117150223,2,2,0
179,1,88.02606186495976,2,2,0
281,14,87.19292483815897,1,1,0
319,3,69.94487014290429,1,2,1
225,6,101.26264606878533,2,0,1
314,8,73.81221029468536,3,1,0
364,13,76.18396387963054,3,1,0
228,12,131.93567386265218,4,1,0
288,14,117.79207062850494,2,2,1
149,10,139.39514726128527,3,1,0
276,6,54.03866258602774,2,0,1
197,5,120.39522439319053,3,0,0
69,4,203.0255016866335,4,1,0
111,3,105.10910062857603,4,0,0
3,13,152.9899602628919,2,1,0
349,4,152.64027395097693,3,1,0
330,14,154.60794432005102,1,0,1
317,7,126.66646748229292,4,1,1
349,1,142.64343930976855,2,3,1
94,7,147.9605448005202,2,3,0
151,1,145.41784113257432,3,0,0
310,2,75.30327305946415,2,0,0
136,4,51.70462069824053,4,1,1
246,1,57.856658263407716,2,0,0
242,11,109.19360030469345,2,1,0
30,12,143.75706937690578,1,2,0
39,11,75.82354889953662,1,1,0
228,11,156.95881834337615,4,3,1
35,9,99.90899301968454,3,1,0
222,12,100.28979155223685,1,1,0
5,6,86.555720164816,3,2,1
321,13,44.608545639349046,4,1,1
219,1,129.17256513738587,1,0,0
74,1,188.50670851354278,3,1,0
3,6,117.49341905869747,1,0,0
334,4,45.9747343322059,4,1,1
133,4,151.21371246465785,4,0,0
117,11,55.00808039588043,1,0,0
93,6,71.63862412043258,3,0,0
61,14,110.46647310745716,2,3,0
193,12,124.91373754160792,2,0,0
334,11,79.65343995332687,1,2,1
202,7,108.90735773736078,3,3,0
25,9,148.6064960304274,2,0,0
172,10,154.08715539232074,4,0,0
299,5,170.05825687257058,3,1,0
132,9,196.37674609173973,2,1,0
325,4,152.39557286644467,3,1,0
117,13,111.33053942383039,1,3,1
323,10,154.3725516449189,3,0,0
274,2,138.66864936020727,2,0,1
211,3,140.2546791010502,1,0,0
224,13,127.08875140286742,3,0,0
19,11,83.51783591384374,4,0,0
112,1,78.87614368712279,2,2,0
139,14,116.11527195699429,1,2,1
46,14,125.95640303385488,3,2,0
0,6,92.82236308273148,4,1,0
89,13,136.933677944343,2,1,0
141,6,203.2306361615676,4,2,0
319,1,50.226771228869694,3,0,0
37,11,143.28977910255043,3,2,0
292,13,117.36101516436759,1,1,1
138,3,138.02622221338618,4,3,1
355,5,102.77141198158836,1,1,0
332,3,114.15760459811332,2,1,0
258,10,125.18001804032396,1,0,0
160,3,107.93464465858958,2,2,1
177,14,59.17834730520405,3,1,0
9,10,110.64339877422188,3,0,0
260,3,63.34265487215224,4,1,0
137,5,146.12772442321238,2,0,0
171,13,45.3781959568751,3,1,0
12,5,161.14617517823558,4,2,1
167,4,137.1825200081392,4,0,1
129,1,137.33554462935578,1,1,0
83,5,40.0,4,0,0
320,10,106.85602247633776,3,1,1
318,5,166.1425371463944,1,1,0
100,4,99.25568083878821,2,0,0
328,6,76.87751400145143,2,0,1
272,10,94.53319619977151,3,3,1
264,4,117.26889509442648,3,0,0
37,14,85.94518198748756,1,0,0
93,7,169.35268928357175,1,1,0
94,7,117.4132988003843,3,1,0
304,2,97.77722608208288,3,1,0
68,3,67.94625892657683,2,1,0
317,1,139.37786421115752,2,1,1
235,8,138.46665178845453,2,1,0
333,9,88.31164375261233,3,1,0
136,4,40.0,4,3,0
75,6,136.43048758303536,3,1,0
34,9,112.5278643495599,3,1,0
0,6,133.44284671702675,2,0,0
295,14,198.28698134558553,3,0,0
319,12,118.92672625163762,1,0,0
59,12,99.44645532628913,3,0,0
319,12,74.10712129406639,3,3,0
348,9,107.50312834019803,3,0,0
327,4,126.42309398462565,3,2,1
266,8,122.13229682395041,4,2,1
360,9,188.93861360268411,3,1,0
228,4,139.9634226186377,1,0,0
269,5,114.60796513971161,1,1,1
315,14,91.73757684666109,3,2,1
285,8,130.66691055133282,2,0,0
290,12,83.71967366469363,4,2,1
212,10,127.19324318151625,3,1,0
164,14,139.49655707619374,3,2,1
4,6,111.3419110891421,3,2,0
338,12,94.78854223739432,2,0,0
77,7,40.0,2,1,0
61,3,165.75346905681562,2,0,0
131,7,136.13201560981128,4,1,0
88,12,137.1046912633913,1,1,0
236,14,57.54590656890801,4,1,1
41,8,175.19354798960228,2,0,0
88,10,101.39132533527679,1,0,0
295,6,108.44818789202056,1,2,1
327,10,77.228525783247,2,3,0
294,9,48.522170746406076,2,1,0
103,13,166.29385246894267,4,2,0
13,6,171.46389477590498,2,0,0
287,12,113.3788739458669,1,0,0
178,9,92.82461720774599,3,2,1
124,13,104.91823323462967,2,1,0
352,4,106.01540039857801,2,0,1
22,8,72.00561111281607,4,1,0
62,11,108.30979138224639,4,0,0
142,4,126.12407971737302,2,2,1
152,2,160.72628990595007,1,2,1
144,10,120.56976656054849,1,1,0
224,11,56.945931644022565,3,1,1
308,9,134.14191452794705,2,1,1
103,5,109.76277753320987,4,1,0
103,4,174.81638775935465,1,1,0
38,2,177.1783120817603,3,0,0
197,1,178.578172490692,2,1,0
133,11,97.53648258506882,1,0,1
66,7,199.5942029335023,2,2,1
178,6,134.03770019582828,2,0,1
41,2,185.0552162267453,1,1,0
14,8,99.89521544672961,1,0,0
110,11,108.05613049561494,1,1,0
156,4,130.96109410688342,2,0,0
288,8,126.07510438455759,2,0,0
230,7,170.1924777387668,3,0,1
156,5,110.71482725806183,4,0,0
37,10,166.58459961241425,2,1,0
96,10,149.28938028530612,4,0,0
288,12,111.46431125571405,1,0,1
253,8,146.18706469929253,2,2,1
195,14,101.06939812667805,3,1,0
85,9,214.00823200022887,3,0,0
321,5,40.0,4,0,0
9,10,146.91772817980157,1,1,0
4,5,49.41616362891811,4,1,0
122,2,110.97373187127725,1,1,0
329,5,116.57567642115016,3,0,0
352,3,180.30534235654736,4,2,0
117,7,92.31391151692439,3,1,0
293,10,172.32047662647113,3,0,0
158,5,72.84733439100813,1,0,0
302,8,173.86678895019463,4,0,0
227,1,101.0261823238611,4,0,1
364,3,122.93738076964476,3,0,0
215,3,106.54485347558384,3,1,1
183,9,171.29453896462417,1,1,1
14,5,163.5095937293499,2,1,0
156,12,137.740068823381,2,0,1
135,9,73.92526461652903,3,0,0
260,13,91.3991252787903,2,2,1
156,9,78.85693897975499,2,0,1
46,1,40.0,2,1,0
323,2,170.45272407400185,2,1,0
331,5,106.88705894629213,3,0,0
172,4,106.46024142830811,2,1,1
129,10,179.8440893370224,2,0,0
94,9,100.9604559045453,1,1,0
114,7,86.38116257256277,3,1,0
242,6,111.01017517940062,4,2,1
291,7,74.69323792492415,4,1,1
281,1,133.77423077151826,1,2,1
298,1,105.05351686943318,1,1,0
282,8,99.7091435762475,3,1,1
68,13,96.24387311918791,4,5,1
147,13,115.75114024631955,2,1,1
10,2,123.33924502079404,1,1,0
253,12,99.20099646369913,4,3,0
329,10,105.64936255619413,3,0,0
359,11,116.73908692722604,2,1,0
37,9,112.70327457841844,3,1,0
133,7,121.24303867500055,1,1,0
199,6,92.93316787007944,4,2,0
22,1,160.1837163650596,4,0,0
302,1,123.87312709638068,4,0,0
345,2,99.8461298870049,4,1,1
301,6,133.7753686951414,2,2,1
362,14,117.02525604725142,2,1,1
217,6,50.64694582065327,3,0,0
140,2,133.63810760886506,2,2,0
103,1,79.21975190463252,1,2,0
209,10,157.3771113292523,1,0,0
110,5,110.33001444426212,4,0,0
103,5,151.20281189564255,1,2,1
315,2,94.79125787209571,3,0,1
170,6,122.79717068562559,2,0,1
355,9,168.40974002027505,2,3,1
323,2,109.2393381434071,2,0,0
132,10,96.36731605056781,1,2,1
292,2,146.20162455127158,2,1,0
327,3,145.42646387003842,4,0,0
126,13,98.05003466340725,4,0,1
105,7,40.581559183289514,4,0,0
91,6,95.59908090006576,1,0,0
286,12,147.0943808674569,2,1,0
50,8,88.99863242305103,1,1,0
28,8,119.56248651935218,2,0,0
295,6,93.70060248134624,3,1,0
296,12,42.713313498958016,3,0,0
213,11,92.98075291840289,1,3,1
266,10,146.9252808275885,4,0,1
256,3,40.0,1,1,0
301,3,130.086694019023,4,1,0
100,1,72.55723074402347,2,1,0
345,7,144.3376827789677,4,2,0
109,5,148.57275743494614,4,3,0
181,4,113.12208260354896,2,1,0
312,10,113.21327364875111,3,2,0
0,4,87.74549211454794,2,2,1
318,14,66.17666399580136,1,0,1
54,4,187.9237162533493,1,2,1
148,6,85.39714291315488,1,1,0
308,8,182.7118452478589,1,1,0
136,8,85.61999840799292,1,1,0
201,5,141.00761561350913,3,2,1
312,6,74.48771361385461,3,0,1
116,4,140.93580067608062,4,0,0
153,12,106.97650571387513,1,1,1
290,14,107.49935357297318,2,0,0
62,11,144.40092679137803,1,1,0
243,13,101.23434539683608,3,0,1
24,9,62.8740601821961,1,1,0
89,8,150.4522225363781,3,1,0
74,10,74.16397640070687,4,2,0
293,12,140.6606913759164,4,0,0
209,10,158.91986181332,4,1,0
346,1,104.9802445459113,3,2,1
16,2,167.29411376367136,1,0,0
127,9,139.27134831445136,1,0,0
363,8,92.16554319420898,2,1,1
250,14,176.05716009064298,3,1,1
178,3,74.33312713042439,2,2,0
181,8,104.93198280385738,4,2,1
151,12,111.74740785522684,1,1,0
24,1,144.2089480407302,3,1,0
179,10,164.61733189524537,2,4,1
197,4,162.11166227610855,2,3,1
343,3,128.94993278297224,2,2,1
160,6,108.78923582145732,1,1,0
176,7,46.96063033489479,1,0,0
284,4,67.43416582179134,1,0,1
62,7,190.66621957165742,3,1,0
149,9,46.55712049989843,1,2,1
153,11,88.62037427031561,3,1,0
155,2,165.7842512820036,2,0,0
48,11,128.38853196789466,2,2,0
336,3,157.1218028402277,4,0,1
83,5,141.71313405082705,1,1,0
360,3,178.78330149443545,2,0,0
176,11,131.81709146259539,1,0,0
147,8,146.53790916606044,3,0,0
117,12,91.03013871766638,2,0,0
341,10,143.45331902312546,1,0,0
62,8,104.15495608043085,2,1,0
188,8,101.8757652807715,2,0,1
359,12,155.7889405858855,1,0,1
48,12,156.06493504237454,2,1,0
326,9,187.53768622984524,2,2,0
256,4,184.93052741944803,2,1,0
223,5,156.69260645435102,2,1,0
140,5,51.1821755905315,3,0,1
214,8,193.10723931798785,2,0,1
210,7,156.71870682665448,4,1,1
317,9,89.36559639654789,2,0,1
31,14,149.15636622251128,1,2,0
157,8,78.50937036149087,4,0,0
284,2,144.7452048043897,3,2,1
304,10,67.34919835703603,4,1,0
285,12,87.67126364853453,4,1,0
143,4,148.39716516802108,4,1,1
18,6,162.91546971971576,1,1,0
17,12,133.0174743773524,1,2,1
256,2,108.55325453248118,1,2,1
77,7,40.0,3,1,0
174,3,111.63915601394561,1,0,0
193,13,141.3394030729811,1,0,1
112,3,107.32939576257411,4,0,0
113,11,119.09688235622328,1,0,0
221,2,112.57530128328317,2,1,1
165,11,107.13175128714265,1,2,0
318,8,123.0350955983925,3,3,1
131,6,109.09221671390158,3,0,1
263,1,177.73158214527768,2,4,0
54,12,40.0,3,1,0
358,1,98.1662965611569,3,0,0
130,7,85.18975105931099,4,1,1
287,8,128.7644240013764,2,2,1
265,5,123.08579143532505,4,3,0
161,12,184.88772406197717,4,0,0
86,11,198.0456819319118,1,1,0
54,5,89.07666177718076,2,0,0
287,4,120.02000260134518,1,1,0
177,14,127.85217667697421,1,1,0
348,6,88.08745006650656,4,2,0
7,14,145.1352814415049,3,0,0
320,6,110.41970524940221,2,2,1
312,3,77.29460597596088,3,0,0
246,9,108.81726782933828,4,0,0
322,12,80.09301709037405,4,3,1
254,11,161.46587317677023,4,1,0
327,14,196.06237020454682,4,0,0
53,7,129.79277495578157,4,1,0
248,1,124.45107072213102,4,0,0
238,13,126.09739067496743,3,1,0
228,7,167.2893611575326,1,3,1
66,5,166.42796014388733,3,2,1
50,5,115.37385725807076,2,0,0
96,14,130.10359709516365,3,0,0
91,13,146.10585628708313,4,2,0
263,2,74.49250173797064,3,2,1
290,4,168.50432949681826,1,1,0
95,12,189.3932756490891,2,2,0
87,6,166.6012841935783,3,1,0
77,10,70.1762435354178,1,1,0
287,11,41.199981783245036,3,1,0
119,7,148.34874694071726,2,1,0
301,11,89.59242204151654,3,0,1
164,5,131.48533416491944,4,3,1
181,9,181.40594880030193,3,3,1
222,3,93.7217929440636,1,3,0
310,1,104.8978137436416,3,0,1
6,4,131.06891890353265,1,1,0
329,9,68.09961440071078,2,0,1
262,4,89.68575215976495,3,0,0
160,2,120.99430015005076,2,1,0
150,10,107.98180524728994,2,1,0
84,14,144.33631015196906,3,0,0
146,14,230.6391845775707,1,0,0
111,5,123.96553357672498,2,0,0
35,3,86.33152215847963,2,2,0
284,13,176.72961419030258,3,1,0
187,12,56.44726098719115,3,2,1
81,13,64.44367315883571,3,2,0
1,9,96.19586245409106,3,1,0
302,4,108.68453117921499,3,2,1
196,6,95.23709053931165,4,0,1
10,2,118.73950702307909,3,1,0
233,6,130.9896761098538,1,1,0
194,3,162.75838141100553,2,1,1
118,12,123.64753095375129,1,1,0
19,12,97.52215009219594,1,1,0
260,9,160.58581545757647,4,2,1
292,11,87.29138097079476,3,2,1
255,2,54.69589017250708,2,0,0
221,12,168.23824071618168,1,2,1
225,12,165.67412979243886,3,0,0
52,9,88.30806431183575,3,0,0
354,5,104.03604584716298,4,1,1
341,8,83.32289818680282,4,2,1
363,2,133.06496870260537,4,1,1
279,6,189.2819716547233,2,1,0
80,3,148.11527194380488,1,2,0
201,12,161.4289857033213,4,0,0
157,12,152.78913326764047,4,1,1
119,14,119.99523405763627,4,2,0
58,10,163.33361751645262,1,1,0
214,5,149.80122251651198,1,1,1
127,12,177.57782860612545,4,0,0
223,8,101.61804235352975,4,0,0
208,10,50.47553441818454,3,1,0
114,14,161.8100405949231,4,1,0
208,1,133.99078082424234,2,1,1
13,5,108.15815598715055,2,0,0
8,3,110.39388750770036,4,1,0
39,4,222.18745303608463,1,1,0
236,2,94.31221389862915,3,1,1
280,9,85.86786772694667,1,0,0
358,3,123.41136933973407,4,0,0
200,2,167.21963511891843,2,2,0
245,10,211.13607946116912,3,0,1
277,11,146.29459853558285,1,1,0
234,9,69.1836502408228,1,2,1
3,7,198.83457082871195,4,0,0
153,6,119.22125203691611,3,2,0
28,1,86.49162272420122,2,1,0
108,5,76.82430171602584,4,0,0
97,12,153.45314877341823,3,0,0
214,11,129.55317544745657,1,0,0
292,14,133.80301507783403,4,2,0
74,11,171.46012476287723,1,0,0
325,3,87.91381633961424,1,1,0
145,1,174.64618513094592,4,1,1
127,4,99.23370708825239,4,1,0
340,13,206.56029495649426,4,0,0
41,2,143.9495606397256,4,0,0
355,2,83.19045880894491,4,0,1
40,3,40.0,1,1,0
33,8,152.35698889116046,2,0,0
16,8,105.03278896039265,2,0,0
164,12,113.77737221912658,4,1,1
152,7,150.6478403669643,1,2,1
75,6,160.4165530500262,2,3,1
86,9,168.94841362677164,2,0,0
116,4,73.00634766468254,2,0,0
361,12,177.03578998498355,1,2,1
341,1,96.83818655327403,4,0,0
26,8,40.0,4,2,1
312,7,72.86238612559816,4,1,0
286,7,128.7210036853026,3,3,0
133,3,80.84743015675443,3,2,0
218,4,116.47822123295825,3,1,1
167,10,133.53009950116714,1,1,1
97,9,112.74458387562856,2,1,0
267,6,100.22582648573132,2,0,0
236,5,69.97215748047095,1,0,0
308,3,120.87775232861328,1,0,0
172,9,40.0,4,0,0
189,5,92.56007833122314,4,1,1
121,5,82.88863563756956,3,1,0
45,14,110.4249259396434,3,2,0
63,4,111.46680802762923,1,0,0
129,14,158.3982669773498,3,1,1
309,4,183.33909108998398,2,1,0
362,12,75.2888463905212,1,0,0
192,1,199.7133050108012,1,1,1
306,7,88.82817601914272,2,0,0
180,9,126.90107131692359,4,0,1
291,3,140.4345195659327,4,0,0
281,12,217.78331010330024,2,0,0
28,13,98.30870648949343,2,1,0
148,2,48.13047948087787,3,0,1
266,3,179.61517880771925,1,0,0
295,1,86.6650576481826,3,2,0
10,6,105.53645677697628,2,0,0
163,11,75.29001384295299,3,0,0
112,11,105.65184907804324,2,1,0
186,7,86.38433855178236,3,1,0
294,11,147.05767265979085,3,1,0
231,11,123.23166518887918,4,2,0
226,2,92.75779357541285,2,1,0
309,8,159.8348790663571,3,0,0
97,14,130.19987002698394,1,0,0
54,6,46.15806998223778,3,1,0
110,14,156.78813256337207,3,1,0
151,4,127.39471535410539,1,1,1
245,5,175.62929950366168,2,1,1
68,8,124.9566970537058,4,0,0
311,14,88.3316259772962,4,1,1
288,3,111.82818666792652,4,2,1
249,3,152.15677323522883,1,1,0
35,14,89.1705176119655,3,0,0
238,14,102.38812851569766,2,2,0
147,11,111.13245680003732,3,0,0
226,4,74.02513559136509,4,1,0
243,1,89.74706301485702,3,1,0
336,9,126.90200767216761,1,1,1
364,8,168.09910990612033,1,1,0
200,8,132.685879388419,2,0,1
153,14,118.16554962523914,2,2,1
72,10,86.74916904190756,4,1,0
200,6,163.8064164688093,2,1,1
295,7,137.3402199978737,3,0,1
16,6,91.73080945923041,1,0,0
128,9,155.945938347396,1,1,0
216,3,142.38308246041868,1,0,0
60,14,87.45878602535056,2,2,1
103,3,115.94486974943199,1,0,0
41,3,100.28909087028252,1,1,0
24,10,225.3415176012642,1,0,0
38,3,141.26979532502634,4,1,0
290,9,127.47048219392961,4,0,0
130,12,138.90652224306854,2,1,0
228,4,175.16650352789992,1,1,0
107,13,116.66479422246138,2,1,0
171,7,96.40362808536975,1,0,1
101,14,153.7713291238967,1,1,0
353,9,113.00221735994752,1,2,1
11,11,77.20418683677987,2,1,0
274,12,69.41254272975766,2,1,0
100,7,181.17186203358133,1,2,0
43,9,125.26578267677138,3,1,0
304,12,96.41730464030395,2,3,1
16,3,110.62660355831746,4,0,0
329,4,152.29778872033407,2,2,1
56,14,108.2637793663182,1,1,0
310,8,62.023210832903274,3,0,0
302,6,133.033634085917,1,0,0
11,5,168.33391270294254,4,0,0
317,13,165.65857271889,2,1,0
79,4,97.62680247451019,2,2,1
215,8,170.76690625833518,1,1,0
338,1,128.5179989468649,1,1,0
263,14,169.64589375514907,4,1,1
148,9,142.94748120010215,3,0,0
80,1,59.13612629469321,4,1,0
214,8,189.86955750033385,3,1,0
197,4,122.07135404795814,2,1,0
199,9,143.07175295655267,3,0,1
24,14,66.23821486112624,3,0,0
88,11,140.21306000312262,2,1,0
267,5,164.1171093097064,2,1,0
142,3,197.41281346393617,2,0,0
58,9,176.0159917918113,4,0,0
364,11,142.16898815784157,2,3,0
25,14,58.22490586606455,1,0,0
46,14,125.29091161989686,2,0,0
287,9,96.29961739148278,2,0,1
265,4,129.39911499264988,2,3,1
15,11,71.34696668819603,3,0,0
198,4,111.59332368832393,4,0,1
281,12,99.31267664775726,2,1,0
85,8,98.07334576123014,4,1,1
249,2,98.47055256035382,1,3,1
269,9,114.56581134447022,1,2,0
334,13,131.44779036192088,2,3,1
116,14,40.0,1,1,0
6,6,40.0,4,0,0
136,9,106.45234640312499,3,1,0
175,8,112.08923821177542,2,2,1
327,7,127.56444866415762,1,1,1
314,13,90.89310580575103,4,2,1
214,14,120.37860776090727,4,1,0
81,1,125.0609282007222,1,0,0
222,14,90.61767612538114,4,0,0
102,12,160.53823286964405,4,2,1
272,3,127.07945245820243,2,0,1
13,11,141.87844381853162,4,2,0
158,14,122.7538292513541,1,0,1
151,2,204.14692412246882,2,1,1
107,5,143.85588276470614,1,0,0
187,5,100.48026735171099,3,1,0
300,5,152.83867537473603,1,2,1
97,4,54.49580330173313,1,3,0
130,5,124.78401050668417,2,1,0
292,3,132.76641160367961,4,1,0
170,12,125.24083048314793,1,1,0
182,1,106.6488451664445,2,0,0
363,5,79.5090657265194,3,2,1
38,13,88.4261195179615,2,1,0
14,9,124.08299664989535,2,1,0
3,13,75.45923070288029,4,0,0
348,9,190.80670462589092,1,2,0
209,4,40.0,3,2,1
160,3,107.06248529821585,2,0,1
15,1,124.41558556430789,1,1,0
107,2,140.29683711333155,1,0,0
310,8,83.36301090950292,2,1,0
226,1,165.3717917555285,1,0,0
169,8,64.24675824748309,2,2,0
33,13,97.35485645569727,2,2,0
250,7,144.82990221117694,2,1,1
246,8,161.6075425917101,3,1,0
268,12,63.83994814475609,2,3,0
140,6,225.80147161660634,4,0,1
273,12,84.10033747331161,1,0,1
95,14,67.5127008988887,3,1,0
226,9,140.10859567093027,1,1,0
38,3,106.06826185674171,3,1,0
301,10,100.15790749841022,4,3,0
28,4,143.82576230278877,3,1,0
317,13,58.90817238288763,3,0,0
244,6,51.9146240010119,3,0,1
235,8,96.10306539427087,1,1,0
184,5,163.11606957813302,2,1,0
271,3,97.83778826348865,1,0,0
235,6,183.96626738114458,2,0,0
238,4,168.04059044687563,1,0,1
265,9,131.31784738029938,4,0,0
358,13,133.58895437499027,4,0,1
339,3,131.28010500067424,3,0,0
64,4,126.388709147284,4,1,0
176,7,105.35033210087282,3,1,0
2,7,109.9924866717135,2,2,0
141,12,77.20159373629672,4,1,0
157,12,40.0,2,1,1
323,4,164.162824371282,1,2,0
145,6,126.29033747141193,2,1,0
292,12,120.24845422487145,1,2,1
152,13,135.9379649143152,2,0,0
192,3,86.86410180825405,2,2,0
72,6,79.95751146462268,4,0,0
304,12,108.6526122528739,2,0,0
343,2,174.7239392705525,4,1,0
139,8,73.25035886027494,4,1,1
186,2,40.0,3,1,0
292,11,99.1439563272499,3,3,1
60,7,165.70799664940733,1,0,0
197,9,50.698239025825856,2,0,1
294,1,72.78865584708512,1,3,0
318,8,130.54186962312676,2,0,0
301,7,222.79628141901338,3,0,1
343,6,65.67153325895218,3,3,0
10,6,64.12263634128163,2,1,0
61,6,133.5479347535674,2,0,0
332,9,168.18697759974816,3,1,1
225,2,95.03605150697159,3,0,0
152,1,55.14423375511325,1,2,1
198,13,137.34996883545384,3,1,1
51,12,144.59365589211893,2,3,0
259,6,191.14620506152994,1,0,0
58,10,146.27788449297117,2,0,0
71,11,153.12264305489518,4,1,0
147,8,109.51419424528378,1,1,0
348,3,217.6601736867787,2,0,1
62,12,104.07431957646119,3,2,0
309,10,95.5231151435292,4,1,0
242,1,192.38059674074427,2,0,0
329,9,61.0305088441836,1,1,0
106,13,46.1036646188834,2,2,0
225,13,124.78227698393938,4,0,0
312,1,119.93053906897218,1,1,0
217,3,110.88448073797352,4,2,0
240,8,159.75719028486606,2,1,0
258,14,83.67175270845718,3,0,1
261,3,122.56668502498697,3,0,0
4,13,105.59576189447252,2,1,0
260,4,84.35125999572998,2,2,1
53,8,117.52639664157266,2,1,0
46,1,154.1038321318041,1,0,0
214,13,204.82272481722006,4,1,1
176,13,143.17675931595878,4,4,1
8,6,40.0,4,2,0
98,1,118.47439658233404,2,2,0
19,14,121.9921116361133,4,2,0
240,1,157.448360383198,2,2,1
60,14,127.39241209958956,1,2,0
177,8,170.12355669208307,3,0,0
337,11,135.66682462461085,2,1,1
61,4,182.35192277991555,2,1,0
144,12,102.45016319806827,3,2,1
215,1,125.77373869186775,3,1,0
2,10,153.06566141559586,1,1,0
159,7,97.11223718826226,4,1,0
226,5,88.39948791675695,2,1,0
268,5,94.8259160125326,4,1,1
119,1,90.0313753164431,2,0,0
88,14,140.9024768350131,1,3,0
328,10,46.60767881461777,3,3,1
67,11,57.76119894728372,1,3,0
356,6,194.5098596942905,3,0,1
97,14,90.9961311610329,4,0,0
266,9,128.00059404686994,4,0,0
104,9,60.43414328403487,1,1,0
322,8,123.76497071157104,3,0,1
122,5,91.23973329274384,1,0,1
28,1,57.476420073583434,3,0,0
136,9,173.47681750258852,3,0,0
194,1,167.30262908243486,4,2,0
225,8,115.70580837143935,4,1,1
331,5,159.97676130711645,3,0,1
169,3,196.1317075090864,3,2,1
8,11,150.16303732632358,3,1,0
39,7,139.18718958039852,4,3,0
24,7,127.95798785933238,4,3,0
260,9,145.97989459436957,2,3,1
225,7,105.44322426041454,3,2,0
123,13,108.93456523354213,2,2,1
37,11,138.03565500850058,3,1,0
327,14,101.04540519361885,4,4,1
250,3,105.3680130882599,2,1,0
175,11,120.00746658539893,2,0,1
89,13,166.02430202372275,1,3,0
36,14,74.6934498576141,3,0,0
315,13,150.36714010821044,4,1,1
175,1,151.67185651213882,1,0,0
283,8,151.43248037187237,1,2,1
80,12,87.73014479162045,3,1,0
113,3,52.292735379562515,1,1,1
39,12,142.38801889645688,3,0,0
300,8,127.50155137655848,1,2,1
223,8,160.17506539052528,3,0,0
317,13,91.97852687961847,4,0,0
348,5,150.40473505025443,3,0,0
114,13,162.17648448877645,3,1,0
185,12,116.18761115802597,2,0,0
322,13,136.67718013059266,4,2,0
55,1,135.2786583009638,4,2,0
39,13,87.141218838814,4,1,0
353,10,141.2438640913843,1,0,0
39,7,184.89993363604054,2,0,0
346,12,120.88815738170547,4,1,1
236,10,61.563002453933706,1,0,0
288,5,92.51093876343961,1,1,1
261,8,48.8228220459349,1,0,0
215,9,171.6104451618426,2,0,0
146,11,150.5642118531238,1,1,0
335,14,99.94522913328726,2,1,1
167,7,63.27760312124254,3,2,1
91,14,86.66820167030039,1,0,0
352,13,94.4689213721141,4,0,0
58,7,124.37630396080233,1,0,0
58,1,123.03037372793519,3,0,0
303,4,173.6572790149481,3,0,0
168,2,92.28980569207829,1,0,0
268,2,59.672485825842855,3,1,1
362,2,73.72086099430831,2,1,1
44,4,119.07900582213996,2,0,0
344,14,90.85287732216837,1,0,1
180,1,108.31965817947896,2,1,1
169,4,101.83865678722225,2,0,0
355,2,159.60953814820732,4,2,0
190,5,96.52137251630711,1,0,1
154,3,104.9063169220876,3,3,1
187,12,148.69134324635104,1,1,0
6,8,97.40072355871696,2,1,0
132,4,136.9284949782807,4,1,0
234,1,133.25941048087034,1,5,0
44,1,125.67063435844318,1,0,0
313,12,74.62414469174041,2,2,1
248,10,169.19096898087747,2,1,0
30,3,208.82735186332457,1,0,0
22,9,120.35312553069579,2,1,0
159,7,78.14580506518499,2,0,0
362,2,121.16410833300091,2,0,1
157,13,159.59440562343997,2,0,1
38,9,95.39249297137572,2,1,0
81,10,114.84403263527241,4,1,0
355,2,133.62616545648567,2,1,0
257,3,168.121914088237,3,2,1
205,11,151.01694932357498,1,2,1
76,13,152.6747187812905,4,0,0
11,10,102.949257732943,4,2,0
294,14,136.07675820695692,2,0,1
223,2,91.12146691499483,1,3,1
12,3,153.82104399540844,3,1,0
45,6,166.04878563142455,2,0,0
154,9,142.1345427509049,1,2,0
112,9,105.30357652820739,2,1,0
232,7,111.85091487833607,2,2,0
16,12,192.26064842648037,2,0,0
359,3,105.97158221506015,2,4,1
222,4,161.9997666980227,2,0,0
353,6,133.55566392874087,2,0,0
187,11,106.6345420616063,2,1,1
343,5,66.21403890122299,3,0,1
364,2,128.4640152235403,4,2,0
162,13,123.6440346642449,3,2,1
325,6,192.26138685837333,2,1,1
73,3,85.59229218310007,2,0,0
232,14,211.7907436619114,3,0,0
223,8,135.15242117986372,3,1,1
318,2,135.11316884888632,4,3,1
59,1,96.2771146227108,3,0,1
334,9,132.58825230217874,4,0,0
221,14,138.92203712932852,2,1,1
36,12,157.49309167283508,1,0,0
277,3,80.86711169632228,1,1,1
195,11,176.27123423152153,1,1,1
351,1,134.45662095087917,1,0,1
241,7,144.32915581229247,2,0,1
323,13,111.16230953980958,1,1,1
218,10,82.87429446883797,3,3,1
191,5,122.9089850961315,3,1,0
16,5,127.49182199292873,1,2,0
11,14,64.58286927542036,3,1,0
192,1,151.731416206605,4,0,0
21,9,159.86098535586322,2,0,0
119,7,90.81341504715493,1,1,0
209,8,79.09658598911633,1,0,0
305,9,107.88154492502795,2,1,1
269,6,120.95580387945198,3,1,0
191,12,109.43315960338663,2,0,0
174,5,117.56328668916868,2,1,0
284,6,128.85910790703664,3,1,0
203,11,65.26924245097484,2,1,0
163,2,69.8681749078694,3,2,1
250,4,40.0,3,1,0
226,3,157.70180913813886,2,1,0
6,13,120.60908082469797,4,1,0
28,7,161.91404525860628,3,2,0
32,9,74.49048016754432,2,2,0
133,5,120.97629358132649,3,0,0
78,6,128.59306024466406,4,1,0
57,10,97.5287002067994,4,2,1
25,14,57.86288806132829,1,1,0
225,12,189.83485344540628,3,0,1
284,12,175.97133365080202,3,0,1
3,2,104.72270913098541,2,1,0
98,3,140.4091058067843,3,0,0
38,3,100.60837294572428,1,1,0
270,12,80.1838558790101,4,0,1
284,12,193.09046019828054,4,0,1
156,9,53.78524474376793,1,1,0
74,7,108.5798521211554,3,0,0
287,8,123.37295308968936,3,2,1
129,11,186.04946314749145,1,0,0
174,10,155.86354616944072,2,1,0
83,11,53.11000901730725,4,0,0
21,9,119.88999035863272,1,0,0
26,6,120.84240793457438,1,1,0
194,4,110.86646658802232,3,1,0
336,12,144.79236430121205,4,1,0
235,1,63.63572288976091,3,1,1
91,8,103.6545634985332,1,1,0
20,7,139.152749928523,2,4,0
302,2,147.18302740642565,4,0,0
356,8,125.97677894036788,1,1,0
83,12,108.46431198798804,1,1,0
261,5,115.2023490549411,2,4,0
146,7,149.61628489508948,1,0,0
256,4,121.3560313650184,1,0,0
57,5,78.32609818237884,4,0,0
14,8,70.66009664220387,4,3,0
161,1,60.41450314255563,4,0,0
162,1,178.22323273957414,3,0,0
319,4,152.2984734244978,2,0,0
280,3,115.74048467277811,4,0,0
279,13,101.84830059343665,3,1,1
11,10,97.0427996813057,3,0,0
273,12,163.7294843032884,2,0,0
270,2,196.17734032698962,2,1,0
207,12,95.78428304289844,1,1,1
26,3,165.5366208262284,3,1,0
71,11,121.12051661435557,4,2,0
59,11,111.50284280358134,2,1,0
144,14,180.16857131319694,3,1,1
92,11,119.59337117028892,4,1,0
308,1,131.85457757018543,3,0,1
7,1,129.93095731645784,2,1,0
78,6,54.976025333621934,1,0,0
26,5,131.53644594864247,3,2,0
173,8,97.49231902239069,4,1,0
49,2,63.15387439417515,2,1,0
198,4,99.31451678204951,1,0,0
348,8,98.98444521452217,4,3,1
180,12,161.19530156521324,4,2,1
23,6,77.44841535591874,4,2,0
315,1,88.40610243802982,3,1,0
45,4,129.4155304219205,2,1,0
14,1,66.9682491458301,4,1,0
152,13,93.63972967070666,3,1,1
221,2,53.42093058667112,2,1,0
205,5,156.80045840021586,2,0,0
272,14,107.94547518239257,3,0,0
235,8,119.3632861999103,3,1,0
339,8,156.6404127916436,4,0,0
227,11,91.10924465384453,2,0,1
8,3,107.52051965407983,1,0,0
165,11,77.74688002777035,3,2,1
318,13,77.6598511601675,2,3,1
213,4,83.17668423976485,2,1,0
116,10,100.30038436665339,4,1,0
343,11,104.60817863307739,1,2,1
71,14,131.5452860359352,4,2,0
63,6,84.35132207832402,1,0,0
204,11,132.78530703669907,1,2,1
208,11,139.4000516609291,3,1,0
71,10,101.28711268670935,2,0,0
276,3,87.81101710326476,2,0,0
273,2,123.4031612791996,2,0,1
319,6,111.8833014795822,1,1,0
337,11,128.8140731709418,2,2,0
94,13,182.7946574503987,3,0,0
165,5,122.74548193710862,1,0,1
31,14,94.43077754879472,1,1,0
10,10,84.36441552231766,1,0,0
300,5,85.91193474713666,1,2,0
216,10,61.48934771555517,3,1,0
288,13,157.30974433382315,2,2,1
101,5,40.0,3,1,0
266,10,139.52419270877223,2,0,1
213,12,85.27744373299078,3,1,1
178,5,99.5037914150353,4,0,1
87,3,84.08049433822445,4,0,0
40,7,177.83458638568123,4,1,0
75,6,120.65262406743108,4,1,0
45,4,151.6151410017141,1,0,0
159,2,172.02107434384024,1,3,0
79,12,126.53621896089615,3,0,0
309,9,72.1750491657915,3,2,0
85,1,111.17428999536912,4,1,0
91,13,90.3100794573519,2,5,0
147,13,99.85983352450805,4,1,0
160,11,116.21504829402845,3,1,1
201,14,114.63377431630943,4,1,1
241,4,136.48436644081147,3,2,1
352,1,142.29217175121948,4,1,0
1,13,114.6341929493417,2,1,0
224,6,136.1387567243167,4,1,1
288,4,98.02560580258233,2,0,1
232,5,172.59119302386014,2,1,1
76,5,97.37954847129416,3,1,0
115,9,167.8874593848971,2,1,0
153,1,60.95731632913113,1,0,0
102,13,104.78370970356616,1,0,0
193,2,106.76087305545578,1,1,1
165,13,131.15967178993895,3,2,1
358,6,154.47267212875295,1,0,0
89,5,70.02419187761888,3,0,0
173,11,75.6806783182837,3,0,1
121,7,63.92367729135049,1,0,0
142,3,172.8073678879367,2,0,1
105,3,131.9041977118849,4,1,0
304,10,76.62515166171508,3,1,0
359,2,102.27620504175718,1,2,1
316,13,167.2704558264598,3,0,0
122,3,108.87523078755048,2,0,1
8,10,106.51247448835308,2,0,0
261,1,88.74813172707766,1,0,0
72,5,79.00030744724948,3,1,0
358,14,167.33295241772626,4,0,1
222,12,186.95606354968243,4,2,0
40,5,80.59222388850608,3,1,0
203,12,176.19769316872478,3,0,0
263,11,100.50442334839579,3,1,1
327,7,141.3459198147555,1,1,0
177,4,176.4085521925763,2,1,0
347,3,114.19693617185472,4,1,0
317,1,106.88232318930564,1,0,0
83,12,152.04323855152742,3,2,0
317,8,75.60188651855003,3,0,1
110,13,165.8824551136172,2,0,0
250,3,125.71237569770332,3,1,0
6,13,96.88997967383293,1,2,1
83,2,95.83329586736582,1,1,0
207,11,64.66149952686536,2,1,1
313,4,98.55311333504041,1,2,1
21,3,109.43848952022395,4,1,0
2,13,77.54825873154073,1,2,0
126,1,118.18140095483982,1,0,1
296,3,138.91668338101982,1,0,0
187,12,111.46111456002325,4,1,0
361,2,146.50903306077066,3,1,0
13,8,87.71440068082654,1,1,0
11,6,160.1353105687976,2,0,0
86,9,124.87258823099432,4,1,0
11,8,181.81028679018974,2,0,0
24,10,216.56869248954933,1,0,0
300,3,101.19025630786875,2,0,0
242,5,102.83744492394169,1,2,0
121,7,110.1503151220513,4,2,1
146,5,143.8280900070206,2,2,0
54,8,173.0387988190036,2,0,0
237,12,93.88766063320787,1,0,0
355,5,135.2497706591229,1,0,0
172,1,114.5629084057693,3,1,0
220,5,144.72436410162354,1,2,0
118,4,180.3783077363076,1,1,0
308,6,110.3868705026794,3,0,0
182,3,53.205293333050776,1,1,1
287,11,149.75606707521172,1,0,0
306,5,86.69179125578191,3,2,1
299,2,114.27537052144889,4,2,0
81,11,151.48123347486455,4,0,0
210,6,131.89579414124432,1,1,0
149,13,115.9311989778782,1,0,0
36,12,96.96473150166716,3,2,1
351,6,40.0,3,0,0
311,5,147.93283263024807,4,0,0
360,6,109.88193203096944,2,1,0
58,11,180.53345113422904,1,2,0
130,7,135.9211211984748,2,3,0
201,12,98.35498509860628,2,3,0
242,5,162.6748035350416,3,1,1
34,1,166.0451762383276,1,0,0
92,8,111.23872742590089,1,1,0
206,4,167.7457946229291,3,1,0
352,9,97.78767778455811,2,2,0
331,14,126.38591077631612,3,0,0
304,10,142.85633550875122,4,1,0
349,12,151.39126336056756,1,3,0
212,6,144.8608739446356,4,0,0
158,1,106.6937127774731,3,1,0
23,3,163.74790562765764,1,0,0
292,3,115.02290707574326,4,1,1
3,10,97.23890550899226,4,0,0
219,12,97.82648130746676,2,1,1
363,12,197.5995356590534,1,2,1
19,4,90.32066287632222,4,2,0
151,6,171.66540907041787,4,0,1
49,7,74.58133216759322,2,2,1
176,10,139.51621780296745,4,3,1
95,4,131.8833380596334,4,0,0
104,6,184.84907518904913,4,1,0
249,11,93.8239241932594,2,3,1
116,1,82.77343128158452,4,1,0
353,14,115.33958486612072,4,0,0
227,8,186.5920731696181,1,2,1
65,7,84.63366080224928,1,0,0
334,11,40.0,2,2,1
261,11,122.3907134949313,3,2,0
294,9,157.98091671844037,1,1,0
242,3,79.44776269440548,2,0,0
185,2,153.91728693413057,4,1,1
245,1,78.56356059950174,4,0,1
124,3,114.13765857233284,2,1,0
267,5,150.1072926114423,4,4,1
130,14,72.50138393046245,4,1,1
236,11,127.26053326030217,3,1,0
17,2,168.5989404516895,4,0,0
39,12,138.95736396845405,1,1,0
20,3,91.17495769636929,4,2,0
224,4,180.74873410867175,2,2,1
354,7,146.3357004768996,3,0,1
281,13,45.58208000302773,4,1,1
7,3,154.56974458936907,2,0,0
99,9,97.14502990330892,1,3,0
239,8,127.86254190569858,4,1,0
86,4,160.32016017173038,3,1,0
297,13,98.01581661340664,4,1,1
13,1,54.17629543832744,2,0,0
333,1,180.22180767623314,3,1,1
1,1,166.58333884807791,4,0,0
292,1,116.50975947268218,1,1,1
324,8,154.1368580596846,3,0,1
40,3,105.22453071745262,1,1,0
317,6,123.878807070434,2,1,0
315,3,114.22848229453041,4,1,0
110,11,106.84223658570791,1,1,0
13,5,134.37210320343019,2,3,0
230,13,71.67284705417647,4,0,0
83,14,109.93676676937683,2,1,0
129,13,132.5791788993362,1,3,1
230,7,193.52402831846544,2,3,0
325,2,73.29863138749216,3,0,1
144,6,140.8221223092971,4,1,1
344,13,145.20595105711445,2,2,1
27,6,44.93125077269053,1,1,0
65,11,136.42128057637007,4,0,0
162,3,155.21140315935122,3,0,0
228,6,143.54610717529738,4,0,0
260,10,116.64290980509298,3,1,1
163,10,133.32960146089715,4,1,0
300,14,126.79378788996121,2,1,0
302,5,52.42170646739221,2,0,1
286,12,127.73281299017864,1,0,0
9,2,105.3171837607331,3,1,0
194,9,91.80711316008069,1,2,0
117,8,219.39879814346617,2,1,0
269,3,170.10462878478228,3,3,1
79,8,73.99311758742449,1,1,0
92,14,133.86544786263357,1,0,0
265,9,178.32101102257297,1,0,0
331,14,60.15203383695993,1,0,0
349,3,123.07932565628616,1,0,1
360,3,124.96290902877973,3,1,0
256,2,69.0202847000391,1,3,1
132,8,135.1820121844892,3,0,0
275,10,164.64985562072502,1,1,0
263,1,180.32190365676612,2,0,0
170,8,110.02543593496218,2,0,1
0,7,220.0658014054045,1,0,0
312,14,40.0,4,1,1
63,7,134.24866839257848,2,1,0
283,3,63.508227202805784,3,1,0
120,1,123.60730549987598,1,0,0
106,4,99.12372999579883,3,0,0
174,9,140.27509825562245,4,3,1
203,5,114.92477143591223,1,1,0
164,1,86.96063287893935,2,1,0
304,5,89.58836209744081,3,1,0
119,13,197.2983798979821,2,1,0
43,8,137.7409495384966,2,1,0
311,8,51.91485173846448,1,0,1
